location,city,property_type,bhk,bathrooms,area_sqft,floor,total_floors,age_years,furnishing,parking,lift,gym,pool,security,metro_dist_km,school_dist_km,listing_type,price
Goregaon West,Mumbai,Row House,4,4,1926.3,2.0,13,0.2,Fully Furnished,0.0,1,1,1,1,0.04,3.09,Rent,231000.0
Kopar Khairane,Navi Mumbai,Apartment,3,4,1674.5,29.0,32,42.9,Semi-Furnished,2.0,1,0,0,1,2.16,2.67,Rent,71000.0
Panvel,Navi Mumbai,Apartment,3,4,1740.1,22.0,31,9.0,Unfurnished,1.0,1,0,0,1,1.2,2.15,Rent,60000.0
Vashi,Navi Mumbai,Studio,1,1,482.3,33.0,43,1.9,Semi-Furnished,0.0,1,1,0,0,2.39,1.58,Sale,39.42
Andheri East,Mumbai,Apartment,2,3,837.3,29.0,34,0.2,Unfurnished,1.0,1,1,0,1,2.42,1.75,Sale,128.06
Andheri East,Mumbai,Row House,4,5,1794.4,23.0,29,5.8,Unfurnished,2.0,1,1,0,0,2.56,2.94,Rent,193000.0
Juhu,Mumbai,Villa,4,4,1488.8,31.0,37,8.6,Unfurnished,2.0,1,0,0,1,0.46,0.63,Sale,528.23
Airoli,Navi Mumbai,Apartment,3,4,1457.7,11.0,14,0.7,Semi-Furnished,1.0,1,0,0,1,0.01,0.83,Sale,134.03
Vashi,Navi Mumbai,Villa,5,6,2075.4,8.0,13,4.5,Semi-Furnished,2.0,1,0,0,0,2.41,1.82,Rent,186000.0
Kharghar,Navi Mumbai,Apartment,3,3,1155.0,12.0,16,13.3,Unfurnished,1.0,1,0,1,0,1.36,2.24,Rent,58000.0
Bandra West,Mumbai,Apartment,3,4,1653.5,0.0,4,0.6,Unfurnished,1.0,1,1,0,0,1.4,1.07,Sale,503.54
Ulwe,Navi Mumbai,Row House,4,5,1789.0,16.0,28,6.3,Unfurnished,1.0,1,1,0,1,0.45,2.78,Rent,77000.0
Belapur,Navi Mumbai,Villa,5,5,2580.8,33.0,38,2.2,Unfurnished,1.0,1,1,0,0,0.56,0.3,Sale,441.65
Powai,Mumbai,Apartment,4,4,2231.7,22.0,31,2.4,Unfurnished,0.0,1,1,0,1,1.11,1.81,Rent,225000.0
Andheri East,Mumbai,Apartment,2,3,1239.4,27.0,33,3.2,Unfurnished,0.0,1,0,0,1,1.04,0.77,Rent,92000.0
Andheri East,Mumbai,Villa,3,4,1665.0,30.0,39,8.2,Semi-Furnished,2.0,1,0,0,0,0.64,1.27,Rent,186000.0
Borivali West,Mumbai,Villa,5,6,2033.6,17.0,31,5.5,Semi-Furnished,0.0,1,0,0,0,0.06,3.0,Sale,444.5
Lower Parel,Mumbai,Penthouse,5,6,2705.2,25.0,39,5.9,Unfurnished,1.0,1,1,0,1,4.77,0.91,Rent,646000.0
Kurla,Mumbai,Villa,5,5,2426.7,29.0,33,2.0,Semi-Furnished,1.0,1,0,0,1,0.83,0.34,Rent,213000.0
Borivali West,Mumbai,Apartment,4,5,2295.6,26.0,32,3.9,Unfurnished,1.0,1,1,0,0,0.61,3.24,Sale,323.83
Vashi,Navi Mumbai,Penthouse,4,4,2125.8,25.0,39,6.8,Fully Furnished,1.0,1,1,0,1,2.79,3.11,Sale,401.83
Andheri West,Mumbai,Penthouse,5,5,1926.4,28.0,32,6.1,Semi-Furnished,1.0,1,0,1,0,0.52,3.16,Sale,783.03
Borivali West,Mumbai,Penthouse,4,5,2315.9,28.0,36,1.4,Semi-Furnished,2.0,1,0,0,0,3.39,1.92,Rent,251000.0
Goregaon West,Mumbai,Apartment,3,3,1630.6,3.0,6,5.1,Semi-Furnished,0.0,1,0,1,0,0.95,2.0,Rent,145000.0
Dadar,Mumbai,Apartment,2,2,1190.5,19.0,22,15.0,Unfurnished,0.0,1,0,0,1,0.65,2.73,Sale,183.66
Nerul,Navi Mumbai,Studio,1,1,527.8,15.0,23,10.1,Semi-Furnished,0.0,1,0,0,1,0.03,1.16,Rent,20000.0
Powai,Mumbai,Apartment,3,4,1251.6,24.0,35,10.0,Unfurnished,1.0,1,0,0,1,2.11,2.53,Sale,201.9
Lower Parel,Mumbai,Villa,5,5,2029.3,33.0,44,0.4,Unfurnished,0.0,1,1,0,0,1.74,2.45,Sale,1081.84
Chembur,Mumbai,Apartment,2,3,873.0,17.0,18,0.2,Fully Furnished,0.0,1,1,1,1,0.32,2.56,Sale,143.5
Bandra West,Mumbai,Villa,5,5,2406.5,12.0,26,5.6,Semi-Furnished,0.0,1,1,0,0,0.41,3.09,Sale,994.27
Vashi,Navi Mumbai,Studio,1,1,456.4,15.0,23,0.4,Semi-Furnished,1.0,1,0,0,1,0.49,2.64,Rent,18000.0
Andheri East,Mumbai,Apartment,3,4,1262.3,1.0,15,3.3,Fully Furnished,1.0,1,1,0,0,0.65,2.7,Sale,213.39
Juhu,Mumbai,Apartment,2,3,1197.7,9.0,10,0.8,Semi-Furnished,2.0,1,1,0,1,0.27,1.96,Sale,286.91
Kopar Khairane,Navi Mumbai,Apartment,2,2,936.3,21.0,31,6.5,Unfurnished,0.0,1,1,0,0,1.1,2.3,Rent,34000.0
Ulwe,Navi Mumbai,Studio,1,2,599.3,8.0,9,7.8,Semi-Furnished,1.0,1,0,0,0,0.15,1.74,Sale,22.77
Nerul,Navi Mumbai,Studio,1,1,611.5,33.0,47,8.0,Semi-Furnished,0.0,1,1,0,1,3.79,1.58,Sale,37.53
Borivali West,Mumbai,Row House,4,5,2243.4,34.0,38,9.7,Fully Furnished,1.0,1,0,0,1,0.01,2.19,Sale,434.62
Andheri West,Mumbai,Studio,1,2,577.6,22.0,26,0.1,Unfurnished,0.0,1,0,0,0,0.74,2.64,Rent,37000.0
Kharghar,Navi Mumbai,Studio,1,2,507.7,18.0,22,18.9,Semi-Furnished,0.0,1,1,0,1,0.88,0.52,Rent,16000.0
Dadar,Mumbai,Apartment,2,2,899.1,14.0,26,3.8,Semi-Furnished,1.0,1,1,0,1,0.63,1.8,Rent,105000.0
Andheri West,Mumbai,Apartment,2,2,893.8,20.0,33,0.5,Unfurnished,1.0,1,1,1,1,0.14,1.23,Sale,190.64
Worli,Mumbai,Apartment,2,2,868.8,23.0,32,12.3,Unfurnished,2.0,1,1,0,0,0.38,1.04,Sale,219.23
Bandra West,Mumbai,Apartment,1,1,519.1,22.0,23,3.0,Semi-Furnished,1.0,1,0,0,1,0.64,2.61,Rent,59000.0
Ghansoli,Navi Mumbai,Apartment,2,2,809.7,17.0,31,,Unfurnished,0.0,1,0,1,0,,0.64,Sale,67.99
Malad West,Mumbai,Apartment,3,4,1219.4,14.0,28,,Semi-Furnished,1.0,1,0,0,1,,2.55,Sale,124.92
Kharghar,Navi Mumbai,Apartment,2,3,1034.1,28.0,35,1.1,Semi-Furnished,0.0,1,0,1,0,0.85,1.64,Sale,111.37
Borivali West,Mumbai,Apartment,1,1,464.8,25.0,37,14.9,Fully Furnished,1.0,1,1,0,1,0.27,0.71,Rent,28000.0
Lower Parel,Mumbai,Apartment,2,2,1165.9,29.0,38,11.4,Fully Furnished,0.0,1,0,1,0,0.94,3.4,Sale,328.14
Santacruz West,Mumbai,Apartment,1,2,465.7,13.0,21,0.5,Semi-Furnished,1.0,1,1,0,1,0.01,1.0,Rent,46000.0
Andheri East,Mumbai,Studio,1,2,536.9,8.0,18,5.6,Semi-Furnished,1.0,1,1,1,0,0.28,2.58,Sale,60.59
Ulwe,Navi Mumbai,Apartment,2,3,1129.9,2.0,7,7.4,Fully Furnished,1.0,1,1,0,1,1.51,1.17,Rent,36000.0
Nerul,Navi Mumbai,Apartment,2,2,1193.5,10.0,11,6.2,Unfurnished,1.0,1,0,1,1,0.96,2.01,Sale,112.21
Kopar Khairane,Navi Mumbai,Studio,1,1,417.0,12.0,23,6.3,Unfurnished,1.0,1,1,1,1,0.25,0.58,Rent,13000.0
Ghansoli,Navi Mumbai,Studio,1,2,347.1,20.0,23,12.2,Semi-Furnished,2.0,1,1,0,0,0.87,2.66,Sale,17.5
Vashi,Navi Mumbai,Apartment,1,2,404.4,26.0,30,16.3,Fully Furnished,2.0,1,1,0,1,1.02,1.27,Rent,200.0
Ghansoli,Navi Mumbai,Apartment,3,3,1613.7,34.0,40,0.1,Fully Furnished,1.0,1,1,0,1,1.16,2.1,Rent,77000.0
Andheri West,Mumbai,Studio,1,2,483.4,18.0,29,,Unfurnished,,1,1,1,0,,2.28,Rent,33000.0
Powai,Mumbai,Studio,1,1,671.4,19.0,25,6.3,Unfurnished,1.0,1,1,0,0,3.41,0.84,Sale,72.71
Bandra West,Mumbai,Apartment,3,3,1270.7,6.0,10,3.7,Unfurnished,0.0,1,1,0,1,0.08,2.49,Rent,190000.0
Borivali West,Mumbai,Apartment,2,3,1147.5,25.0,39,14.9,Semi-Furnished,2.0,1,1,0,1,0.12,2.2,Sale,130.34
Thane West,Mumbai,Villa,3,3,1520.4,26.0,31,11.3,Fully Furnished,0.0,1,0,0,1,1.11,2.28,Sale,258.89
Malad West,Mumbai,Penthouse,3,4,1178.0,6.0,18,1.3,Semi-Furnished,0.0,1,1,0,1,0.91,3.45,Rent,127000.0
Belapur,Navi Mumbai,Apartment,1,1,511.4,29.0,37,1.0,Unfurnished,1.0,1,1,0,0,1.99,0.77,Sale,38.92
Goregaon West,Mumbai,Apartment,1,1,4303.0,31.0,45,1.0,Semi-Furnished,1.0,1,0,0,0,0.8,0.56,Rent,29000.0
Malad West,Mumbai,Apartment,3,4,1285.7,24.0,26,7.7,Fully Furnished,2.0,1,0,0,1,5.46,3.15,Sale,174.74
Santacruz West,Mumbai,Apartment,2,3,1167.0,6.0,15,13.8,Semi-Furnished,1.0,1,0,1,0,0.26,3.34,Sale,223.45
Andheri East,Mumbai,Apartment,2,3,1197.1,7.0,16,9.5,Unfurnished,0.0,1,1,0,1,0.81,1.6,Rent,91000.0
Nerul,Navi Mumbai,Row House,4,4,2050.9,34.0,44,3.2,Unfurnished,1.0,1,1,1,0,1.34,1.01,Rent,131000.0
Juhu,Mumbai,Apartment,2,3,1188.3,19.0,23,9.7,Unfurnished,1.0,1,0,0,1,3.04,0.43,Rent,128000.0
Dronagiri,Navi Mumbai,Apartment,2,2,1086.4,17.0,18,8.5,Fully Furnished,1.0,1,1,0,1,1.73,0.45,Sale,65.44
Nerul,Navi Mumbai,Studio,1,1,624.0,22.0,26,2.3,Fully Furnished,2.0,1,1,1,1,0.29,1.38,Sale,67.42
Powai,Mumbai,Apartment,4,5,1769.0,10.0,17,0.9,Fully Furnished,0.0,1,1,0,1,0.59,0.51,Rent,188000.0
Bandra West,Mumbai,Apartment,2,2,812.1,20.0,23,2.4,Unfurnished,1.0,1,1,0,0,0.42,2.28,Rent,100000.0
Belapur,Navi Mumbai,Apartment,2,2,944.7,18.0,28,2.3,Unfurnished,1.0,1,1,0,1,0.93,3.45,Sale,92.92
Kharghar,Navi Mumbai,Penthouse,3,3,1222.7,23.0,30,24.1,Semi-Furnished,1.0,1,0,0,1,1.67,2.71,Sale,122.78
Panvel,Navi Mumbai,Apartment,3,4,1808.1,25.0,27,13.6,Semi-Furnished,1.0,1,0,0,0,0.7,2.64,Rent,69000.0
Nerul,Navi Mumbai,Penthouse,5,6,2055.3,14.0,24,2.5,Semi-Furnished,1.0,1,0,0,1,2.79,1.4,Rent,200000.0
Juhu,Mumbai,Villa,5,6,3042.4,9.0,18,20.0,Unfurnished,1.0,1,1,0,0,0.54,0.59,Rent,624000.0
Goregaon West,Mumbai,Apartment,3,4,1675.6,27.0,39,0.8,Unfurnished,1.0,1,0,1,1,4.93,1.13,Sale,258.42
Andheri West,Mumbai,Penthouse,4,4,1632.2,21.0,29,31.8,Semi-Furnished,0.0,1,1,1,1,0.1,3.17,Sale,446.38
Airoli,Navi Mumbai,Villa,3,4,1287.1,13.0,26,12.9,Unfurnished,1.0,1,1,1,0,0.74,1.27,Sale,128.54
Vashi,Navi Mumbai,Penthouse,5,5,2436.9,25.0,29,2.0,Semi-Furnished,1.0,1,0,1,1,0.3,1.07,Sale,603.88
Goregaon West,Mumbai,Apartment,1,1,434.2,31.0,41,12.6,Fully Furnished,1.0,1,0,0,0,0.53,1.62,Rent,26000.0
Juhu,Mumbai,Studio,1,2,455.4,15.0,27,16.6,Unfurnished,0.0,1,0,0,0,0.46,3.4,Rent,33000.0
Borivali West,Mumbai,Apartment,3,3,1824.0,15.0,18,0.7,Semi-Furnished,0.0,1,1,0,1,2.69,2.41,Sale,259.76
Borivali West,Mumbai,Apartment,2,3,932.6,17.0,25,5.6,Unfurnished,2.0,1,0,1,1,2.12,2.58,Rent,54000.0
Panvel,Navi Mumbai,Studio,1,1,620.2,5.0,8,20.5,Semi-Furnished,1.0,1,0,1,0,1.11,2.41,Sale,20.98
Vashi,Navi Mumbai,Studio,1,1,422.3,22.0,36,10.5,Unfurnished,1.0,1,0,1,1,1.41,1.39,Sale,24.96
Airoli,Navi Mumbai,Villa,3,4,1238.7,1.0,13,0.3,Fully Furnished,0.0,1,0,0,1,1.58,3.33,Sale,156.76
Worli,Mumbai,Villa,3,4,1580.8,1.0,11,2.3,Fully Furnished,1.0,1,1,0,1,0.06,1.66,Sale,756.94
Andheri West,Mumbai,Row House,3,4,1254.7,22.0,36,9.8,Unfurnished,1.0,1,0,0,0,0.91,0.82,Rent,160000.0
Kharghar,Navi Mumbai,Apartment,3,4,1492.3,1.0,7,0.9,Unfurnished,2.0,1,1,0,1,0.34,3.42,Rent,78000.0
Panvel,Navi Mumbai,Apartment,2,2,797.1,14.0,23,1.1,Semi-Furnished,0.0,1,0,0,1,0.1,0.41,Sale,55.47
Santacruz West,Mumbai,Penthouse,4,4,2513.5,30.0,33,,Fully Furnished,,1,0,0,1,,2.36,Sale,927.18
Nerul,Navi Mumbai,Apartment,2,2,979.4,6.0,8,6.5,Semi-Furnished,0.0,1,0,0,1,0.17,0.79,Sale,88.09
Worli,Mumbai,Row House,4,5,1989.5,24.0,37,4.4,Fully Furnished,1.0,1,1,0,0,1.26,0.98,Rent,449000.0
Lower Parel,Mumbai,Apartment,1,2,500.9,8.0,20,0.2,Semi-Furnished,2.0,1,1,0,1,1.34,2.62,Rent,61000.0
Kurla,Mumbai,Apartment,3,4,1185.5,23.0,28,0.5,Unfurnished,1.0,1,0,1,1,0.19,2.59,Rent,69000.0
Bandra West,Mumbai,Apartment,3,4,1619.6,19.0,21,6.1,Unfurnished,1.0,1,0,1,0,0.16,1.72,Sale,440.77
Andheri West,Mumbai,Apartment,4,4,2010.4,16.0,25,4.3,Semi-Furnished,1.0,1,1,0,0,0.43,3.15,Rent,240000.0
Bandra West,Mumbai,Apartment,2,3,824.7,19.0,22,16.0,Semi-Furnished,2.0,1,0,0,1,0.31,1.55,Sale,178.33
Vashi,Navi Mumbai,Apartment,1,1,687.9,25.0,28,15.5,Semi-Furnished,1.0,1,0,0,1,2.36,2.2,Sale,43.7
Borivali West,Mumbai,Studio,1,2,497.4,19.0,28,11.4,Semi-Furnished,2.0,1,0,1,1,1.75,1.28,Sale,42.2
Lower Parel,Mumbai,Apartment,2,3,948.0,27.0,36,0.6,Unfurnished,0.0,1,1,0,0,1.22,2.92,Rent,120000.0
Ghansoli,Navi Mumbai,Apartment,3,4,1522.7,34.0,42,5.5,Unfurnished,2.0,1,0,1,1,1.45,2.77,Sale,132.44
Malad West,Mumbai,Apartment,2,2,860.3,3.0,14,18.7,Semi-Furnished,1.0,1,0,0,1,0.46,2.16,Rent,62000.0
Kurla,Mumbai,Apartment,2,2,1025.8,16.0,19,4.2,Semi-Furnished,1.0,1,0,1,1,0.59,2.41,Rent,49000.0
Panvel,Navi Mumbai,Apartment,1,1,447.1,9.0,19,2.1,Semi-Furnished,0.0,1,1,0,0,1.35,0.42,Rent,12000.0
Powai,Mumbai,Studio,1,2,562.4,34.0,42,3.0,Fully Furnished,1.0,1,0,0,1,0.61,1.25,Rent,38000.0
Juhu,Mumbai,Apartment,2,3,955.3,3.0,17,0.6,Semi-Furnished,1.0,1,1,1,0,3.39,0.7,Sale,211.02
Borivali West,Mumbai,Row House,3,4,1567.3,17.0,31,19.2,Semi-Furnished,1.0,1,1,1,0,4.86,0.58,Rent,132000.0
Andheri East,Mumbai,Villa,3,3,1568.4,17.0,29,,Fully Furnished,2.0,1,0,0,0,0.37,1.91,Sale,353.22
Kopar Khairane,Navi Mumbai,Apartment,4,5,2196.9,15.0,29,1.3,Semi-Furnished,0.0,1,0,0,1,2.09,2.82,Sale,250.61
Nerul,Navi Mumbai,Apartment,2,3,737.6,18.0,28,1.6,Semi-Furnished,0.0,1,0,0,1,0.58,2.99,Rent,35000.0
Vashi,Navi Mumbai,Apartment,1,1,522.8,8.0,20,2.1,Unfurnished,2.0,1,1,1,1,0.89,1.74,Sale,49.92
Airoli,Navi Mumbai,Apartment,2,2,792.5,25.0,39,5.1,Unfurnished,1.0,1,1,0,1,0.18,1.52,Rent,32000.0
Nerul,Navi Mumbai,Apartment,1,1,450.7,8.0,16,7.4,Semi-Furnished,0.0,1,1,0,1,0.96,3.38,Sale,34.77
Andheri East,Mumbai,Apartment,1,2,454.0,11.0,24,2.3,Semi-Furnished,1.0,1,1,0,1,2.13,1.02,Sale,64.04
Ghansoli,Navi Mumbai,Apartment,4,4,1562.5,27.0,39,9.2,Semi-Furnished,1.0,1,0,0,1,2.65,2.39,Sale,126.82
Santacruz West,Mumbai,Apartment,3,4,1877.4,7.0,19,9.2,Semi-Furnished,1.0,1,0,0,0,0.43,2.64,Rent,217000.0
Nerul,Navi Mumbai,Villa,5,6,2585.5,22.0,33,5.9,Unfurnished,1.0,1,0,0,1,1.0,1.14,Rent,196000.0
Ghansoli,Navi Mumbai,Studio,1,1,372.1,22.0,26,2.1,Semi-Furnished,1.0,1,0,0,0,0.82,1.21,Rent,11000.0
Borivali West,Mumbai,Villa,4,5,1609.9,18.0,20,8.8,Semi-Furnished,0.0,1,0,0,0,0.82,0.69,Sale,308.56
Andheri West,Mumbai,Apartment,3,3,1465.4,0.0,10,1.4,Unfurnished,0.0,1,0,0,1,1.06,1.66,Sale,288.59
Powai,Mumbai,Studio,1,1,590.9,17.0,29,0.1,Semi-Furnished,1.0,1,0,1,0,0.42,1.15,Sale,85.03
Kurla,Mumbai,Apartment,3,3,1609.5,12.0,16,40.5,Fully Furnished,1.0,1,1,0,0,2.73,1.12,Rent,93000.0
Belapur,Navi Mumbai,Apartment,3,4,1474.7,8.0,12,5.0,Semi-Furnished,2.0,1,1,1,0,0.59,1.5,Sale,152.2
Airoli,Navi Mumbai,Row House,3,4,1442.5,12.0,22,6.0,Unfurnished,1.0,1,0,0,1,1.64,1.04,Sale,133.79
Bandra West,Mumbai,Apartment,1,2,599.1,34.0,41,1.1,Semi-Furnished,1.0,1,0,1,1,0.37,2.9,Sale,161.65
Lower Parel,Mumbai,Apartment,2,2,876.9,23.0,25,20.3,Semi-Furnished,1.0,1,0,0,1,0.15,1.3,Rent,129000.0
Kurla,Mumbai,Villa,3,4,1146.0,7.0,10,20.4,Semi-Furnished,2.0,1,0,0,1,1.36,1.11,Rent,86000.0
Powai,Mumbai,Row House,3,3,1827.7,22.0,31,12.0,Semi-Furnished,1.0,1,0,0,0,0.78,2.84,Sale,355.56
Andheri West,Mumbai,Penthouse,5,5,2967.5,30.0,31,2.5,Unfurnished,1.0,1,0,0,0,0.52,3.06,Rent,589000.0
Goregaon West,Mumbai,Apartment,3,3,1328.5,31.0,45,17.0,Unfurnished,0.0,1,0,0,0,0.22,1.78,Rent,114000.0
Kopar Khairane,Navi Mumbai,Apartment,2,3,1222.6,,22,,Semi-Furnished,,1,1,0,1,,1.64,Sale,98.12
Borivali West,Mumbai,Apartment,3,3,1573.8,24.0,29,2.1,Unfurnished,1.0,1,1,0,1,0.13,2.07,Sale,244.5
Lower Parel,Mumbai,Apartment,3,3,1234.1,0.0,1,8.6,Semi-Furnished,0.0,0,1,0,0,1.66,3.24,Sale,307.56
Kharghar,Navi Mumbai,Apartment,3,4,1230.7,12.0,13,4.1,Semi-Furnished,1.0,1,1,1,0,1.81,1.77,Sale,115.53
Goregaon West,Mumbai,Penthouse,5,6,2252.2,28.0,33,5.4,Fully Furnished,1.0,1,1,0,0,2.81,0.52,Sale,672.27
Ulwe,Navi Mumbai,Penthouse,3,4,1200.9,34.0,48,3.3,Fully Furnished,2.0,1,0,0,0,3.68,0.49,Rent,53000.0
Ulwe,Navi Mumbai,Apartment,2,2,1176.9,18.0,27,0.5,Fully Furnished,0.0,1,1,0,0,3.73,1.09,Sale,77.74
Malad West,Mumbai,Row House,5,6,2137.7,22.0,29,1.6,Unfurnished,1.0,1,0,0,1,0.21,2.51,Sale,481.99
Worli,Mumbai,Apartment,2,3,1161.7,5.0,8,3.3,Semi-Furnished,0.0,1,0,1,1,0.52,0.44,Sale,322.51
Borivali West,Mumbai,Apartment,4,4,2005.1,15.0,29,4.6,Fully Furnished,1.0,1,1,0,1,1.64,2.94,Sale,343.7
Borivali West,Mumbai,Studio,1,1,512.2,9.0,16,12.2,Semi-Furnished,1.0,1,0,0,1,1.29,2.11,Rent,21000.0
Bandra West,Mumbai,Penthouse,4,5,2303.5,1.0,5,5.1,Semi-Furnished,0.0,1,0,0,1,2.31,2.62,Rent,480000.0
Vashi,Navi Mumbai,Apartment,2,3,803.8,1.0,10,2.0,Fully Furnished,1.0,1,0,0,1,1.51,1.07,Sale,87.59
Lower Parel,Mumbai,Apartment,1,1,372.0,28.0,32,21.3,Fully Furnished,1.0,1,1,0,0,0.75,1.03,Sale,66.5
Juhu,Mumbai,Villa,4,5,1826.7,2.0,4,17.4,Semi-Furnished,1.0,1,0,0,1,2.15,3.45,Rent,336000.0
Malad West,Mumbai,Villa,3,4,1703.0,24.0,34,0.5,Semi-Furnished,1.0,1,0,0,1,1.3,1.0,Rent,178000.0
Ghansoli,Navi Mumbai,Apartment,2,2,947.4,11.0,21,5.2,Fully Furnished,1.0,1,0,0,0,0.0,0.43,Rent,34000.0
Malad West,Mumbai,Penthouse,4,5,1685.4,2.0,9,9.2,Fully Furnished,2.0,1,1,0,1,0.09,3.17,Sale,424.88
Andheri East,Mumbai,Apartment,3,4,1386.7,18.0,24,1.6,Fully Furnished,0.0,1,0,0,0,2.11,2.67,Sale,230.43
Worli,Mumbai,Villa,3,4,1287.8,10.0,16,13.7,Semi-Furnished,1.0,1,1,0,1,0.9,1.13,Sale,467.37
Dronagiri,Navi Mumbai,Apartment,1,2,540.0,12.0,14,3.3,Semi-Furnished,2.0,1,1,1,1,1.07,0.91,Rent,13000.0
Malad West,Mumbai,Studio,1,1,360.4,9.0,14,11.4,Unfurnished,0.0,1,0,0,1,0.39,2.09,Rent,17000.0
Kharghar,Navi Mumbai,Apartment,4,4,1834.6,21.0,33,13.4,Unfurnished,0.0,1,1,0,0,1.34,1.38,Rent,96000.0
Panvel,Navi Mumbai,Apartment,2,2,941.6,26.0,36,4.9,Fully Furnished,0.0,1,1,0,0,0.07,2.97,Sale,73.7
Malad West,Mumbai,Apartment,2,2,869.2,19.0,22,13.8,Semi-Furnished,1.0,1,0,0,1,0.32,1.59,Sale,96.01
Panvel,Navi Mumbai,Penthouse,4,4,2043.5,18.0,20,4.3,Semi-Furnished,1.0,1,0,0,1,0.07,1.85,Rent,130000.0
Goregaon West,Mumbai,Row House,4,4,1828.9,11.0,13,0.1,Fully Furnished,1.0,1,1,0,1,3.24,2.14,Rent,179000.0
Vashi,Navi Mumbai,Apartment,3,4,1187.1,12.0,21,1.0,Semi-Furnished,0.0,1,1,1,1,0.43,0.89,Rent,75000.0
Vashi,Navi Mumbai,Villa,3,4,1819.2,26.0,33,1.6,Unfurnished,0.0,1,1,0,1,0.03,0.41,Sale,321.09
Santacruz West,Mumbai,Apartment,3,4,1589.1,27.0,35,0.9,Fully Furnished,0.0,1,0,0,1,0.13,1.67,Rent,196000.0
Andheri West,Mumbai,Studio,1,1,596.1,4.0,17,3.4,Unfurnished,1.0,1,1,0,1,4.51,1.51,Sale,74.69
Belapur,Navi Mumbai,Villa,5,6,2892.1,33.0,42,6.3,Semi-Furnished,0.0,1,0,0,1,0.31,1.23,Sale,525.36
Borivali West,Mumbai,Apartment,1,1,441.7,25.0,26,2.9,Fully Furnished,0.0,1,0,0,0,3.26,0.72,Rent,23000.0
Andheri East,Mumbai,Villa,4,5,1968.5,25.0,34,11.2,Fully Furnished,1.0,1,0,0,1,1.43,0.57,Sale,480.95
Bandra West,Mumbai,Row House,3,3,1193.2,22.0,28,5.7,Unfurnished,2.0,1,0,0,1,2.34,1.28,Sale,373.18
Chembur,Mumbai,Apartment,2,3,1217.4,1.0,6,0.1,Semi-Furnished,1.0,1,0,0,0,0.52,2.56,Sale,153.39
Kharghar,Navi Mumbai,Apartment,4,5,16730.0,30.0,34,,Semi-Furnished,0.0,1,1,0,1,,1.69,Sale,174.35
Bandra West,Mumbai,Apartment,2,3,1193.0,27.0,35,18.7,Unfurnished,1.0,1,1,0,1,0.47,3.35,Sale,260.44
Lower Parel,Mumbai,Row House,4,5,2100.1,19.0,23,0.9,Fully Furnished,1.0,1,1,0,0,0.51,2.84,Rent,394000.0
Powai,Mumbai,Studio,1,2,385.9,1.0,15,8.3,Fully Furnished,2.0,1,0,0,1,0.62,0.84,Rent,26000.0
Vashi,Navi Mumbai,Penthouse,4,5,1550.8,4.0,6,0.7,Semi-Furnished,0.0,1,1,1,0,2.71,0.39,Rent,142000.0
Andheri East,Mumbai,Apartment,2,2,1090.4,0.0,5,1.8,Semi-Furnished,1.0,1,0,0,1,0.71,3.39,Sale,161.74
Kharghar,Navi Mumbai,Apartment,1,1,477.5,33.0,40,3.4,Unfurnished,1.0,1,1,0,0,1.1,2.06,Rent,17000.0
Thane West,Mumbai,Apartment,3,4,1473.8,21.0,28,0.9,Unfurnished,0.0,1,1,0,1,0.06,3.34,Rent,81000.0
Kopar Khairane,Navi Mumbai,Villa,4,4,2019.3,16.0,20,,Unfurnished,,1,0,0,0,,3.46,Sale,246.62
Andheri West,Mumbai,Apartment,3,4,1673.3,21.0,27,21.4,Unfurnished,0.0,1,0,0,1,0.16,1.23,Sale,253.68
Goregaon West,Mumbai,Apartment,2,3,706.4,3.0,11,21.7,Fully Furnished,0.0,1,0,0,0,0.85,2.79,Sale,77.22
Andheri West,Mumbai,Row House,3,3,1304.0,1.0,10,10.5,Unfurnished,0.0,1,1,0,0,2.38,2.91,Rent,140000.0
Kopar Khairane,Navi Mumbai,Penthouse,5,5,2224.4,9.0,10,3.5,Semi-Furnished,1.0,1,0,0,1,1.54,0.86,Rent,202000.0
Airoli,Navi Mumbai,Apartment,2,2,773.5,31.0,35,2.7,Unfurnished,1.0,1,0,1,1,1.48,0.64,Rent,29000.0
Malad West,Mumbai,Villa,4,4,1941.1,32.0,38,11.5,Unfurnished,2.0,1,0,1,1,0.42,1.15,Rent,207000.0
Kharghar,Navi Mumbai,Apartment,2,3,691.5,4.0,11,4.0,Unfurnished,1.0,1,1,0,1,0.3,1.72,Rent,34000.0
Belapur,Navi Mumbai,Row House,3,4,1605.2,30.0,33,9.3,Unfurnished,1.0,1,0,1,0,0.39,3.28,Sale,197.5
Santacruz West,Mumbai,Apartment,3,3,1447.3,0.0,3,5.4,Unfurnished,1.0,1,1,0,0,0.08,2.2,Rent,167000.0
Lower Parel,Mumbai,Row House,4,5,2341.9,20.0,21,,Fully Furnished,,1,1,1,1,,1.28,Rent,563000.0
Malad West,Mumbai,Apartment,3,4,1218.7,30.0,43,4.2,Semi-Furnished,0.0,1,1,1,0,0.66,2.98,Sale,201.38
Andheri West,Mumbai,Row House,4,5,1876.5,20.0,28,0.3,Fully Furnished,1.0,1,0,0,0,1.7,2.16,Sale,518.94
Ghansoli,Navi Mumbai,Apartment,1,2,559.2,27.0,33,1.6,Fully Furnished,1.0,1,0,1,1,0.7,1.13,Sale,44.22
Ghansoli,Navi Mumbai,Row House,4,5,1674.2,1.0,10,10.0,Semi-Furnished,0.0,1,0,0,0,1.11,1.33,Rent,92000.0
Vashi,Navi Mumbai,Villa,4,5,1605.9,19.0,20,0.1,Semi-Furnished,0.0,1,1,0,1,1.79,1.0,Sale,313.16
Goregaon West,Mumbai,Studio,1,1,451.8,,31,,Unfurnished,,1,0,0,1,,2.72,Sale,36.25
Goregaon West,Mumbai,Apartment,2,3,677.8,25.0,26,0.8,Semi-Furnished,2.0,1,0,1,1,3.5,2.47,Sale,96.99
Panvel,Navi Mumbai,Apartment,2,3,947.8,,19,,Semi-Furnished,,1,1,1,1,,1.06,Sale,84.13
Ghansoli,Navi Mumbai,Apartment,2,3,1136.7,28.0,34,1.3,Semi-Furnished,1.0,1,0,0,0,0.24,0.32,Sale,104.57
Airoli,Navi Mumbai,Apartment,2,3,867.8,18.0,29,16.9,Semi-Furnished,1.0,1,0,0,0,1.72,3.3,Rent,33000.0
Nerul,Navi Mumbai,Penthouse,5,5,2702.1,28.0,41,1.2,Semi-Furnished,1.0,1,1,0,0,0.73,0.61,Sale,588.35
Vashi,Navi Mumbai,Row House,5,6,2603.0,24.0,33,1.7,Unfurnished,1.0,1,1,1,1,1.9,0.73,Rent,217000.0
Andheri West,Mumbai,Penthouse,3,4,1548.4,25.0,34,2.1,Unfurnished,1.0,1,0,0,1,2.84,0.74,Rent,209000.0
Andheri East,Mumbai,Apartment,1,2,445.2,17.0,30,13.0,Semi-Furnished,1.0,1,1,0,0,1.22,0.53,Sale,52.07
Ghansoli,Navi Mumbai,Apartment,4,5,2109.9,11.0,12,8.8,Unfurnished,2.0,1,0,0,0,1.24,1.19,Sale,179.87
Vashi,Navi Mumbai,Apartment,1,2,573.5,7.0,10,0.1,Unfurnished,1.0,1,0,0,0,0.66,2.6,Sale,52.0
Bandra West,Mumbai,Apartment,2,2,919.3,27.0,32,12.4,Semi-Furnished,1.0,1,1,0,1,0.8,0.95,Rent,115000.0
Andheri West,Mumbai,Studio,1,1,448.5,1.0,2,14.2,Fully Furnished,0.0,1,1,0,0,0.29,1.1,Sale,54.32
Kharghar,Navi Mumbai,Row House,4,5,2072.5,6.0,14,0.7,Semi-Furnished,1.0,1,1,0,0,0.63,3.27,Sale,283.17
Bandra West,Mumbai,Villa,4,4,1527.9,18.0,21,3.9,Semi-Furnished,2.0,1,1,0,1,4.33,0.32,Sale,651.2
Andheri East,Mumbai,Apartment,2,2,924.1,28.0,31,7.1,Unfurnished,0.0,1,1,0,0,1.45,1.26,Sale,140.45
Santacruz West,Mumbai,Apartment,3,4,1267.2,24.0,25,,Semi-Furnished,2.0,1,1,0,0,2.23,0.75,Rent,141000.0
Kharghar,Navi Mumbai,Apartment,1,1,622.4,21.0,28,13.3,Unfurnished,2.0,1,0,0,1,1.03,2.36,Sale,40.41
Vashi,Navi Mumbai,Apartment,1,1,448.0,4.0,8,,Semi-Furnished,1.0,1,0,0,1,,1.85,Rent,19000.0
Powai,Mumbai,Apartment,1,1,393.5,34.0,46,10.1,Semi-Furnished,1.0,1,0,0,1,3.27,0.96,Rent,27000.0
Kharghar,Navi Mumbai,Villa,4,5,2036.1,24.0,38,17.5,Fully Furnished,0.0,1,0,0,0,1.15,3.37,Rent,147000.0
Malad West,Mumbai,Row House,3,3,1343.3,17.0,24,3.8,Unfurnished,1.0,1,0,0,1,2.3,2.16,Rent,109000.0
Borivali West,Mumbai,Apartment,2,2,1100.1,18.0,23,4.8,Semi-Furnished,1.0,1,1,1,1,0.49,1.87,Sale,150.3
Panvel,Navi Mumbai,Apartment,3,3,1539.1,23.0,28,0.8,Fully Furnished,0.0,1,0,0,1,2.52,1.23,Sale,123.09
Vashi,Navi Mumbai,Apartment,3,3,1368.7,23.0,34,,Unfurnished,,1,0,0,1,,2.1,Sale,140.45
Belapur,Navi Mumbai,Apartment,1,2,528.0,30.0,38,1.5,Unfurnished,1.0,1,0,0,0,0.16,2.17,Rent,21000.0
Kharghar,Navi Mumbai,Villa,3,4,1384.5,7.0,11,9.1,Semi-Furnished,0.0,1,0,0,1,2.41,2.23,Sale,165.1
Chembur,Mumbai,Villa,4,4,1893.3,25.0,37,0.1,Unfurnished,1.0,1,1,0,1,0.75,1.46,Sale,474.73
Andheri West,Mumbai,Apartment,3,3,1204.8,8.0,11,1.3,Semi-Furnished,0.0,1,1,0,1,0.27,2.69,Rent,132000.0
Goregaon West,Mumbai,Penthouse,4,5,1774.8,3.0,15,4.7,Semi-Furnished,2.0,1,0,0,0,1.18,0.47,Rent,217000.0
Malad West,Mumbai,Row House,4,4,2274.9,14.0,21,5.0,Semi-Furnished,0.0,1,0,0,0,0.54,0.59,Sale,465.4
Malad West,Mumbai,Apartment,1,2,576.4,23.0,24,17.7,Unfurnished,2.0,1,1,0,1,0.89,1.14,Sale,53.66
Ulwe,Navi Mumbai,Villa,4,5,1905.9,7.0,11,3.0,Fully Furnished,2.0,1,0,0,0,0.2,2.86,Rent,98000.0
Thane West,Mumbai,Villa,3,4,1164.0,24.0,31,4.8,Unfurnished,1.0,1,0,1,0,0.52,1.64,Sale,190.98
Ghansoli,Navi Mumbai,Apartment,2,3,1064.4,17.0,26,1.3,Fully Furnished,1.0,1,0,0,0,0.49,0.36,Rent,46000.0
Vashi,Navi Mumbai,Apartment,3,3,1721.5,17.0,28,16.3,Unfurnished,2.0,1,0,1,1,1.33,2.43,Sale,135.6
Nerul,Navi Mumbai,Apartment,4,5,1816.6,18.0,29,0.5,Semi-Furnished,1.0,1,0,0,1,0.11,1.27,Rent,107000.0
Lower Parel,Mumbai,Villa,4,5,2337.0,23.0,25,2.6,Fully Furnished,1.0,1,0,1,0,0.7,1.5,Rent,626000.0
Chembur,Mumbai,Apartment,3,3,1868.0,28.0,37,2.9,Unfurnished,1.0,1,0,0,1,1.48,1.45,Sale,260.79
Worli,Mumbai,Apartment,2,2,1172.5,24.0,25,0.3,Fully Furnished,1.0,1,0,0,1,0.22,0.91,Sale,342.81
Powai,Mumbai,Apartment,2,2,1140.6,15.0,22,2.2,Fully Furnished,1.0,1,1,0,1,0.05,2.12,Sale,223.11
Panvel,Navi Mumbai,Penthouse,4,4,2352.1,24.0,32,16.6,Semi-Furnished,1.0,1,0,1,1,0.84,0.49,Rent,136000.0
Malad West,Mumbai,Row House,3,4,1833.3,4.0,17,5.3,Unfurnished,0.0,1,0,0,1,1.63,1.2,Rent,155000.0
Bandra West,Mumbai,Apartment,2,2,1055.4,26.0,34,4.1,Fully Furnished,1.0,1,1,0,1,0.07,3.14,Sale,292.14
Vashi,Navi Mumbai,Apartment,2,2,1088.4,16.0,25,2.6,Fully Furnished,1.0,1,1,1,0,2.62,0.74,Sale,118.97
Andheri East,Mumbai,Apartment,1,1,568.8,25.0,29,8.9,Fully Furnished,2.0,1,0,1,1,0.97,0.67,Rent,45000.0
Kopar Khairane,Navi Mumbai,Apartment,2,3,8261.0,33.0,44,6.8,Semi-Furnished,1.0,1,1,0,0,0.04,1.9,Sale,75.39
Ulwe,Navi Mumbai,Studio,1,1,471.6,29.0,30,20.7,Semi-Furnished,1.0,1,1,0,0,3.52,2.62,Sale,15.15
Ghansoli,Navi Mumbai,Apartment,3,3,1655.7,11.0,16,9.1,Semi-Furnished,1.0,1,0,1,0,0.38,1.88,Sale,141.21
Goregaon West,Mumbai,Row House,3,3,1286.2,20.0,25,15.5,Semi-Furnished,0.0,1,0,1,1,4.92,2.99,Sale,187.79
Bandra West,Mumbai,Apartment,2,3,1221.1,23.0,24,13.1,Fully Furnished,1.0,1,0,1,1,4.74,0.8,Rent,168000.0
Kopar Khairane,Navi Mumbai,Apartment,3,4,1639.5,18.0,25,3.2,Fully Furnished,1.0,1,1,1,0,0.09,1.1,Sale,185.26
Kurla,Mumbai,Studio,1,1,567.5,,41,,Unfurnished,,1,0,0,1,,1.97,Rent,20000.0
Ulwe,Navi Mumbai,Apartment,3,4,1376.8,16.0,22,6.6,Semi-Furnished,1.0,1,0,1,0,1.28,1.39,Sale,89.43
Ulwe,Navi Mumbai,Villa,4,5,2376.9,15.0,23,2.2,Semi-Furnished,1.0,1,1,1,1,0.11,2.44,Sale,265.08
Belapur,Navi Mumbai,Apartment,1,2,386.1,2.0,5,13.5,Fully Furnished,1.0,1,0,0,1,1.05,2.01,Sale,26.33
Borivali West,Mumbai,Apartment,3,3,1519.5,23.0,35,2.6,Fully Furnished,1.0,1,0,0,0,1.56,0.94,Sale,217.01
Thane West,Mumbai,Apartment,3,4,1576.7,0.0,12,25.2,Unfurnished,0.0,1,0,0,1,2.04,2.06,Sale,133.58
Belapur,Navi Mumbai,Penthouse,3,3,1753.1,1.0,7,1.8,Semi-Furnished,1.0,1,0,0,0,1.55,0.91,Rent,130000.0
Borivali West,Mumbai,Row House,3,4,1343.5,33.0,44,2.0,Semi-Furnished,0.0,1,0,0,1,0.51,2.69,Sale,234.8
Andheri East,Mumbai,Row House,3,4,1390.5,23.0,37,,Unfurnished,2.0,1,1,0,1,,0.44,Rent,140000.0
Santacruz West,Mumbai,Apartment,3,3,1289.2,2.0,6,11.2,Fully Furnished,1.0,1,0,0,1,1.53,1.45,Rent,149000.0
Kopar Khairane,Navi Mumbai,Studio,1,1,482.7,8.0,14,4.3,Fully Furnished,2.0,1,0,0,1,0.12,1.04,Sale,35.28
Kharghar,Navi Mumbai,Villa,5,5,2034.2,15.0,20,6.3,Fully Furnished,2.0,1,1,0,1,1.85,0.36,Rent,178000.0
Chembur,Mumbai,Apartment,2,3,857.6,3.0,8,5.8,Fully Furnished,0.0,1,0,1,0,0.14,2.12,Rent,64000.0
Andheri West,Mumbai,Row House,5,5,2391.6,22.0,29,1.3,Fully Furnished,0.0,1,0,1,1,0.08,2.21,Sale,886.65
Vashi,Navi Mumbai,Studio,1,2,592.0,25.0,29,0.8,Fully Furnished,1.0,1,0,0,0,1.6,1.75,Sale,51.84
Dronagiri,Navi Mumbai,Penthouse,4,4,1973.2,19.0,29,10.5,Fully Furnished,2.0,1,1,0,0,0.16,0.64,Sale,2.1648
Andheri West,Mumbai,Studio,1,2,579.4,33.0,46,6.1,Semi-Furnished,1.0,1,0,1,1,3.8,2.94,Sale,74.95
Lower Parel,Mumbai,Apartment,1,1,377.5,0.0,4,5.4,Fully Furnished,1.0,1,1,1,1,1.65,1.05,Sale,97.43
Airoli,Navi Mumbai,Apartment,1,1,519.3,4.0,6,3.5,Unfurnished,1.0,1,0,0,1,1.52,2.68,Sale,33.96
Panvel,Navi Mumbai,Apartment,3,3,1428.2,25.0,32,16.7,Fully Furnished,0.0,1,0,0,0,2.88,2.33,Sale,85.5
Kharghar,Navi Mumbai,Apartment,4,5,1776.8,24.0,26,2.6,Unfurnished,1.0,1,0,0,0,0.48,1.21,Rent,87000.0
Kharghar,Navi Mumbai,Apartment,2,3,852.0,3.0,6,13.5,Unfurnished,2.0,1,0,1,1,1.29,1.93,Sale,60.85
Goregaon West,Mumbai,Apartment,3,3,1746.7,18.0,26,0.3,Semi-Furnished,1.0,1,0,0,1,2.29,1.85,Rent,120000.0
Borivali West,Mumbai,Apartment,2,2,1139.7,3.0,14,5.3,Unfurnished,2.0,1,1,0,1,2.52,2.06,Rent,60000.0
Nerul,Navi Mumbai,Studio,1,1,477.0,12.0,19,3.9,Unfurnished,2.0,1,0,0,1,0.83,1.29,Sale,35.07
Nerul,Navi Mumbai,Villa,4,5,1622.0,12.0,26,15.0,Unfurnished,1.0,1,0,0,0,2.05,1.45,Rent,112000.0
Airoli,Navi Mumbai,Apartment,3,3,1593.5,29.0,30,13.3,Semi-Furnished,0.0,1,0,0,1,2.28,1.24,Rent,64000.0
Ghansoli,Navi Mumbai,Apartment,2,3,786.9,7.0,16,12.6,Fully Furnished,1.0,1,0,0,0,0.04,3.33,Sale,51.12
Lower Parel,Mumbai,Apartment,1,2,542.5,9.0,10,12.0,Unfurnished,1.0,1,0,0,1,0.59,1.41,Sale,90.85
Lower Parel,Mumbai,Row House,4,4,1729.4,1.0,8,4.9,Fully Furnished,0.0,1,0,0,1,0.96,2.91,Sale,725.4
Nerul,Navi Mumbai,Penthouse,4,4,1629.5,23.0,27,0.1,Fully Furnished,1.0,1,1,0,1,2.99,3.49,Rent,153000.0
Vashi,Navi Mumbai,Apartment,2,2,900.9,24.0,27,9.2,Unfurnished,0.0,1,0,1,1,3.19,1.85,Rent,43000.0
Kharghar,Navi Mumbai,Apartment,3,4,1492.2,14.0,24,2.3,Semi-Furnished,1.0,1,0,0,0,0.33,3.26,Sale,130.07
Nerul,Navi Mumbai,Apartment,1,2,330.5,31.0,32,5.7,Fully Furnished,1.0,1,1,0,1,1.25,0.36,Sale,30.88
Airoli,Navi Mumbai,Studio,1,1,388.7,27.0,28,1.0,Semi-Furnished,1.0,1,1,0,0,2.65,0.33,Rent,11000.0
Goregaon West,Mumbai,Apartment,3,4,1470.2,9.0,22,3.8,Fully Furnished,2.0,1,0,0,1,2.86,2.87,Rent,116000.0
Thane West,Mumbai,Apartment,2,2,1206.1,25.0,39,,Unfurnished,1.0,1,0,1,1,0.97,1.99,Rent,65000.0
Andheri West,Mumbai,Villa,5,5,2611.0,2.0,5,1.0,Fully Furnished,1.0,1,1,0,1,0.3,1.72,Sale,1015.33
Chembur,Mumbai,Studio,1,1,478.9,14.0,28,5.0,Semi-Furnished,1.0,1,0,0,0,2.4,1.9,Rent,21000.0
Bandra West,Mumbai,Apartment,3,3,1426.2,12.0,23,15.3,Semi-Furnished,1.0,1,0,0,1,1.77,0.97,Rent,191000.0
Dadar,Mumbai,Apartment,2,2,767.9,2.0,4,3.3,Semi-Furnished,1.0,1,0,0,0,2.01,2.03,Sale,128.25
Santacruz West,Mumbai,Apartment,4,5,2269.6,13.0,14,19.0,Unfurnished,1.0,1,0,0,1,0.73,0.85,Rent,296000.0
Borivali West,Mumbai,Apartment,1,2,406.2,14.0,28,4.0,Semi-Furnished,2.0,1,0,1,1,1.01,1.4,Sale,44.15
Chembur,Mumbai,Apartment,3,4,1514.4,2.0,8,14.2,Semi-Furnished,1.0,1,1,1,0,0.91,1.21,Sale,158.98
Bandra West,Mumbai,Apartment,3,4,1230.2,21.0,32,2.7,Semi-Furnished,0.0,1,0,0,1,0.36,0.91,Rent,163000.0
Bandra West,Mumbai,Studio,1,2,459.4,4.0,14,23.3,Semi-Furnished,0.0,1,0,1,0,0.12,2.73,Sale,59.15
Belapur,Navi Mumbai,Studio,1,2,408.8,29.0,38,5.5,Unfurnished,2.0,1,1,0,0,0.13,1.88,Rent,15000.0
Goregaon West,Mumbai,Apartment,1,2,392.2,16.0,17,0.3,Fully Furnished,2.0,1,0,1,0,4.09,1.99,Rent,26000.0
Andheri West,Mumbai,Apartment,1,1,566.6,23.0,31,14.2,Unfurnished,1.0,1,0,0,1,1.63,2.42,Sale,73.85
Lower Parel,Mumbai,Apartment,2,3,1175.0,20.0,30,10.7,Fully Furnished,0.0,1,1,0,1,2.12,1.42,Sale,304.84
Nerul,Navi Mumbai,Apartment,1,2,507.9,34.0,38,1.2,Fully Furnished,0.0,1,1,0,1,1.47,1.05,Sale,51.28
Powai,Mumbai,Apartment,2,3,984.2,12.0,23,1.5,Fully Furnished,1.0,1,1,0,1,0.15,0.55,Rent,79000.0
Vashi,Navi Mumbai,Apartment,2,2,1164.9,22.0,24,,Semi-Furnished,,1,1,0,1,,0.38,Sale,119.99
Andheri West,Mumbai,Villa,3,3,1669.1,16.0,28,5.9,Semi-Furnished,1.0,1,0,0,1,0.23,2.21,Sale,494.81
Juhu,Mumbai,Apartment,2,2,946.0,2.0,15,1.5,Unfurnished,1.0,1,0,0,1,0.19,2.07,Sale,214.34
Santacruz West,Mumbai,Apartment,1,2,523.0,30.0,41,0.2,Fully Furnished,0.0,1,0,0,0,1.22,0.54,Rent,46000.0
Santacruz West,Mumbai,Apartment,2,2,1131.9,30.0,35,15.6,Semi-Furnished,1.0,1,0,0,0,4.94,3.37,Rent,114000.0
Vashi,Navi Mumbai,Apartment,3,3,1728.4,12.0,18,12.7,Semi-Furnished,1.0,1,0,1,0,2.46,1.94,Rent,88000.0
Panvel,Navi Mumbai,Apartment,3,4,1533.1,18.0,25,8.8,Unfurnished,2.0,1,1,1,1,3.25,3.05,Sale,96.74
Ulwe,Navi Mumbai,Studio,1,2,566.7,7.0,11,4.9,Fully Furnished,1.0,1,1,0,1,0.35,3.13,Sale,28.71
Lower Parel,Mumbai,Apartment,2,2,783.5,30.0,34,5.6,Fully Furnished,1.0,1,0,0,1,3.84,3.28,Sale,195.36
Borivali West,Mumbai,Villa,3,3,1583.7,18.0,27,1.8,Semi-Furnished,2.0,1,1,1,0,0.62,1.56,Rent,151000.0
Nerul,Navi Mumbai,Apartment,2,3,1116.8,24.0,30,19.9,Semi-Furnished,0.0,1,1,0,1,0.91,1.12,Sale,87.56
Malad West,Mumbai,Studio,1,2,537.0,34.0,39,0.8,Fully Furnished,1.0,1,1,1,0,2.06,0.42,Sale,65.5
Dadar,Mumbai,Apartment,1,2,381.2,27.0,40,4.7,Semi-Furnished,1.0,1,0,0,1,1.47,1.87,Sale,66.78
Andheri West,Mumbai,Apartment,3,3,1215.2,15.0,17,42.2,Fully Furnished,2.0,1,0,0,1,0.44,0.86,Sale,198.29
Bandra West,Mumbai,Villa,5,5,2727.7,6.0,20,2.6,Unfurnished,2.0,1,0,0,1,0.46,2.68,Sale,1151.42
Ulwe,Navi Mumbai,Penthouse,5,5,1968.0,21.0,23,3.3,Unfurnished,1.0,1,0,0,0,0.9,3.14,Sale,257.76
Belapur,Navi Mumbai,Row House,5,6,2549.7,33.0,40,2.1,Unfurnished,1.0,1,0,0,0,1.08,0.53,Rent,170000.0
Kharghar,Navi Mumbai,Apartment,3,3,1717.0,30.0,43,1.2,Fully Furnished,1.0,1,1,0,0,1.33,0.4,Sale,192.08
Kurla,Mumbai,Villa,4,4,2308.8,17.0,25,5.0,Fully Furnished,1.0,1,0,0,1,0.23,2.15,Rent,208000.0
Andheri East,Mumbai,Apartment,2,3,1062.4,0.0,13,0.5,Fully Furnished,1.0,1,1,1,1,0.64,2.51,Rent,88000.0
Andheri East,Mumbai,Apartment,4,4,1642.6,18.0,24,10.0,Semi-Furnished,2.0,1,0,0,0,0.71,0.53,Sale,294.41
Malad West,Mumbai,Penthouse,5,5,2661.5,0.0,8,0.8,Semi-Furnished,2.0,1,0,0,1,0.75,2.88,Sale,705.13
Santacruz West,Mumbai,Apartment,2,3,837.3,18.0,30,6.1,Unfurnished,1.0,1,0,1,1,0.57,1.72,Rent,91000.0
Kharghar,Navi Mumbai,Apartment,4,5,1633.9,27.0,33,2.0,Fully Furnished,1.0,1,1,1,0,1.14,0.58,Sale,211.31
Kharghar,Navi Mumbai,Apartment,3,3,1545.9,12.0,19,4.9,Fully Furnished,0.0,1,0,0,0,0.5,2.87,Rent,83000.0
Malad West,Mumbai,Row House,4,5,1727.8,6.0,20,3.6,Fully Furnished,1.0,1,1,0,0,3.71,2.23,Sale,347.66
Ulwe,Navi Mumbai,Penthouse,3,4,1219.8,15.0,23,4.2,Semi-Furnished,1.0,1,0,1,0,0.85,3.0,Sale,121.52
Panvel,Navi Mumbai,Apartment,3,4,1455.3,1.0,2,7.4,Unfurnished,1.0,1,0,0,1,2.32,3.27,Sale,79.99
Santacruz West,Mumbai,Apartment,2,3,789.1,0.0,3,6.5,Semi-Furnished,1.0,1,1,0,0,0.75,2.93,Sale,154.65
Vashi,Navi Mumbai,Studio,1,2,324.1,18.0,29,1.0,Semi-Furnished,1.0,1,1,1,1,0.41,0.35,Rent,14000.0
Kurla,Mumbai,Apartment,2,3,789.8,6.0,8,12.8,Unfurnished,2.0,1,1,0,1,1.27,1.54,Sale,53.48
Malad West,Mumbai,Studio,1,2,560.6,34.0,47,12.1,Unfurnished,1.0,1,0,0,0,0.84,2.87,Sale,45.82
Goregaon West,Mumbai,Apartment,3,3,1773.3,34.0,44,2.7,Fully Furnished,1.0,1,0,0,0,0.41,2.9,Sale,295.26
Panvel,Navi Mumbai,Apartment,3,3,1566.6,22.0,35,0.8,Semi-Furnished,1.0,1,1,0,0,3.38,1.13,Rent,47000.0
Bandra West,Mumbai,Row House,4,4,1565.8,14.0,20,4.1,Unfurnished,1.0,1,1,1,0,0.99,2.37,Rent,320000.0
Andheri West,Mumbai,Apartment,4,4,2133.2,28.0,30,21.0,Unfurnished,1.0,1,0,1,1,1.33,2.96,Sale,365.66
Bandra West,Mumbai,Apartment,3,3,1372.5,18.0,28,1.9,Unfurnished,1.0,1,0,0,1,0.52,1.61,Sale,435.15
Bandra West,Mumbai,Apartment,3,3,1239.9,19.0,29,2.7,Fully Furnished,1.0,1,1,0,1,2.93,2.25,Sale,380.87
Belapur,Navi Mumbai,Apartment,3,3,1515.8,28.0,29,17.9,Semi-Furnished,1.0,1,1,0,1,0.05,2.99,Rent,86000.0
Kharghar,Navi Mumbai,Apartment,2,3,1000.0,9.0,21,15.7,Semi-Furnished,2.0,1,1,0,0,0.63,2.94,Rent,43000.0
Worli,Mumbai,Apartment,3,4,1642.0,24.0,29,0.7,Unfurnished,2.0,1,0,1,1,0.37,0.43,Sale,552.79
Andheri West,Mumbai,Villa,3,3,1427.0,18.0,27,8.6,Fully Furnished,1.0,1,1,0,0,1.24,1.35,Sale,388.86
Worli,Mumbai,Row House,4,4,1579.1,16.0,20,5.9,Semi-Furnished,1.0,1,1,0,1,0.35,2.25,Sale,673.55
Worli,Mumbai,Apartment,2,2,969.9,8.0,12,7.6,Fully Furnished,1.0,1,0,1,1,0.7,2.17,Sale,298.75
Andheri East,Mumbai,Penthouse,5,6,2366.6,25.0,35,10.1,Semi-Furnished,2.0,1,1,1,1,0.26,2.31,Sale,755.27
Kurla,Mumbai,Studio,1,2,565.2,18.0,20,9.2,Unfurnished,0.0,1,0,0,1,0.15,2.4,Sale,39.06
Thane West,Mumbai,Apartment,1,2,582.4,11.0,13,5.8,Semi-Furnished,1.0,1,0,0,1,1.41,1.59,Sale,52.59
Vashi,Navi Mumbai,Row House,4,5,1903.6,24.0,35,5.3,Fully Furnished,0.0,1,1,1,0,1.49,1.53,Sale,326.2
Vashi,Navi Mumbai,Apartment,4,5,2003.9,29.0,36,0.1,Fully Furnished,0.0,1,1,0,1,0.27,1.07,Rent,146000.0
Bandra West,Mumbai,Studio,1,1,414.7,9.0,21,1.0,Semi-Furnished,0.0,1,0,0,1,1.05,2.5,Rent,39000.0
Goregaon West,Mumbai,Apartment,1,1,680.5,16.0,17,0.4,Semi-Furnished,0.0,1,0,1,0,0.98,1.51,Rent,41000.0
Vashi,Navi Mumbai,Apartment,2,3,1083.8,14.0,15,1.3,Semi-Furnished,2.0,1,1,0,0,0.45,1.99,Rent,56000.0
Lower Parel,Mumbai,Apartment,2,2,1124.3,17.0,20,8.7,Semi-Furnished,0.0,1,0,0,1,0.29,2.19,Sale,306.5
Belapur,Navi Mumbai,Row House,5,6,2726.8,25.0,33,1.4,Unfurnished,1.0,1,0,0,1,2.78,0.41,Rent,168000.0
Kharghar,Navi Mumbai,Apartment,3,3,1528.3,13.0,24,0.5,Semi-Furnished,1.0,1,1,0,1,0.61,0.38,Rent,83000.0
Andheri East,Mumbai,Apartment,3,3,1706.2,12.0,24,5.0,Fully Furnished,1.0,1,0,0,1,2.21,2.28,Rent,153000.0
Juhu,Mumbai,Studio,1,1,481.0,21.0,26,0.3,Unfurnished,0.0,1,0,0,1,0.78,1.17,Sale,69.11
Vashi,Navi Mumbai,Apartment,2,2,916.5,8.0,22,8.7,Unfurnished,1.0,1,1,0,1,0.14,0.87,Rent,45000.0
Bandra West,Mumbai,Apartment,2,2,980.9,20.0,29,6.0,Unfurnished,0.0,1,0,0,1,0.06,2.64,Sale,253.37
Chembur,Mumbai,Row House,4,5,1575.2,11.0,17,3.0,Fully Furnished,1.0,1,0,1,1,0.54,0.33,Sale,359.02
Kopar Khairane,Navi Mumbai,Studio,1,2,513.2,21.0,24,1.2,Semi-Furnished,1.0,1,1,0,0,0.22,1.03,Rent,18000.0
Chembur,Mumbai,Apartment,2,2,1136.3,27.0,40,6.3,Unfurnished,1.0,1,0,1,1,1.86,2.55,Sale,142.06
Thane West,Mumbai,Apartment,3,3,1447.3,25.0,39,4.2,Unfurnished,0.0,1,0,0,0,0.71,3.44,Sale,173.19
Vashi,Navi Mumbai,Apartment,1,2,547.1,2.0,7,4.5,Semi-Furnished,2.0,1,0,1,0,1.44,0.31,Sale,47.79
Dadar,Mumbai,Row House,4,4,1565.8,26.0,30,3.7,Unfurnished,0.0,1,1,0,0,1.4,2.11,Sale,421.2
Santacruz West,Mumbai,Row House,4,4,2448.6,12.0,21,17.0,Fully Furnished,0.0,1,1,0,1,1.39,2.73,Sale,687.48
Kopar Khairane,Navi Mumbai,Apartment,4,4,1845.6,5.0,12,1.7,Unfurnished,1.0,1,0,1,1,0.11,2.38,Rent,98000.0
Thane West,Mumbai,Studio,1,2,487.9,12.0,23,10.2,Unfurnished,1.0,1,0,0,1,0.17,1.8,Rent,19000.0
Ulwe,Navi Mumbai,Penthouse,5,6,2419.7,30.0,36,18.3,Semi-Furnished,1.0,1,1,0,0,4.14,3.25,Sale,239.53
Ghansoli,Navi Mumbai,Row House,5,5,2279.1,4.0,17,4.2,Semi-Furnished,0.0,1,0,0,0,0.7,2.8,Sale,288.58
Powai,Mumbai,Studio,1,1,330.6,27.0,40,2.4,Fully Furnished,1.0,1,1,1,0,2.35,2.2,Rent,19000.0
Juhu,Mumbai,Apartment,3,3,1432.2,20.0,34,34.6,Semi-Furnished,1.0,1,0,0,1,0.65,3.39,Rent,175000.0
Andheri West,Mumbai,Studio,1,1,424.6,15.0,24,3.4,Unfurnished,1.0,1,1,0,1,0.23,1.4,Rent,30000.0
Bandra West,Mumbai,Apartment,3,3,1234.8,4.0,7,13.2,Unfurnished,1.0,1,1,0,1,0.91,1.41,Sale,275.63
Andheri West,Mumbai,Apartment,2,2,1125.6,24.0,30,8.1,Unfurnished,1.0,1,1,0,1,5.98,0.64,Rent,96000.0
Kharghar,Navi Mumbai,Apartment,4,4,1972.6,27.0,36,29.9,Semi-Furnished,2.0,1,1,0,0,0.68,1.8,Rent,110000.0
Juhu,Mumbai,Apartment,2,2,925.7,9.0,20,6.5,Semi-Furnished,2.0,1,0,0,0,0.92,1.74,Rent,107000.0
Borivali West,Mumbai,Apartment,3,4,1558.5,24.0,37,4.6,Fully Furnished,1.0,1,1,0,1,0.01,3.18,Sale,245.73
Belapur,Navi Mumbai,Penthouse,3,3,1305.3,27.0,37,1.0,Semi-Furnished,0.0,1,0,0,0,1.49,2.01,Rent,92000.0
Bandra West,Mumbai,Apartment,3,3,1855.0,18.0,22,7.3,Semi-Furnished,1.0,1,0,0,1,0.01,1.24,Sale,498.4
Belapur,Navi Mumbai,Apartment,1,2,530.1,9.0,15,2.7,Unfurnished,1.0,1,0,0,1,0.08,2.62,Sale,42.8
Borivali West,Mumbai,Villa,4,4,2290.8,32.0,46,14.1,Fully Furnished,1.0,1,0,0,0,0.23,2.68,Sale,478.55
Andheri West,Mumbai,Apartment,2,2,939.5,12.0,17,2.4,Unfurnished,1.0,1,0,0,0,1.15,2.73,Sale,162.96
Kharghar,Navi Mumbai,Apartment,3,4,1246.1,26.0,32,13.5,Unfurnished,1.0,1,0,0,0,1.34,1.97,Rent,54000.0
Vashi,Navi Mumbai,Row House,5,5,1945.0,20.0,27,4.7,Unfurnished,1.0,1,1,0,0,0.39,2.77,Sale,302.25
Airoli,Navi Mumbai,Apartment,2,2,1021.8,34.0,39,0.8,Semi-Furnished,2.0,1,0,0,0,0.47,0.37,Rent,47000.0
Panvel,Navi Mumbai,Apartment,1,1,556.5,7.0,15,2.3,Unfurnished,1.0,1,0,0,1,0.11,0.42,Sale,28.9
Nerul,Navi Mumbai,Studio,1,2,571.1,2.0,9,0.6,Fully Furnished,0.0,1,0,1,0,1.26,1.35,Sale,40.12
Borivali West,Mumbai,Apartment,2,3,1012.5,12.0,17,11.2,Fully Furnished,1.0,1,0,0,0,0.1,0.7,Sale,126.9
Andheri East,Mumbai,Apartment,4,5,1560.2,16.0,25,17.7,Semi-Furnished,2.0,1,0,0,0,0.73,1.06,Sale,243.77
Panvel,Navi Mumbai,Row House,5,5,2812.3,28.0,35,7.1,Fully Furnished,0.0,1,0,1,1,0.2,2.84,Rent,143000.0
Nerul,Navi Mumbai,Row House,5,5,2430.4,15.0,27,8.2,Fully Furnished,1.0,1,0,0,0,2.14,3.44,Sale,359.48
Dronagiri,Navi Mumbai,Apartment,1,1,394.6,11.0,20,1.2,Semi-Furnished,0.0,1,0,0,1,1.4,0.66,Sale,20.6
Kurla,Mumbai,Apartment,1,2,701.6,31.0,43,4.1,Semi-Furnished,1.0,1,0,0,1,0.21,2.2,Sale,51.13
Goregaon West,Mumbai,Apartment,1,2,486.8,5.0,11,6.6,Semi-Furnished,0.0,1,1,0,0,0.74,1.55,Sale,56.16
Nerul,Navi Mumbai,Row House,3,3,1209.3,28.0,35,0.0,Semi-Furnished,1.0,1,0,0,1,1.13,3.03,Rent,78000.0
Goregaon West,Mumbai,Apartment,2,3,1251.0,8.0,15,1.4,Semi-Furnished,1.0,1,1,0,0,0.37,0.84,Sale,195.68
Kopar Khairane,Navi Mumbai,Studio,1,1,593.3,24.0,32,7.1,Semi-Furnished,0.0,1,1,0,1,2.04,2.18,Rent,17000.0
Belapur,Navi Mumbai,Apartment,2,2,1033.1,31.0,36,0.3,Unfurnished,1.0,1,1,0,1,0.62,0.82,Sale,111.29
Kurla,Mumbai,Apartment,4,4,1537.6,27.0,34,5.3,Unfurnished,2.0,1,0,1,0,0.16,0.43,Rent,98000.0
Panvel,Navi Mumbai,Apartment,2,2,949.7,16.0,22,9.3,Unfurnished,0.0,1,0,1,0,0.73,0.4,Sale,57.83
Panvel,Navi Mumbai,Apartment,4,5,2376.6,13.0,21,6.0,Fully Furnished,2.0,1,0,0,0,3.07,3.03,Rent,87000.0
Andheri West,Mumbai,Villa,4,4,2327.1,8.0,10,2.2,Semi-Furnished,0.0,1,1,1,1,0.89,0.44,Sale,752.04
Ghansoli,Navi Mumbai,Penthouse,4,4,1798.7,4.0,13,3.6,Fully Furnished,0.0,1,1,0,0,0.8,2.55,Rent,148000.0
Lower Parel,Mumbai,Apartment,2,2,1228.6,,17,,Unfurnished,,1,0,1,1,,1.88,Rent,170000.0
Belapur,Navi Mumbai,Apartment,3,3,1457.8,18.0,29,19.4,Fully Furnished,2.0,1,0,0,1,0.6,3.38,Rent,70000.0
Borivali West,Mumbai,Apartment,3,4,1416.0,9.0,23,6.2,Fully Furnished,1.0,1,1,0,1,0.92,2.21,Rent,107000.0
Ghansoli,Navi Mumbai,Apartment,3,4,1314.5,1.0,8,5.5,Semi-Furnished,0.0,1,0,0,0,3.24,2.24,Sale,86.23
Thane West,Mumbai,Studio,1,1,396.2,16.0,28,4.8,Unfurnished,1.0,1,0,0,0,0.69,0.4,Sale,32.41
Bandra West,Mumbai,Villa,4,4,1757.2,2.0,3,1.5,Unfurnished,0.0,1,0,1,0,0.45,3.45,Rent,410000.0
Ghansoli,Navi Mumbai,Row House,4,5,2333.4,30.0,37,0.9,Fully Furnished,1.0,1,0,0,1,3.14,1.5,Sale,315.3
Andheri West,Mumbai,Apartment,3,4,1473.4,34.0,38,5.3,Unfurnished,2.0,1,1,0,1,0.58,2.66,Rent,156000.0
Borivali West,Mumbai,Apartment,4,5,1550.5,19.0,30,2.9,Unfurnished,1.0,1,0,1,1,0.18,1.06,Sale,251.28
Kopar Khairane,Navi Mumbai,Apartment,2,3,913.8,30.0,42,1.7,Fully Furnished,1.0,1,0,1,0,0.35,2.77,Sale,89.97
Kopar Khairane,Navi Mumbai,Apartment,1,1,338.2,13.0,15,2.6,Semi-Furnished,1.0,1,0,0,0,0.41,2.03,Sale,24.17
Chembur,Mumbai,Apartment,2,3,1177.5,3.0,15,4.4,Semi-Furnished,1.0,1,1,0,1,0.71,2.44,Sale,157.6
Vashi,Navi Mumbai,Studio,1,1,592.9,30.0,35,13.1,Semi-Furnished,1.0,1,0,0,1,0.22,1.42,Sale,42.5
Dadar,Mumbai,Apartment,3,3,1782.4,16.0,24,7.3,Fully Furnished,0.0,1,1,0,1,0.24,3.32,Sale,499.4
Borivali West,Mumbai,Villa,3,4,1424.0,26.0,39,1.0,Semi-Furnished,1.0,1,0,0,1,0.51,2.52,Sale,286.57
Goregaon West,Mumbai,Row House,3,4,1887.5,15.0,18,0.8,Semi-Furnished,2.0,1,0,0,1,2.17,0.82,Sale,370.77
Kharghar,Navi Mumbai,Row House,4,4,2037.0,18.0,20,5.3,Fully Furnished,1.0,1,1,1,0,0.06,3.1,Rent,152000.0
Panvel,Navi Mumbai,Apartment,3,4,1844.2,6.0,10,14.8,Fully Furnished,1.0,1,0,0,1,1.53,0.6,Sale,125.5
Nerul,Navi Mumbai,Studio,1,2,337.4,18.0,28,,Fully Furnished,,1,0,0,0,,0.47,Sale,22.73
Nerul,Navi Mumbai,Apartment,3,4,1678.7,28.0,41,6.4,Unfurnished,1.0,1,0,1,1,1.05,1.59,Sale,167.2
Andheri West,Mumbai,Penthouse,3,4,1537.9,10.0,16,2.5,Unfurnished,1.0,1,0,0,1,0.23,0.63,Rent,239000.0
Worli,Mumbai,Apartment,2,2,994.7,13.0,17,11.0,Fully Furnished,1.0,1,0,0,0,1.34,2.94,Sale,264.14
Juhu,Mumbai,Apartment,1,2,380.0,3.0,4,21.7,Fully Furnished,2.0,1,0,0,1,2.58,0.96,Rent,41000.0
Santacruz West,Mumbai,Row House,5,5,2067.2,2.0,10,1.2,Unfurnished,1.0,1,0,0,0,0.68,1.91,Rent,325000.0
Dadar,Mumbai,Studio,1,1,488.2,4.0,5,4.8,Semi-Furnished,2.0,1,0,0,1,0.98,3.27,Sale,66.68
Airoli,Navi Mumbai,Apartment,1,2,356.6,12.0,14,8.4,Semi-Furnished,0.0,1,0,0,1,0.6,1.33,Sale,24.18
Goregaon West,Mumbai,Studio,1,1,420.0,27.0,29,31.5,Fully Furnished,0.0,1,1,0,1,0.65,1.71,Rent,22000.0
Andheri West,Mumbai,Studio,1,1,444.3,17.0,29,0.8,Unfurnished,0.0,1,0,1,0,3.51,2.65,Rent,27000.0
Andheri East,Mumbai,Studio,1,1,537.0,20.0,30,12.5,Unfurnished,1.0,1,0,0,0,1.16,3.15,Rent,26000.0
Panvel,Navi Mumbai,Apartment,2,2,867.2,21.0,31,8.9,Fully Furnished,0.0,1,0,0,1,0.19,0.73,Rent,28000.0
Vashi,Navi Mumbai,Penthouse,3,4,15029.0,1.0,9,1.8,Fully Furnished,1.0,1,0,1,0,0.07,0.9,Rent,159000.0
Andheri West,Mumbai,Row House,4,5,1621.6,3.0,6,,Unfurnished,,1,0,0,1,,3.02,Sale,400.73
Andheri West,Mumbai,Villa,3,4,1239.4,12.0,17,3.4,Semi-Furnished,1.0,1,1,0,0,0.21,2.53,Sale,356.91
Kharghar,Navi Mumbai,Apartment,2,2,1153.6,34.0,42,1.5,Semi-Furnished,0.0,1,0,0,1,2.15,3.46,Rent,50000.0
Juhu,Mumbai,Apartment,2,3,885.1,25.0,35,16.3,Fully Furnished,2.0,1,0,0,1,0.53,2.22,Sale,162.08
Belapur,Navi Mumbai,Apartment,2,2,1087.3,18.0,31,7.3,Semi-Furnished,1.0,1,0,0,1,0.78,1.34,Sale,104.75
Kharghar,Navi Mumbai,Villa,5,6,2476.5,13.0,16,0.1,Unfurnished,0.0,1,1,0,1,0.28,3.18,Sale,406.13
Andheri West,Mumbai,Apartment,2,2,1169.7,10.0,21,3.0,Unfurnished,0.0,1,0,0,1,0.25,3.05,Sale,199.47
Andheri West,Mumbai,Apartment,2,2,753.8,24.0,35,11.0,Unfurnished,1.0,1,1,0,0,0.49,2.08,Sale,125.02
Dronagiri,Navi Mumbai,Apartment,2,2,1193.8,5.0,8,6.5,Semi-Furnished,0.0,1,0,0,0,0.04,3.03,Sale,63.7
Goregaon West,Mumbai,Studio,1,2,521.6,6.0,18,3.0,Unfurnished,1.0,1,1,0,0,0.33,3.47,Sale,59.02
Goregaon West,Mumbai,Apartment,4,4,2279.7,10.0,21,12.0,Unfurnished,1.0,1,0,0,1,0.38,0.89,Rent,211000.0
Belapur,Navi Mumbai,Studio,1,2,431.7,8.0,18,4.0,Unfurnished,0.0,1,1,0,0,0.0,0.55,Sale,31.4
Kopar Khairane,Navi Mumbai,Villa,3,3,1547.8,4.0,7,18.7,Fully Furnished,0.0,1,0,0,1,1.87,2.66,Rent,101000.0
Dronagiri,Navi Mumbai,Studio,1,1,432.8,31.0,42,2.4,Fully Furnished,1.0,1,0,0,0,1.26,2.61,Rent,9000.0
Panvel,Navi Mumbai,Row House,5,5,2979.9,15.0,16,7.6,Semi-Furnished,2.0,1,0,1,0,0.02,3.15,Sale,289.06
Thane West,Mumbai,Apartment,3,3,1767.5,11.0,23,3.7,Fully Furnished,1.0,1,1,0,1,4.33,0.48,Rent,107000.0
Andheri West,Mumbai,Apartment,2,3,945.2,32.0,41,7.7,Fully Furnished,1.0,1,1,0,0,0.41,2.76,Rent,97000.0
Nerul,Navi Mumbai,Apartment,2,3,1118.6,1.0,15,,Semi-Furnished,1.0,1,1,0,1,,2.87,Rent,47000.0
Santacruz West,Mumbai,Apartment,3,4,1884.7,15.0,28,8.9,Semi-Furnished,2.0,1,0,0,0,0.19,2.09,Sale,446.25
Kurla,Mumbai,Row House,5,6,2563.8,22.0,23,1.0,Fully Furnished,1.0,1,0,0,1,0.55,3.2,Sale,476.64
Ghansoli,Navi Mumbai,Apartment,1,1,482.8,27.0,29,53.3,Fully Furnished,2.0,1,1,0,0,0.0,1.27,Sale,28.2
Andheri West,Mumbai,Apartment,3,3,1681.6,31.0,39,12.7,Unfurnished,0.0,1,0,0,1,0.76,2.12,Sale,310.47
Worli,Mumbai,Penthouse,4,5,1743.2,22.0,27,11.0,Fully Furnished,1.0,1,1,1,0,0.54,2.66,Sale,902.43
Bandra West,Mumbai,Apartment,2,3,787.5,19.0,21,4.6,Fully Furnished,2.0,1,1,0,1,0.45,3.21,Sale,214.49
Dadar,Mumbai,Row House,3,4,1598.3,34.0,48,20.7,Semi-Furnished,2.0,1,1,0,1,0.69,1.1,Rent,227000.0
Juhu,Mumbai,Studio,1,2,396.1,30.0,44,0.2,Semi-Furnished,1.0,1,1,1,1,3.15,1.36,Rent,37000.0
Andheri West,Mumbai,Apartment,1,2,487.7,26.0,34,19.3,Semi-Furnished,0.0,1,0,0,0,1.04,0.95,Sale,62.26
Andheri West,Mumbai,Apartment,4,5,2316.5,4.0,5,10.3,Fully Furnished,1.0,1,1,0,0,1.17,1.8,Sale,529.19
Vashi,Navi Mumbai,Apartment,1,1,607.7,4.0,11,3.7,Semi-Furnished,1.0,1,0,1,1,0.46,1.13,Sale,63.42
Panvel,Navi Mumbai,Apartment,2,2,1002.3,19.0,21,16.1,Fully Furnished,2.0,1,0,0,0,0.17,1.97,Rent,33000.0
Chembur,Mumbai,Studio,1,1,682.4,14.0,22,,Unfurnished,1.0,1,1,0,1,0.31,1.01,Rent,37000.0
Ulwe,Navi Mumbai,Apartment,3,4,1756.5,16.0,18,25.1,Semi-Furnished,2.0,1,0,0,0,0.36,1.94,Sale,88.32
Goregaon West,Mumbai,Apartment,2,2,900.0,1.0,8,7.7,Fully Furnished,2.0,1,1,0,1,1.38,2.36,Sale,122.36
Borivali West,Mumbai,Apartment,1,2,665.2,6.0,8,1.9,Semi-Furnished,1.0,1,0,0,0,1.26,2.11,Rent,37000.0
Airoli,Navi Mumbai,Apartment,2,2,1144.8,31.0,43,15.3,Fully Furnished,2.0,1,0,0,1,0.82,1.87,Sale,85.07
Powai,Mumbai,Apartment,2,2,1202.6,17.0,29,3.7,Semi-Furnished,0.0,1,1,0,1,2.48,1.78,Sale,203.75
Ulwe,Navi Mumbai,Apartment,2,3,944.8,1.0,4,3.7,Semi-Furnished,1.0,1,0,0,0,0.02,1.65,Sale,53.67
Bandra West,Mumbai,Apartment,2,3,1234.2,18.0,25,1.9,Semi-Furnished,0.0,1,0,0,0,0.28,2.82,Sale,350.43
Ulwe,Navi Mumbai,Apartment,3,3,1786.4,,42,,Fully Furnished,,1,0,0,0,,1.06,Sale,104.56
Bandra West,Mumbai,Row House,4,5,2168.6,19.0,23,3.4,Semi-Furnished,1.0,1,0,1,0,0.51,1.64,Rent,450000.0
Ghansoli,Navi Mumbai,Apartment,2,2,931.1,30.0,39,1.2,Fully Furnished,2.0,1,0,0,0,0.05,1.59,Sale,80.67
Lower Parel,Mumbai,Penthouse,4,5,16622.0,12.0,19,5.1,Fully Furnished,2.0,1,0,1,1,0.07,1.45,Sale,863.01
Dronagiri,Navi Mumbai,Villa,4,5,1603.2,20.0,21,11.3,Semi-Furnished,2.0,1,0,0,1,5.71,2.58,Rent,67000.0
Juhu,Mumbai,Apartment,3,3,1507.0,34.0,41,14.5,Semi-Furnished,0.0,1,1,1,1,0.16,3.49,Rent,231000.0
Santacruz West,Mumbai,Apartment,4,5,1472.4,17.0,26,17.1,Unfurnished,1.0,1,1,0,1,0.1,2.83,Rent,219000.0
Ulwe,Navi Mumbai,Apartment,2,3,742.2,25.0,26,1.9,Semi-Furnished,2.0,1,1,0,0,1.42,0.83,Rent,21000.0
Lower Parel,Mumbai,Villa,4,5,1870.5,29.0,38,8.5,Fully Furnished,1.0,1,0,1,1,0.8,2.15,Sale,854.71
Vashi,Navi Mumbai,Studio,1,2,543.4,25.0,33,0.7,Semi-Furnished,2.0,1,1,1,1,0.0,1.52,Sale,46.83
Kharghar,Navi Mumbai,Villa,4,5,1642.2,14.0,26,42.0,Semi-Furnished,0.0,1,0,1,1,1.86,2.57,Sale,180.44
Dadar,Mumbai,Apartment,3,3,1712.5,31.0,38,15.2,Semi-Furnished,1.0,1,0,0,1,0.84,2.37,Rent,191000.0
Vashi,Navi Mumbai,Apartment,1,2,609.9,10.0,12,2.2,Semi-Furnished,1.0,1,0,1,1,0.33,1.22,Sale,57.34
Chembur,Mumbai,Penthouse,4,5,1698.2,34.0,38,9.6,Unfurnished,1.0,1,0,0,1,0.57,1.25,Rent,221000.0
Ghansoli,Navi Mumbai,Row House,4,4,2322.1,25.0,36,1.1,Fully Furnished,2.0,1,1,0,0,0.37,1.12,Rent,138000.0
Bandra West,Mumbai,Studio,1,1,609.8,12.0,18,3.2,Unfurnished,1.0,1,0,0,1,2.91,0.82,Rent,56000.0
Malad West,Mumbai,Apartment,2,2,885.5,18.0,32,8.8,Semi-Furnished,1.0,1,0,0,0,0.35,2.52,Sale,104.25
Kopar Khairane,Navi Mumbai,Villa,3,3,1234.4,12.0,22,1.1,Unfurnished,1.0,1,1,0,0,0.85,2.69,Sale,160.62
Airoli,Navi Mumbai,Apartment,3,4,1115.8,8.0,16,8.9,Fully Furnished,1.0,1,0,0,1,0.22,2.54,Rent,59000.0
Dadar,Mumbai,Villa,3,3,1575.9,14.0,20,33.9,Unfurnished,0.0,1,1,1,1,1.5,3.08,Sale,374.64
Vashi,Navi Mumbai,Apartment,3,4,1107.8,16.0,25,0.7,Semi-Furnished,1.0,1,0,0,1,1.75,3.2,Rent,70000.0
Malad West,Mumbai,Apartment,3,4,1332.8,18.0,32,1.0,Semi-Furnished,0.0,1,0,0,0,1.01,1.37,Rent,84000.0
Powai,Mumbai,Apartment,4,5,1604.1,14.0,27,18.5,Semi-Furnished,1.0,1,1,0,0,2.84,3.18,Sale,238.34
Dadar,Mumbai,Penthouse,3,4,1314.2,1.0,2,7.9,Semi-Furnished,0.0,1,0,1,1,0.99,2.2,Rent,232000.0
Goregaon West,Mumbai,Studio,1,1,657.7,1.0,11,4.5,Unfurnished,0.0,1,1,1,1,0.28,2.38,Sale,72.74
Chembur,Mumbai,Row House,5,5,2978.1,27.0,31,3.5,Unfurnished,2.0,1,1,0,0,0.14,2.13,Rent,308000.0
Juhu,Mumbai,Apartment,2,3,1018.3,,19,,Semi-Furnished,,1,1,1,1,,0.84,Sale,216.31
Ulwe,Navi Mumbai,Apartment,2,3,885.1,9.0,18,5.9,Semi-Furnished,2.0,1,0,0,1,1.0,1.81,Sale,52.18
Dronagiri,Navi Mumbai,Apartment,2,2,899.3,8.0,14,0.7,Fully Furnished,0.0,1,0,0,0,1.77,3.1,Rent,25000.0
Kharghar,Navi Mumbai,Studio,1,1,511.4,7.0,8,13.1,Semi-Furnished,2.0,1,0,0,0,2.0,3.11,Sale,24.94
Santacruz West,Mumbai,Apartment,3,4,1395.1,0.0,1,28.1,Unfurnished,1.0,1,0,0,0,0.97,1.22,Sale,207.47
Borivali West,Mumbai,Penthouse,5,6,2328.9,14.0,16,7.9,Unfurnished,1.0,1,1,0,0,0.56,1.76,Rent,292000.0
Belapur,Navi Mumbai,Apartment,2,2,1067.6,12.0,20,4.7,Unfurnished,0.0,1,0,1,0,0.9,1.74,Rent,46000.0
Kharghar,Navi Mumbai,Apartment,3,3,1555.7,9.0,19,9.0,Unfurnished,1.0,1,0,0,1,0.06,0.9,Rent,70000.0
Andheri East,Mumbai,Penthouse,4,4,2343.3,5.0,15,1.8,Fully Furnished,1.0,1,1,0,1,0.38,2.44,Rent,419000.0
Ghansoli,Navi Mumbai,Villa,4,5,2483.3,10.0,21,9.0,Unfurnished,0.0,1,0,0,0,1.85,1.38,Sale,262.45
Belapur,Navi Mumbai,Villa,3,3,1672.9,5.0,16,20.0,Fully Furnished,0.0,1,0,0,1,1.09,2.36,Sale,193.03
Kopar Khairane,Navi Mumbai,Villa,5,6,2987.5,7.0,11,7.7,Unfurnished,1.0,1,0,1,1,0.85,1.4,Sale,425.95
Panvel,Navi Mumbai,Apartment,4,4,1570.3,,29,,Semi-Furnished,,1,1,0,1,,1.97,Sale,127.99
Vashi,Navi Mumbai,Apartment,1,1,475.7,4.0,15,11.0,Unfurnished,1.0,1,1,0,1,1.12,3.34,Sale,37.29
Kurla,Mumbai,Apartment,2,3,1123.6,31.0,45,13.1,Semi-Furnished,1.0,1,1,1,1,1.61,1.09,Sale,90.92
Kopar Khairane,Navi Mumbai,Row House,5,5,2339.7,15.0,19,5.0,Semi-Furnished,0.0,1,0,1,0,2.32,0.59,Sale,289.53
Airoli,Navi Mumbai,Row House,4,4,1755.3,6.0,15,11.3,Semi-Furnished,1.0,1,1,0,0,0.21,2.37,Sale,191.1
Bandra West,Mumbai,Penthouse,3,3,1619.9,17.0,20,0.6,Unfurnished,1.0,1,1,0,1,1.08,1.34,Sale,704.78
Bandra West,Mumbai,Apartment,2,2,1173.1,19.0,26,2.5,Semi-Furnished,1.0,1,1,0,1,2.34,1.84,Rent,152000.0
Thane West,Mumbai,Apartment,2,2,977.3,34.0,44,1.8,Fully Furnished,0.0,1,1,0,0,2.49,3.05,Sale,112.66
Nerul,Navi Mumbai,Apartment,2,3,1150.3,1.0,12,15.5,Unfurnished,0.0,1,1,0,0,0.59,3.33,Rent,51000.0
Dronagiri,Navi Mumbai,Apartment,3,4,1766.2,13.0,23,,Fully Furnished,,1,0,0,1,,0.72,Rent,53000.0
Andheri East,Mumbai,Apartment,3,3,1579.2,6.0,14,18.3,Semi-Furnished,1.0,1,1,0,0,1.07,1.31,Sale,219.48
Vashi,Navi Mumbai,Apartment,3,3,1651.1,14.0,21,14.6,Fully Furnished,1.0,1,1,0,1,1.46,0.43,Rent,100000.0
Thane West,Mumbai,Row House,4,5,2283.8,6.0,9,4.7,Unfurnished,0.0,1,0,0,0,0.37,2.32,Sale,353.84
Ulwe,Navi Mumbai,Apartment,4,5,2198.1,33.0,40,8.7,Unfurnished,1.0,1,0,0,0,0.17,2.39,Sale,162.2
Belapur,Navi Mumbai,Villa,3,4,1409.0,16.0,23,0.7,Fully Furnished,2.0,1,0,0,0,0.49,1.93,Rent,95000.0
Belapur,Navi Mumbai,Apartment,4,4,2515.1,33.0,37,5.6,Fully Furnished,0.0,1,0,0,1,0.85,1.52,Sale,309.83
Dadar,Mumbai,Apartment,3,3,1485.4,11.0,24,4.5,Unfurnished,1.0,1,1,0,0,0.07,3.48,Sale,335.12
Kurla,Mumbai,Apartment,2,2,1120.6,2.0,14,2.4,Semi-Furnished,1.0,1,0,0,1,1.01,3.11,Sale,100.13
Malad West,Mumbai,Penthouse,4,4,1624.0,20.0,32,0.2,Fully Furnished,1.0,1,1,1,1,0.63,3.07,Sale,502.06
Juhu,Mumbai,Villa,5,5,2126.1,31.0,41,10.8,Unfurnished,0.0,1,0,0,1,0.19,0.81,Rent,425000.0
Airoli,Navi Mumbai,Apartment,3,4,1520.9,31.0,36,20.1,Unfurnished,1.0,1,1,0,0,2.16,2.74,Rent,55000.0
Belapur,Navi Mumbai,Apartment,1,1,335.3,0.0,8,1.7,Semi-Furnished,1.0,1,1,0,0,0.38,0.86,Sale,30.88
Dronagiri,Navi Mumbai,Apartment,3,3,1573.6,21.0,28,7.2,Semi-Furnished,0.0,1,0,0,0,0.37,2.97,Sale,93.2
Dronagiri,Navi Mumbai,Apartment,4,5,2143.9,17.0,31,0.1,Semi-Furnished,1.0,1,0,1,1,0.24,0.42,Sale,176.02
Santacruz West,Mumbai,Apartment,2,2,928.5,30.0,33,0.5,Semi-Furnished,1.0,1,1,0,1,1.46,3.32,Rent,111000.0
Nerul,Navi Mumbai,Apartment,3,3,1624.2,30.0,41,5.5,Semi-Furnished,0.0,1,0,0,0,1.32,1.03,Sale,188.21
Kopar Khairane,Navi Mumbai,Apartment,2,3,1256.0,16.0,24,0.0,Fully Furnished,1.0,1,0,1,0,0.04,2.93,Rent,61000.0
Belapur,Navi Mumbai,Apartment,2,3,1136.7,29.0,36,1.1,Unfurnished,1.0,1,0,0,0,0.4,2.23,Sale,113.88
Malad West,Mumbai,Villa,3,3,1653.8,31.0,41,0.4,Semi-Furnished,0.0,1,1,0,1,0.77,1.02,Rent,178000.0
Dadar,Mumbai,Row House,3,3,1179.0,3.0,17,1.5,Semi-Furnished,0.0,1,0,0,1,0.18,2.57,Sale,348.56
Andheri West,Mumbai,Apartment,2,3,796.8,34.0,35,7.6,Unfurnished,1.0,1,1,1,0,1.38,0.36,Sale,140.01
Ulwe,Navi Mumbai,Villa,3,3,1705.1,25.0,33,1.2,Semi-Furnished,1.0,1,1,1,1,1.52,2.86,Rent,80000.0
Vashi,Navi Mumbai,Apartment,2,2,830.1,3.0,6,7.4,Unfurnished,0.0,1,1,1,0,0.05,1.45,Sale,88.57
Powai,Mumbai,Apartment,3,3,1680.2,25.0,33,18.9,Unfurnished,1.0,1,0,1,1,1.64,1.79,Sale,228.99
Kharghar,Navi Mumbai,Apartment,2,2,875.9,24.0,28,4.0,Fully Furnished,1.0,1,1,0,1,0.71,2.33,Sale,80.19
Vashi,Navi Mumbai,Apartment,2,2,1014.1,17.0,26,,Fully Furnished,1.0,1,0,0,1,0.61,0.68,Rent,53000.0
Goregaon West,Mumbai,Apartment,1,1,439.6,34.0,44,2.4,Unfurnished,1.0,1,0,0,1,0.1,2.2,Sale,65.23
Andheri West,Mumbai,Apartment,2,3,861.1,17.0,18,11.9,Semi-Furnished,1.0,1,1,1,1,0.42,2.04,Rent,88000.0
Kharghar,Navi Mumbai,Apartment,2,3,1173.1,14.0,27,12.3,Unfurnished,1.0,1,0,0,1,0.54,1.04,Sale,82.95
Lower Parel,Mumbai,Apartment,1,1,325.4,30.0,31,8.0,Unfurnished,1.0,1,1,0,1,0.2,2.93,Rent,43000.0
Nerul,Navi Mumbai,Apartment,2,2,1154.7,14.0,18,3.5,Semi-Furnished,1.0,1,0,0,0,0.61,2.74,Sale,109.63
Lower Parel,Mumbai,Apartment,2,3,1124.6,29.0,42,4.7,Unfurnished,1.0,1,1,1,0,0.87,3.11,Rent,146000.0
Belapur,Navi Mumbai,Apartment,4,5,1830.5,1.0,3,13.5,Semi-Furnished,1.0,1,0,0,1,2.31,2.49,Sale,159.32
Santacruz West,Mumbai,Apartment,1,1,408.0,14.0,15,1.6,Unfurnished,0.0,1,1,0,0,0.52,2.37,Sale,74.36
Santacruz West,Mumbai,Apartment,2,2,814.2,0.0,4,3.9,Semi-Furnished,2.0,1,1,0,1,2.01,2.47,Rent,92000.0
Airoli,Navi Mumbai,Studio,1,2,361.0,20.0,29,2.9,Unfurnished,0.0,1,0,0,0,1.08,0.9,Rent,10000.0
Thane West,Mumbai,Row House,4,4,1650.5,34.0,44,7.3,Fully Furnished,1.0,1,1,0,0,2.7,2.59,Rent,130000.0
Andheri West,Mumbai,Studio,1,2,464.4,28.0,33,16.1,Semi-Furnished,1.0,1,1,1,1,0.17,0.99,Rent,38000.0
Bandra West,Mumbai,Studio,1,2,462.5,26.0,35,3.0,Unfurnished,0.0,1,0,1,0,0.28,3.4,Sale,90.97
Panvel,Navi Mumbai,Apartment,2,3,897.7,32.0,41,0.5,Unfurnished,0.0,1,0,1,1,0.5,1.64,Rent,30000.0
Vashi,Navi Mumbai,Penthouse,4,4,2243.2,16.0,17,30.0,Fully Furnished,1.0,1,1,0,0,0.52,1.59,Rent,249000.0
Kharghar,Navi Mumbai,Apartment,2,3,968.8,16.0,26,4.3,Fully Furnished,1.0,1,0,1,1,0.29,0.44,Rent,47000.0
Powai,Mumbai,Apartment,4,4,1495.3,0.0,9,16.5,Unfurnished,0.0,1,0,0,1,0.3,0.83,Rent,147000.0
Andheri West,Mumbai,Apartment,2,2,1166.4,8.0,15,4.1,Fully Furnished,0.0,1,0,1,1,0.06,0.84,Sale,232.05
Bandra West,Mumbai,Apartment,4,4,1597.7,22.0,36,7.1,Fully Furnished,2.0,1,0,0,1,0.15,2.51,Sale,540.58
Goregaon West,Mumbai,Apartment,2,2,903.2,11.0,21,,Fully Furnished,0.0,1,0,1,0,,2.1,Sale,120.97
Chembur,Mumbai,Apartment,2,2,774.5,3.0,16,6.8,Semi-Furnished,1.0,1,0,0,1,0.44,3.45,Sale,85.94
Thane West,Mumbai,Villa,3,4,1200.6,31.0,35,9.8,Semi-Furnished,2.0,1,1,0,0,3.46,1.96,Sale,185.45
Kurla,Mumbai,Apartment,3,4,1383.7,26.0,38,0.2,Unfurnished,0.0,1,0,0,1,0.44,0.71,Rent,76000.0
Ghansoli,Navi Mumbai,Apartment,3,4,1333.4,32.0,36,6.1,Semi-Furnished,1.0,1,1,0,1,0.24,1.8,Rent,61000.0
Goregaon West,Mumbai,Row House,4,5,2441.5,22.0,36,34.9,Fully Furnished,0.0,1,1,0,0,0.13,3.39,Sale,465.04
Lower Parel,Mumbai,Penthouse,3,4,1694.9,30.0,34,5.9,Unfurnished,1.0,1,1,1,0,1.97,0.72,Sale,674.3
Nerul,Navi Mumbai,Apartment,3,3,1497.6,9.0,16,9.4,Fully Furnished,1.0,1,1,0,0,1.15,1.69,Sale,162.57
Thane West,Mumbai,Apartment,2,2,1164.9,7.0,20,,Semi-Furnished,,1,0,0,1,,3.21,Sale,118.8
Vashi,Navi Mumbai,Apartment,4,5,2535.7,28.0,30,8.5,Fully Furnished,1.0,1,0,0,0,0.33,0.79,Rent,182000.0
Airoli,Navi Mumbai,Row House,3,4,1464.9,6.0,20,8.9,Unfurnished,0.0,1,0,0,0,1.35,0.48,Sale,130.16
Kopar Khairane,Navi Mumbai,Apartment,2,3,1117.8,6.0,16,8.2,Semi-Furnished,1.0,1,0,0,1,6.5,2.64,Sale,73.8
Andheri East,Mumbai,Apartment,2,2,1081.4,22.0,27,0.7,Fully Furnished,1.0,1,1,0,0,0.75,1.06,Sale,187.81
Kopar Khairane,Navi Mumbai,Studio,1,2,442.1,4.0,8,5.1,Fully Furnished,2.0,1,1,0,0,0.36,2.7,Rent,14000.0
Worli,Mumbai,Apartment,1,2,555.9,3.0,9,7.9,Fully Furnished,1.0,1,1,1,1,0.44,0.93,Sale,149.26
Malad West,Mumbai,Apartment,3,4,1506.5,1.0,10,6.8,Unfurnished,2.0,1,0,1,1,0.39,0.75,Sale,201.83
Dadar,Mumbai,Apartment,1,1,468.3,4.0,15,1.2,Fully Furnished,0.0,1,1,0,1,0.44,3.3,Sale,94.32
Ulwe,Navi Mumbai,Apartment,1,1,625.7,12.0,23,18.4,Fully Furnished,0.0,1,1,0,0,0.37,3.21,Rent,18000.0
Worli,Mumbai,Row House,4,5,2338.0,2.0,16,9.7,Semi-Furnished,1.0,1,0,0,0,1.7,2.04,Sale,856.9
Goregaon West,Mumbai,Row House,3,3,1651.7,31.0,36,4.3,Fully Furnished,0.0,1,1,0,1,1.36,1.04,Sale,341.14
Vashi,Navi Mumbai,Apartment,2,3,1126.7,10.0,22,4.0,Unfurnished,1.0,1,1,1,1,1.25,3.28,Rent,64000.0
Malad West,Mumbai,Apartment,4,5,2056.1,8.0,11,17.7,Fully Furnished,1.0,1,0,0,0,1.06,2.07,Sale,264.74
Juhu,Mumbai,Apartment,3,4,1691.6,8.0,14,2.0,Unfurnished,2.0,1,1,0,0,2.48,2.68,Sale,415.29
Andheri West,Mumbai,Studio,1,2,378.4,14.0,26,2.4,Fully Furnished,1.0,1,1,1,1,3.23,2.56,Sale,51.32
Andheri West,Mumbai,Row House,3,4,1751.0,10.0,16,12.1,Unfurnished,1.0,1,0,0,1,1.04,0.96,Sale,368.31
Andheri East,Mumbai,Villa,3,4,1205.9,27.0,37,11.4,Semi-Furnished,0.0,1,1,0,1,0.28,1.75,Rent,142000.0
Andheri West,Mumbai,Apartment,3,3,1296.7,6.0,13,11.4,Unfurnished,1.0,1,0,1,1,1.05,1.59,Rent,113000.0
Vashi,Navi Mumbai,Penthouse,5,6,2657.2,24.0,30,3.1,Semi-Furnished,2.0,1,0,1,1,1.37,0.42,Sale,633.37
Andheri East,Mumbai,Studio,1,2,516.1,2.0,5,18.0,Semi-Furnished,2.0,1,0,1,0,0.36,0.47,Sale,49.55
Goregaon West,Mumbai,Penthouse,5,5,2144.7,7.0,15,11.0,Unfurnished,1.0,1,0,0,1,1.04,1.43,Rent,281000.0
Ghansoli,Navi Mumbai,Apartment,2,2,1009.0,25.0,26,5.6,Semi-Furnished,0.0,1,0,0,0,0.57,1.79,Rent,41000.0
Worli,Mumbai,Apartment,3,3,1575.9,3.0,17,6.8,Semi-Furnished,1.0,1,0,1,0,1.35,0.73,Sale,425.73
Kharghar,Navi Mumbai,Row House,3,3,1292.2,0.0,1,10.5,Semi-Furnished,1.0,1,0,0,1,2.08,3.44,Sale,123.89
Andheri East,Mumbai,Apartment,1,2,516.7,21.0,27,1.3,Fully Furnished,2.0,1,0,0,1,2.03,2.28,Rent,39000.0
Powai,Mumbai,Penthouse,3,3,1210.6,3.0,13,10.6,Semi-Furnished,1.0,1,1,0,1,2.64,0.97,Rent,154000.0
Bandra West,Mumbai,Penthouse,4,4,1640.0,29.0,40,4.4,Fully Furnished,2.0,1,0,0,1,0.02,2.92,Rent,436000.0
Andheri East,Mumbai,Row House,3,4,1231.0,4.0,11,24.6,Semi-Furnished,2.0,1,0,0,0,1.87,2.81,Rent,121000.0
Malad West,Mumbai,Apartment,1,1,432.2,0.0,8,4.9,Fully Furnished,0.0,1,1,0,0,1.3,1.79,Rent,25000.0
Andheri East,Mumbai,Villa,4,4,1582.7,33.0,40,,Semi-Furnished,1.0,1,1,0,1,0.68,1.11,Sale,395.34
Andheri West,Mumbai,Apartment,2,3,1091.6,26.0,31,13.3,Fully Furnished,1.0,1,0,1,1,2.4,2.52,Sale,172.28
Andheri West,Mumbai,Studio,1,2,321.7,23.0,31,1.6,Fully Furnished,1.0,1,1,0,1,3.39,2.42,Sale,47.56
Dadar,Mumbai,Row House,3,3,1769.5,0.0,11,2.2,Fully Furnished,0.0,1,0,0,1,4.65,2.4,Rent,275000.0
Powai,Mumbai,Row House,5,6,2163.6,28.0,41,19.2,Semi-Furnished,1.0,1,1,0,1,0.87,3.05,Sale,495.03
Goregaon West,Mumbai,Studio,1,1,513.3,14.0,26,2.8,Unfurnished,0.0,1,1,0,1,0.32,0.69,Sale,56.95
Lower Parel,Mumbai,Apartment,4,4,1995.3,21.0,33,11.9,Semi-Furnished,0.0,1,0,0,1,0.41,0.85,Sale,590.63
Kharghar,Navi Mumbai,Villa,4,5,1848.8,6.0,10,9.9,Semi-Furnished,0.0,1,0,1,1,0.95,1.58,Rent,147000.0
Bandra West,Mumbai,Apartment,2,2,1138.5,19.0,22,1.7,Semi-Furnished,0.0,1,0,1,1,0.28,1.37,Sale,332.41
Nerul,Navi Mumbai,Apartment,4,5,2124.0,11.0,16,7.4,Semi-Furnished,2.0,1,1,1,0,2.39,1.33,Sale,252.07
Vashi,Navi Mumbai,Penthouse,4,4,2485.6,32.0,38,2.9,Semi-Furnished,2.0,1,0,1,1,4.73,1.34,Sale,525.69
Andheri West,Mumbai,Apartment,4,4,1529.2,20.0,33,7.6,Fully Furnished,1.0,1,0,0,1,3.5,1.0,Sale,316.61
Airoli,Navi Mumbai,Apartment,3,3,1517.5,19.0,29,5.3,Semi-Furnished,1.0,1,1,0,1,0.34,2.47,Sale,121.99
Ghansoli,Navi Mumbai,Row House,4,5,1823.8,7.0,15,0.9,Semi-Furnished,1.0,1,0,0,0,0.13,2.87,Sale,244.76
Juhu,Mumbai,Row House,5,5,2057.8,2.0,10,7.7,Unfurnished,1.0,1,0,0,1,0.82,1.18,Rent,385000.0
Malad West,Mumbai,Apartment,3,3,1215.8,3.0,13,3.4,Semi-Furnished,1.0,1,1,1,0,0.23,0.62,Rent,84000.0
Nerul,Navi Mumbai,Villa,5,6,2066.9,25.0,34,19.8,Unfurnished,1.0,1,0,0,1,1.03,2.66,Rent,176000.0
Panvel,Navi Mumbai,Apartment,1,2,384.9,24.0,37,2.3,Fully Furnished,1.0,1,1,0,0,0.06,1.07,Sale,25.89
Andheri East,Mumbai,Studio,1,1,536.9,32.0,36,2.4,Unfurnished,1.0,1,0,0,1,0.37,2.23,Sale,67.5
Powai,Mumbai,Studio,1,1,600.7,30.0,35,6.5,Semi-Furnished,1.0,1,1,0,1,0.2,3.13,Rent,36000.0
Goregaon West,Mumbai,Apartment,1,1,480.8,3.0,9,7.1,Unfurnished,1.0,1,0,0,1,0.87,2.9,Sale,48.41
Worli,Mumbai,Villa,3,4,1470.3,15.0,26,9.8,Unfurnished,0.0,1,1,0,1,0.06,2.25,Rent,312000.0
Vashi,Navi Mumbai,Apartment,3,3,1542.5,14.0,24,12.7,Semi-Furnished,0.0,1,0,0,1,1.59,0.69,Sale,152.94
Goregaon West,Mumbai,Apartment,2,3,861.8,18.0,20,4.4,Unfurnished,1.0,1,1,0,1,1.05,1.86,Sale,122.58
Dadar,Mumbai,Apartment,2,3,808.5,32.0,36,11.3,Fully Furnished,1.0,1,1,0,1,0.87,1.46,Rent,91000.0
Panvel,Navi Mumbai,Villa,4,5,2358.8,0.0,7,2.5,Semi-Furnished,1.0,1,1,0,0,0.76,1.64,Sale,273.65
Bandra West,Mumbai,Apartment,3,3,1259.5,22.0,26,0.1,Semi-Furnished,1.0,1,1,0,1,0.88,3.43,Rent,178000.0
Malad West,Mumbai,Apartment,2,2,1213.3,6.0,10,4.0,Semi-Furnished,0.0,1,1,0,1,2.09,1.06,Rent,84000.0
Kharghar,Navi Mumbai,Apartment,2,3,1042.5,2.0,6,1.4,Fully Furnished,1.0,1,0,0,1,0.29,1.23,Sale,94.44
Ghansoli,Navi Mumbai,Row House,3,4,1114.1,22.0,34,1.3,Semi-Furnished,1.0,1,0,0,1,0.61,0.92,Rent,57000.0
Lower Parel,Mumbai,Apartment,2,2,1237.1,0.0,7,15.1,Unfurnished,1.0,1,0,0,1,0.9,1.37,Rent,178000.0
Santacruz West,Mumbai,Apartment,3,3,1686.8,20.0,23,12.3,Semi-Furnished,0.0,1,1,0,1,0.9,2.07,Rent,199000.0
Andheri West,Mumbai,Row House,3,4,1695.6,27.0,36,0.8,Unfurnished,1.0,1,0,1,1,1.29,1.96,Rent,227000.0
Dadar,Mumbai,Apartment,2,3,950.5,9.0,14,15.2,Unfurnished,0.0,1,1,1,1,1.03,2.9,Rent,104000.0
Santacruz West,Mumbai,Villa,4,5,1871.7,25.0,28,12.8,Semi-Furnished,1.0,1,1,0,1,1.49,3.24,Rent,325000.0
Malad West,Mumbai,Apartment,2,3,1068.7,24.0,38,11.9,Semi-Furnished,1.0,1,1,0,1,0.07,0.84,Rent,77000.0
Malad West,Mumbai,Apartment,3,3,1618.2,33.0,45,6.0,Unfurnished,1.0,1,0,0,0,0.7,0.69,Sale,230.95
Thane West,Mumbai,Apartment,2,3,1215.2,1.0,8,6.2,Semi-Furnished,2.0,1,1,1,0,2.43,0.71,Rent,68000.0
Bandra West,Mumbai,Studio,1,2,354.5,19.0,26,0.7,Fully Furnished,1.0,1,1,1,0,0.75,0.38,Rent,40000.0
Borivali West,Mumbai,Row House,3,3,1936.9,15.0,17,10.9,Fully Furnished,0.0,1,0,1,1,1.15,3.48,Sale,297.02
Powai,Mumbai,Villa,5,6,2123.2,18.0,25,5.4,Semi-Furnished,2.0,1,1,1,1,1.35,2.06,Sale,663.33
Borivali West,Mumbai,Apartment,2,3,756.8,8.0,15,7.8,Semi-Furnished,1.0,1,1,1,1,1.23,3.35,Sale,93.1
Andheri West,Mumbai,Row House,4,4,2342.3,25.0,38,3.7,Fully Furnished,1.0,1,0,0,0,0.04,2.93,Sale,685.76
Airoli,Navi Mumbai,Apartment,2,3,1090.9,30.0,42,4.9,Unfurnished,1.0,1,1,1,0,0.38,3.43,Rent,44000.0
Chembur,Mumbai,Apartment,2,2,887.9,14.0,28,1.8,Unfurnished,1.0,1,1,0,1,0.26,1.44,Rent,53000.0
Kharghar,Navi Mumbai,Apartment,4,5,2237.4,1.0,5,1.6,Fully Furnished,1.0,1,1,0,1,4.19,0.86,Sale,232.33
Nerul,Navi Mumbai,Apartment,1,2,519.2,13.0,17,7.4,Semi-Furnished,2.0,1,0,0,1,0.84,1.46,Sale,46.06
Worli,Mumbai,Apartment,2,3,806.4,29.0,31,3.7,Semi-Furnished,2.0,1,1,0,1,0.08,3.35,Rent,130000.0
Andheri West,Mumbai,Apartment,1,1,447.5,22.0,23,18.1,Fully Furnished,1.0,1,0,0,0,0.76,2.0,Sale,61.11
Santacruz West,Mumbai,Apartment,3,4,1520.9,25.0,35,1.5,Semi-Furnished,1.0,1,0,0,0,2.21,1.0,Rent,173000.0
Chembur,Mumbai,Villa,4,4,2416.7,8.0,9,14.2,Fully Furnished,1.0,1,0,0,0,5.16,1.68,Rent,234000.0
Panvel,Navi Mumbai,Apartment,2,2,920.1,16.0,23,6.1,Unfurnished,1.0,1,0,0,1,0.3,2.38,Sale,58.34
Kurla,Mumbai,Row House,3,3,1180.3,18.0,24,12.8,Semi-Furnished,1.0,1,1,1,1,0.69,1.05,Sale,130.96
Andheri West,Mumbai,Apartment,1,1,531.1,29.0,38,1.6,Semi-Furnished,1.0,1,0,0,1,3.34,1.99,Rent,42000.0
Borivali West,Mumbai,Apartment,2,2,1034.2,16.0,22,4.6,Fully Furnished,1.0,1,0,0,0,0.37,0.6,Sale,132.27
Goregaon West,Mumbai,Apartment,1,2,453.6,3.0,9,22.3,Unfurnished,1.0,1,1,1,0,0.47,0.85,Sale,40.2
Vashi,Navi Mumbai,Studio,1,1,551.1,28.0,34,10.3,Unfurnished,1.0,1,0,0,1,2.53,1.59,Rent,19000.0
Chembur,Mumbai,Apartment,2,3,1127.5,7.0,8,3.3,Fully Furnished,1.0,1,1,0,1,2.57,1.05,Sale,145.84
Goregaon West,Mumbai,Apartment,1,1,506.7,20.0,25,7.1,Semi-Furnished,0.0,1,0,0,1,1.0,2.48,Rent,33000.0
Dronagiri,Navi Mumbai,Apartment,2,3,841.1,34.0,36,12.5,Semi-Furnished,1.0,1,1,0,0,2.69,3.3,Rent,21000.0
Vashi,Navi Mumbai,Villa,3,4,1735.5,7.0,19,5.8,Semi-Furnished,1.0,1,0,0,1,2.78,1.13,Rent,125000.0
Malad West,Mumbai,Row House,3,3,1662.3,10.0,12,2.1,Semi-Furnished,1.0,1,0,0,1,0.22,3.01,Rent,146000.0
Andheri West,Mumbai,Villa,5,6,2899.3,14.0,23,16.1,Fully Furnished,1.0,1,1,0,0,1.59,1.68,Sale,834.72
Andheri East,Mumbai,Apartment,3,4,1707.8,30.0,37,3.6,Semi-Furnished,2.0,1,1,0,1,0.56,2.64,Sale,334.98
Malad West,Mumbai,Apartment,3,4,1436.6,16.0,23,15.8,Semi-Furnished,2.0,1,1,1,1,0.28,0.53,Sale,173.28
Andheri East,Mumbai,Villa,4,4,2269.5,26.0,28,11.2,Semi-Furnished,1.0,1,0,0,0,3.28,1.23,Sale,507.28
Andheri East,Mumbai,Apartment,4,4,2041.8,,36,,Fully Furnished,,1,0,1,0,,2.96,Sale,385.58
Borivali West,Mumbai,Apartment,2,2,965.9,5.0,12,5.5,Semi-Furnished,1.0,1,1,0,0,1.59,1.33,Rent,58000.0
Andheri East,Mumbai,Apartment,2,3,813.7,,24,,Semi-Furnished,,1,0,1,1,,2.84,Sale,130.61
Ghansoli,Navi Mumbai,Apartment,3,3,1703.1,18.0,24,4.8,Fully Furnished,1.0,1,1,0,1,0.04,1.59,Rent,83000.0
Andheri West,Mumbai,Villa,5,5,2121.5,3.0,5,5.7,Semi-Furnished,2.0,1,1,0,0,2.31,0.92,Rent,364000.0
Lower Parel,Mumbai,Apartment,2,2,977.8,3.0,6,41.7,Fully Furnished,1.0,1,1,0,1,0.07,1.32,Sale,213.39
Kurla,Mumbai,Penthouse,3,3,1276.1,17.0,28,11.3,Fully Furnished,1.0,1,0,1,0,2.64,1.0,Sale,174.38
Ulwe,Navi Mumbai,Studio,1,1,591.7,16.0,28,11.7,Unfurnished,2.0,1,0,0,1,0.11,1.95,Rent,13000.0
Andheri West,Mumbai,Apartment,3,4,1450.6,10.0,22,1.1,Unfurnished,2.0,1,0,0,1,0.45,1.84,Sale,284.81
Thane West,Mumbai,Penthouse,3,3,1386.9,10.0,21,1.9,Unfurnished,1.0,1,1,1,1,0.63,2.08,Rent,117000.0
Ulwe,Navi Mumbai,Apartment,4,5,2099.1,30.0,35,8.1,Unfurnished,1.0,1,1,1,0,0.17,1.87,Sale,151.43
Airoli,Navi Mumbai,Villa,4,5,1776.0,25.0,32,10.9,Semi-Furnished,1.0,1,0,1,1,0.98,0.37,Sale,243.68
Belapur,Navi Mumbai,Penthouse,4,4,2349.7,4.0,15,5.0,Semi-Furnished,1.0,1,1,0,1,1.52,2.36,Rent,185000.0
Malad West,Mumbai,Apartment,2,3,1213.0,23.0,27,5.7,Fully Furnished,1.0,1,0,1,0,0.24,0.35,Rent,81000.0
Andheri East,Mumbai,Apartment,2,3,883.8,21.0,35,1.0,Semi-Furnished,0.0,1,1,0,1,0.06,2.01,Sale,148.12
Kharghar,Navi Mumbai,Apartment,2,3,1278.8,0.0,12,3.2,Fully Furnished,1.0,1,0,0,1,0.5,1.55,Sale,112.35
Kopar Khairane,Navi Mumbai,Villa,5,5,2449.7,14.0,21,27.1,Semi-Furnished,2.0,1,0,1,0,0.45,1.03,Sale,290.12
Santacruz West,Mumbai,Apartment,4,4,1683.6,20.0,34,3.8,Unfurnished,1.0,1,1,0,1,0.98,1.1,Sale,435.86
Chembur,Mumbai,Apartment,2,2,1138.3,12.0,13,19.5,Semi-Furnished,1.0,1,0,1,0,0.47,2.15,Sale,111.42
Malad West,Mumbai,Studio,1,1,335.4,0.0,3,1.4,Semi-Furnished,0.0,1,0,1,1,0.81,0.58,Rent,18000.0
Nerul,Navi Mumbai,Apartment,1,1,492.9,0.0,11,2.1,Semi-Furnished,0.0,1,1,0,1,0.29,1.12,Rent,22000.0
Andheri East,Mumbai,Apartment,2,2,1110.4,9.0,21,19.5,Fully Furnished,0.0,1,1,0,0,1.64,3.43,Rent,89000.0
Borivali West,Mumbai,Apartment,1,1,476.8,13.0,26,2.2,Unfurnished,0.0,1,1,0,0,0.23,2.18,Rent,26000.0
Kurla,Mumbai,Apartment,2,2,1198.6,28.0,40,1.7,Unfurnished,1.0,1,0,0,1,0.01,2.91,Sale,124.98
Lower Parel,Mumbai,Apartment,3,3,1674.3,11.0,14,27.5,Semi-Furnished,0.0,1,1,1,0,0.17,2.93,Rent,275000.0
Malad West,Mumbai,Penthouse,3,3,1243.6,32.0,40,14.6,Semi-Furnished,1.0,1,0,0,0,2.59,2.62,Rent,124000.0
Andheri West,Mumbai,Studio,1,2,591.5,14.0,27,7.2,Fully Furnished,1.0,1,0,0,0,1.34,3.34,Rent,43000.0
Vashi,Navi Mumbai,Apartment,3,3,1667.9,16.0,22,0.3,Unfurnished,1.0,1,0,0,1,2.71,2.73,Sale,193.07
Borivali West,Mumbai,Apartment,2,3,856.6,4.0,12,12.7,Semi-Furnished,1.0,1,1,0,1,0.31,3.02,Sale,88.45
Chembur,Mumbai,Apartment,3,3,1480.1,20.0,25,4.1,Unfurnished,0.0,1,0,0,1,0.25,0.42,Rent,112000.0
Andheri East,Mumbai,Apartment,2,3,1105.7,33.0,36,2.9,Semi-Furnished,1.0,1,1,1,0,3.57,1.44,Rent,77000.0
Worli,Mumbai,Studio,1,1,454.0,15.0,26,8.5,Unfurnished,0.0,1,1,0,1,1.62,1.37,Rent,40000.0
Santacruz West,Mumbai,Apartment,2,3,1135.9,21.0,23,9.5,Fully Furnished,1.0,1,0,0,0,1.72,0.62,Sale,232.69
Juhu,Mumbai,Apartment,3,3,1799.5,12.0,15,0.2,Unfurnished,1.0,1,0,0,0,0.97,0.98,Sale,439.32
Goregaon West,Mumbai,Apartment,2,2,1146.5,13.0,19,21.2,Fully Furnished,1.0,1,1,1,1,1.42,1.38,Rent,91000.0
Andheri West,Mumbai,Apartment,2,2,1238.8,4.0,9,3.0,Unfurnished,1.0,1,0,0,0,0.08,0.62,Rent,113000.0
Juhu,Mumbai,Apartment,3,4,1460.7,4.0,15,1.2,Unfurnished,1.0,1,0,0,1,1.95,0.62,Rent,153000.0
Dronagiri,Navi Mumbai,Penthouse,4,4,1479.7,32.0,33,1.6,Unfurnished,1.0,1,0,0,0,2.21,0.77,Sale,164.68
Borivali West,Mumbai,Row House,4,4,2362.0,0.0,6,5.3,Unfurnished,2.0,1,1,0,1,0.48,1.32,Sale,403.73
Nerul,Navi Mumbai,Apartment,2,2,1134.7,28.0,41,,Unfurnished,,1,1,0,1,,2.52,Rent,43000.0
Malad West,Mumbai,Villa,5,5,2335.5,1.0,5,1.2,Semi-Furnished,1.0,1,0,0,1,0.25,1.27,Rent,269000.0
Kharghar,Navi Mumbai,Apartment,1,2,391.2,10.0,23,1.4,Unfurnished,0.0,1,0,0,0,4.66,1.12,Sale,24.35
Panvel,Navi Mumbai,Apartment,2,3,697.7,7.0,9,8.5,Semi-Furnished,1.0,1,0,0,1,0.52,2.56,Sale,37.77
Vashi,Navi Mumbai,Apartment,2,3,1082.7,18.0,27,2.0,Unfurnished,1.0,1,0,1,1,1.32,2.43,Sale,116.25
Worli,Mumbai,Villa,3,3,1021.3,9.0,14,1.3,Semi-Furnished,1.0,1,0,0,1,3.23,3.1,Rent,203000.0
Kurla,Mumbai,Apartment,1,1,633.0,29.0,39,5.8,Semi-Furnished,1.0,1,1,0,1,0.65,0.5,Rent,28000.0
Goregaon West,Mumbai,Apartment,1,1,467.3,23.0,24,6.0,Fully Furnished,0.0,1,0,0,0,0.62,2.55,Rent,33000.0
Kopar Khairane,Navi Mumbai,Apartment,1,1,543.5,2.0,5,6.9,Fully Furnished,1.0,1,0,1,1,1.24,3.1,Rent,21000.0
Belapur,Navi Mumbai,Apartment,3,4,1225.5,26.0,31,15.8,Fully Furnished,2.0,1,1,0,1,0.23,2.88,Rent,67000.0
Ulwe,Navi Mumbai,Row House,4,4,1706.0,6.0,16,37.9,Unfurnished,2.0,1,0,1,1,2.97,1.25,Rent,65000.0
Andheri West,Mumbai,Penthouse,3,3,1224.8,22.0,33,20.8,Unfurnished,2.0,1,0,0,1,0.23,1.45,Sale,297.65
Panvel,Navi Mumbai,Apartment,1,2,518.0,,9,,Semi-Furnished,,1,0,1,1,,2.76,Sale,27.47
Kopar Khairane,Navi Mumbai,Apartment,1,2,406.8,2.0,3,10.4,Unfurnished,1.0,0,0,0,1,2.68,2.88,Sale,20.42
Andheri East,Mumbai,Studio,1,1,516.5,29.0,37,0.1,Semi-Furnished,2.0,1,1,0,0,1.99,3.37,Rent,27000.0
Juhu,Mumbai,Apartment,3,3,1363.5,30.0,40,1.0,Unfurnished,0.0,1,0,0,1,1.04,3.46,Rent,154000.0
Panvel,Navi Mumbai,Apartment,2,3,1262.2,23.0,33,1.1,Semi-Furnished,0.0,1,0,0,1,0.38,1.43,Sale,96.81
Chembur,Mumbai,Apartment,4,5,1965.1,31.0,34,10.4,Semi-Furnished,2.0,1,1,0,0,2.06,1.37,Sale,301.15
Belapur,Navi Mumbai,Apartment,2,2,783.8,6.0,11,1.1,Fully Furnished,2.0,1,1,0,0,0.44,0.33,Rent,40000.0
Andheri West,Mumbai,Row House,4,4,1635.1,3.0,16,0.3,Semi-Furnished,0.0,1,1,0,0,0.05,2.26,Sale,452.83
Nerul,Navi Mumbai,Villa,4,5,1571.4,25.0,30,24.4,Unfurnished,2.0,1,0,0,0,0.57,2.76,Sale,211.06
Powai,Mumbai,Villa,4,4,1964.5,13.0,27,0.3,Unfurnished,1.0,1,0,0,1,2.61,1.1,Sale,441.36
Andheri East,Mumbai,Row House,3,3,1938.9,14.0,15,1.3,Semi-Furnished,2.0,1,0,0,0,0.15,2.67,Sale,419.11
Andheri East,Mumbai,Villa,4,4,2356.4,21.0,35,15.4,Fully Furnished,0.0,1,1,0,1,2.96,3.41,Rent,325000.0
Belapur,Navi Mumbai,Apartment,1,2,477.6,32.0,41,1.6,Semi-Furnished,2.0,1,1,0,0,1.51,1.55,Sale,40.66
Kharghar,Navi Mumbai,Villa,3,4,1676.9,7.0,8,15.2,Semi-Furnished,2.0,1,1,1,1,0.13,1.04,Sale,189.66
Lower Parel,Mumbai,Apartment,2,2,1150.3,21.0,30,4.8,Semi-Furnished,1.0,1,0,1,1,0.89,3.44,Sale,337.7
Goregaon West,Mumbai,Apartment,3,3,1596.4,29.0,38,17.6,Semi-Furnished,1.0,1,0,1,0,0.89,2.47,Sale,197.2
Airoli,Navi Mumbai,Villa,4,5,1670.8,9.0,19,3.7,Semi-Furnished,1.0,1,1,0,1,0.08,1.8,Sale,244.78
Thane West,Mumbai,Row House,3,4,1604.8,0.0,14,10.2,Fully Furnished,1.0,1,0,0,0,0.22,0.83,Sale,205.7
Belapur,Navi Mumbai,Apartment,2,3,1052.7,16.0,19,28.3,Unfurnished,1.0,1,0,0,1,2.05,2.08,Sale,64.1
Dadar,Mumbai,Apartment,4,4,1957.6,8.0,9,10.2,Fully Furnished,1.0,1,1,0,1,0.59,2.99,Rent,272000.0
Thane West,Mumbai,Studio,1,2,504.2,28.0,41,15.4,Semi-Furnished,1.0,1,0,0,1,0.15,3.11,Rent,19000.0
Dadar,Mumbai,Villa,4,5,2040.8,27.0,41,9.8,Unfurnished,1.0,1,0,1,1,1.51,1.88,Sale,612.57
Borivali West,Mumbai,Studio,1,1,323.9,13.0,24,8.1,Unfurnished,2.0,1,1,1,0,0.92,0.74,Sale,28.52
Panvel,Navi Mumbai,Apartment,2,3,1187.2,3.0,16,,Unfurnished,0.0,1,0,1,1,,1.98,Sale,61.2
Lower Parel,Mumbai,Apartment,1,2,591.7,26.0,34,3.3,Fully Furnished,0.0,1,1,0,0,0.43,0.72,Rent,79000.0
Powai,Mumbai,Apartment,3,4,1461.7,29.0,34,7.7,Semi-Furnished,1.0,1,0,1,1,1.21,2.8,Sale,285.53
Ghansoli,Navi Mumbai,Apartment,4,4,2472.5,33.0,42,17.3,Fully Furnished,1.0,1,0,1,1,4.18,0.7,Rent,106000.0
Thane West,Mumbai,Apartment,2,3,1075.8,17.0,18,2.9,Semi-Furnished,2.0,1,0,1,1,2.79,3.35,Rent,57000.0
Santacruz West,Mumbai,Row House,4,5,1906.8,5.0,19,12.3,Fully Furnished,1.0,1,0,0,0,1.01,1.57,Rent,350000.0
Ghansoli,Navi Mumbai,Penthouse,4,4,1707.2,6.0,18,12.6,Fully Furnished,1.0,1,0,0,1,2.71,3.36,Sale,215.54
Vashi,Navi Mumbai,Row House,4,4,2428.2,4.0,13,4.3,Semi-Furnished,1.0,1,1,0,1,0.41,0.9,Rent,208000.0
Andheri West,Mumbai,Apartment,4,5,2129.5,23.0,36,0.3,Semi-Furnished,0.0,1,0,0,0,0.16,0.5,Rent,280000.0
Kopar Khairane,Navi Mumbai,Penthouse,5,6,2336.1,27.0,36,0.0,Semi-Furnished,1.0,1,0,0,1,1.41,2.32,Sale,421.65
Vashi,Navi Mumbai,Villa,4,4,1859.6,29.0,40,18.7,Fully Furnished,1.0,1,1,0,1,0.34,1.56,Sale,284.15
Goregaon West,Mumbai,Studio,1,2,534.2,20.0,29,15.6,Semi-Furnished,1.0,1,0,0,1,0.29,1.55,Rent,33000.0
Andheri West,Mumbai,Apartment,2,2,738.2,18.0,25,3.8,Unfurnished,1.0,1,0,0,1,1.12,0.37,Sale,143.53
Nerul,Navi Mumbai,Penthouse,3,4,1369.4,14.0,22,4.8,Unfurnished,2.0,1,0,0,0,1.0,0.54,Rent,100000.0
Vashi,Navi Mumbai,Apartment,1,2,455.5,28.0,34,0.6,Unfurnished,1.0,1,1,0,1,0.04,0.52,Rent,21000.0
Santacruz West,Mumbai,Apartment,3,3,1339.4,16.0,20,9.3,Semi-Furnished,1.0,1,1,1,1,0.86,1.15,Sale,325.66
Ghansoli,Navi Mumbai,Penthouse,3,4,1567.4,13.0,15,18.3,Semi-Furnished,2.0,1,1,0,0,0.33,1.01,Sale,162.03
Nerul,Navi Mumbai,Penthouse,4,5,2474.3,12.0,24,5.9,Unfurnished,1.0,1,0,0,1,2.64,2.97,Rent,184000.0
Andheri East,Mumbai,Studio,1,2,540.5,4.0,9,4.9,Fully Furnished,1.0,1,1,0,1,1.69,2.63,Sale,61.82
Borivali West,Mumbai,Apartment,3,4,1341.4,22.0,28,3.0,Fully Furnished,1.0,1,1,0,1,1.76,2.44,Rent,101000.0
Malad West,Mumbai,Row House,4,4,1713.7,34.0,44,0.4,Semi-Furnished,1.0,1,0,0,1,0.1,0.89,Rent,174000.0
Panvel,Navi Mumbai,Apartment,2,2,1246.4,5.0,17,0.5,Unfurnished,1.0,1,1,0,1,1.44,1.49,Sale,87.45
Bandra West,Mumbai,Apartment,1,2,643.1,31.0,41,3.2,Semi-Furnished,2.0,1,0,1,1,1.98,1.53,Rent,67000.0
Chembur,Mumbai,Apartment,2,3,934.4,24.0,31,4.4,Semi-Furnished,1.0,1,0,0,1,0.06,2.68,Rent,59000.0
Panvel,Navi Mumbai,Apartment,2,2,857.4,6.0,14,6.1,Unfurnished,2.0,1,1,0,1,0.55,1.5,Sale,52.8
Airoli,Navi Mumbai,Apartment,3,4,1781.1,23.0,25,0.6,Semi-Furnished,1.0,1,0,0,0,0.34,0.62,Sale,178.93
Goregaon West,Mumbai,Villa,4,5,2068.8,25.0,39,4.7,Unfurnished,2.0,1,1,1,1,0.12,3.48,Sale,514.22
Belapur,Navi Mumbai,Apartment,3,4,1768.9,5.0,16,10.2,Fully Furnished,2.0,1,0,0,1,1.33,3.16,Sale,160.22
Andheri West,Mumbai,Apartment,2,3,713.9,30.0,31,7.2,Fully Furnished,0.0,1,1,0,1,2.74,3.39,Rent,65000.0
Belapur,Navi Mumbai,Apartment,3,3,1376.6,33.0,46,28.0,Fully Furnished,1.0,1,1,1,1,1.72,3.3,Rent,73000.0
Andheri West,Mumbai,Apartment,3,3,1405.4,,14,,Semi-Furnished,,1,1,0,1,,0.7,Rent,172000.0
Thane West,Mumbai,Apartment,2,2,1011.7,3.0,11,11.5,Fully Furnished,2.0,1,0,0,1,0.99,2.09,Rent,61000.0
Nerul,Navi Mumbai,Apartment,2,3,725.4,17.0,24,8.9,Unfurnished,0.0,1,1,0,1,1.84,3.15,Sale,67.65
Andheri East,Mumbai,Apartment,3,4,1465.2,30.0,43,4.7,Semi-Furnished,1.0,1,1,0,0,2.87,2.01,Sale,253.85
Powai,Mumbai,Row House,4,5,1675.7,9.0,19,12.6,Semi-Furnished,1.0,1,1,0,1,0.26,3.19,Sale,349.24
Panvel,Navi Mumbai,Apartment,2,2,1053.8,19.0,27,4.3,Semi-Furnished,1.0,1,0,0,1,0.94,1.82,Sale,74.04
Panvel,Navi Mumbai,Penthouse,3,4,1716.2,15.0,18,5.1,Unfurnished,1.0,1,1,1,1,0.24,2.86,Sale,198.67
Vashi,Navi Mumbai,Studio,1,2,492.8,13.0,19,9.4,Fully Furnished,1.0,1,0,1,1,0.32,2.8,Rent,21000.0
Kharghar,Navi Mumbai,Studio,1,2,549.4,0.0,5,15.5,Fully Furnished,2.0,1,0,1,1,1.41,1.34,Sale,25.81
Santacruz West,Mumbai,Villa,3,3,1365.9,24.0,33,3.4,Semi-Furnished,0.0,1,1,1,1,0.08,3.48,Rent,255000.0
Malad West,Mumbai,Studio,1,1,497.2,24.0,25,3.4,Semi-Furnished,1.0,1,1,0,0,2.59,3.44,Sale,45.58
Goregaon West,Mumbai,Apartment,2,3,1078.1,1.0,7,10.2,Unfurnished,1.0,1,0,0,0,0.04,0.79,Sale,136.27
Andheri East,Mumbai,Apartment,1,1,544.8,0.0,10,4.7,Semi-Furnished,2.0,1,0,1,1,3.14,1.57,Rent,32000.0
Ghansoli,Navi Mumbai,Apartment,1,1,562.5,4.0,18,10.7,Unfurnished,1.0,1,1,0,1,1.24,1.57,Rent,17000.0
Chembur,Mumbai,Apartment,2,2,1126.9,11.0,17,4.4,Fully Furnished,0.0,1,1,0,1,3.03,1.67,Rent,75000.0
Thane West,Mumbai,Apartment,2,3,863.8,9.0,16,18.8,Unfurnished,1.0,1,0,0,0,1.65,2.08,Rent,41000.0
Dadar,Mumbai,Row House,4,4,1848.1,17.0,23,8.1,Unfurnished,1.0,1,1,0,1,0.09,3.07,Sale,515.06
Kopar Khairane,Navi Mumbai,Apartment,4,4,1569.7,15.0,26,0.2,Fully Furnished,0.0,1,1,0,1,1.09,1.76,Rent,93000.0
Andheri East,Mumbai,Apartment,2,3,903.3,32.0,38,15.7,Unfurnished,0.0,1,0,1,1,1.76,1.51,Sale,110.05
Chembur,Mumbai,Row House,4,5,2450.7,9.0,19,6.7,Unfurnished,1.0,1,0,0,1,3.68,0.89,Rent,213000.0
Lower Parel,Mumbai,Studio,1,1,375.9,7.0,10,5.4,Fully Furnished,1.0,1,1,0,1,0.26,1.27,Sale,75.0
Vashi,Navi Mumbai,Studio,1,1,559.4,29.0,39,3.2,Semi-Furnished,0.0,1,1,1,1,0.13,1.44,Sale,55.66
Bandra West,Mumbai,Studio,1,1,392.9,8.0,17,32.0,Semi-Furnished,2.0,1,0,0,1,1.48,1.99,Sale,51.81
Airoli,Navi Mumbai,Apartment,3,3,1438.1,4.0,11,5.4,Semi-Furnished,1.0,1,0,0,1,1.64,2.45,Sale,116.64
Kopar Khairane,Navi Mumbai,Studio,1,2,419.9,32.0,35,19.6,Semi-Furnished,1.0,1,0,0,1,1.92,0.95,Sale,18.53
Chembur,Mumbai,Apartment,1,1,448.6,24.0,31,1.2,Semi-Furnished,2.0,1,1,1,0,0.22,2.14,Sale,52.36
Kharghar,Navi Mumbai,Apartment,3,3,1311.9,24.0,37,0.8,Unfurnished,0.0,1,0,0,0,1.28,2.25,Rent,62000.0
Kopar Khairane,Navi Mumbai,Villa,3,4,1261.2,26.0,28,4.3,Fully Furnished,0.0,1,0,0,1,1.47,0.72,Rent,74000.0
Kharghar,Navi Mumbai,Studio,1,2,470.1,28.0,34,27.5,Semi-Furnished,1.0,1,0,0,1,0.38,3.27,Sale,25.5
Andheri East,Mumbai,Apartment,2,2,1043.6,18.0,23,1.5,Fully Furnished,1.0,1,1,0,1,2.76,0.83,Rent,77000.0
Chembur,Mumbai,Studio,1,1,415.7,11.0,20,0.2,Unfurnished,1.0,1,0,0,0,0.6,3.45,Sale,41.06
Vashi,Navi Mumbai,Apartment,2,2,1025.6,19.0,33,1.1,Semi-Furnished,1.0,1,1,0,1,1.26,1.99,Sale,129.46
Kurla,Mumbai,Apartment,2,3,1247.7,18.0,29,0.0,Fully Furnished,1.0,1,1,1,0,0.32,3.19,Rent,67000.0
Panvel,Navi Mumbai,Apartment,2,3,987.6,17.0,28,5.6,Unfurnished,1.0,1,1,0,1,0.74,3.3,Rent,33000.0
Kopar Khairane,Navi Mumbai,Apartment,1,1,578.7,9.0,23,0.5,Fully Furnished,0.0,1,1,0,1,1.54,1.56,Rent,21000.0
Kopar Khairane,Navi Mumbai,Apartment,3,4,1537.8,21.0,34,,Semi-Furnished,1.0,1,0,0,1,1.32,1.81,Rent,68000.0
Dadar,Mumbai,Villa,3,4,1291.3,10.0,19,7.7,Fully Furnished,0.0,1,1,0,1,2.63,2.52,Rent,196000.0
Andheri West,Mumbai,Apartment,3,4,1261.4,4.0,9,4.2,Unfurnished,1.0,1,0,0,1,0.51,0.63,Rent,122000.0
Dronagiri,Navi Mumbai,Apartment,4,4,1558.9,24.0,35,7.3,Semi-Furnished,1.0,1,0,0,1,1.92,1.77,Rent,51000.0
Belapur,Navi Mumbai,Apartment,1,1,547.2,19.0,32,6.8,Fully Furnished,0.0,1,1,0,1,3.88,0.86,Rent,23000.0
Andheri West,Mumbai,Apartment,3,3,1535.6,21.0,23,3.4,Fully Furnished,1.0,1,0,0,1,2.37,0.72,Rent,179000.0
Ghansoli,Navi Mumbai,Villa,4,4,1775.9,9.0,13,4.2,Unfurnished,2.0,1,1,1,1,3.4,3.15,Rent,102000.0
Airoli,Navi Mumbai,Apartment,2,3,1048.9,32.0,34,3.7,Unfurnished,1.0,1,0,0,0,6.44,1.34,Rent,39000.0
Lower Parel,Mumbai,Penthouse,4,5,1727.3,4.0,14,0.3,Fully Furnished,2.0,1,0,0,1,0.47,1.64,Sale,959.27
Chembur,Mumbai,Studio,1,1,433.8,0.0,11,2.4,Semi-Furnished,1.0,1,0,0,0,0.5,2.1,Sale,39.75
Thane West,Mumbai,Apartment,3,3,1461.5,8.0,19,2.8,Unfurnished,1.0,1,0,0,0,3.26,0.76,Sale,161.63
Juhu,Mumbai,Apartment,4,5,1595.3,27.0,30,0.2,Semi-Furnished,0.0,1,1,0,0,0.41,1.62,Sale,449.9
Goregaon West,Mumbai,Apartment,2,2,1117.4,31.0,42,2.8,Fully Furnished,0.0,1,0,0,0,0.23,1.11,Sale,169.26
Nerul,Navi Mumbai,Row House,3,3,1175.2,5.0,7,0.2,Fully Furnished,2.0,1,0,0,0,0.4,0.95,Sale,163.71
Bandra West,Mumbai,Penthouse,3,4,1531.5,1.0,11,1.5,Unfurnished,1.0,1,1,0,0,1.1,1.06,Sale,601.27
Goregaon West,Mumbai,Apartment,1,2,542.8,21.0,27,6.7,Fully Furnished,1.0,1,0,1,1,1.0,1.28,Sale,77.93
Thane West,Mumbai,Apartment,2,3,1073.3,29.0,41,19.4,Unfurnished,1.0,1,1,0,1,0.01,0.3,Rent,60000.0
Santacruz West,Mumbai,Apartment,4,4,1750.0,18.0,32,7.8,Unfurnished,1.0,1,0,0,1,1.17,0.42,Sale,405.85
Ghansoli,Navi Mumbai,Villa,4,5,1944.7,2.0,7,2.0,Fully Furnished,0.0,1,0,1,1,2.07,3.41,Sale,281.02
Goregaon West,Mumbai,Apartment,1,1,662.9,18.0,29,2.1,Fully Furnished,2.0,1,1,0,1,0.06,2.62,Sale,89.79
Goregaon West,Mumbai,Apartment,4,5,1498.4,25.0,35,4.0,Semi-Furnished,1.0,1,1,0,1,0.47,0.99,Sale,278.67
Panvel,Navi Mumbai,Apartment,3,3,1251.2,20.0,30,3.2,Unfurnished,0.0,1,1,1,0,0.19,1.84,Rent,44000.0
Dadar,Mumbai,Villa,5,5,2569.7,27.0,38,27.3,Semi-Furnished,1.0,1,0,1,1,0.05,2.03,Rent,574000.0
Powai,Mumbai,Apartment,2,3,1203.8,34.0,38,7.5,Semi-Furnished,1.0,1,0,1,0,0.46,3.38,Rent,110000.0
Dadar,Mumbai,Villa,5,6,2557.8,0.0,13,1.6,Unfurnished,1.0,1,0,1,1,0.14,2.49,Sale,970.42
Andheri East,Mumbai,Apartment,2,2,977.8,14.0,22,1.0,Fully Furnished,2.0,1,0,0,1,0.2,0.9,Sale,172.12
Andheri East,Mumbai,Penthouse,3,3,1354.8,24.0,38,7.3,Semi-Furnished,0.0,1,0,1,1,0.31,1.64,Rent,187000.0
Worli,Mumbai,Villa,3,4,1781.8,16.0,25,1.4,Semi-Furnished,0.0,1,1,1,1,0.37,0.69,Sale,778.38
Kurla,Mumbai,Apartment,2,2,791.1,3.0,5,5.4,Fully Furnished,0.0,1,1,1,1,1.76,1.02,Rent,43000.0
Ghansoli,Navi Mumbai,Penthouse,3,3,1303.6,20.0,32,0.7,Semi-Furnished,1.0,1,0,0,0,1.51,3.44,Rent,74000.0
Goregaon West,Mumbai,Villa,3,3,1174.1,13.0,15,1.9,Semi-Furnished,2.0,1,1,1,1,0.49,2.95,Rent,131000.0
Chembur,Mumbai,Apartment,3,4,1466.0,14.0,23,2.5,Unfurnished,1.0,1,0,0,1,1.41,0.45,Sale,220.95
Vashi,Navi Mumbai,Apartment,1,1,407.3,8.0,11,2.6,Semi-Furnished,1.0,1,1,0,1,0.56,2.11,Sale,37.16
Bandra West,Mumbai,Apartment,3,4,1678.6,1.0,11,1.7,Semi-Furnished,0.0,1,1,0,1,1.98,1.78,Rent,248000.0
Kharghar,Navi Mumbai,Apartment,4,5,2247.1,33.0,43,9.3,Fully Furnished,0.0,1,1,0,0,1.31,2.46,Rent,131000.0
Andheri East,Mumbai,Apartment,2,2,982.5,22.0,32,3.8,Semi-Furnished,2.0,1,0,0,0,0.84,1.68,Rent,84000.0
Ulwe,Navi Mumbai,Villa,4,5,2254.2,7.0,9,3.3,Fully Furnished,1.0,1,1,0,0,0.42,2.09,Sale,238.25
Andheri East,Mumbai,Penthouse,4,5,1880.6,21.0,32,9.2,Fully Furnished,1.0,1,0,0,0,0.02,2.1,Sale,480.5
Kurla,Mumbai,Apartment,3,3,1690.8,29.0,33,3.7,Unfurnished,0.0,1,1,1,0,0.53,2.7,Sale,176.32
Andheri West,Mumbai,Penthouse,5,6,2424.6,7.0,10,3.7,Semi-Furnished,0.0,1,0,0,1,0.9,3.34,Sale,861.62
Dronagiri,Navi Mumbai,Apartment,2,2,1030.2,10.0,14,3.1,Semi-Furnished,1.0,1,0,1,1,0.21,0.69,Rent,31000.0
Lower Parel,Mumbai,Penthouse,5,5,3108.5,10.0,13,1.9,Unfurnished,1.0,1,1,0,1,1.48,2.79,Sale,1666.24
Vashi,Navi Mumbai,Apartment,4,4,2328.5,5.0,14,2.0,Fully Furnished,1.0,1,1,0,1,0.7,2.21,Sale,329.59
Juhu,Mumbai,Apartment,3,4,1601.0,21.0,28,18.2,Unfurnished,1.0,1,0,0,1,0.47,0.71,Rent,197000.0
Panvel,Navi Mumbai,Apartment,1,1,466.6,14.0,18,8.9,Unfurnished,2.0,1,1,0,0,0.19,2.8,Sale,25.22
Powai,Mumbai,Apartment,2,2,728.8,18.0,32,2.9,Semi-Furnished,1.0,1,0,1,0,0.1,1.35,Sale,128.53
Ghansoli,Navi Mumbai,Apartment,2,2,1178.6,13.0,17,4.9,Unfurnished,0.0,1,1,1,0,1.04,3.35,Sale,83.51
Powai,Mumbai,Studio,1,2,433.9,10.0,16,6.6,Semi-Furnished,0.0,1,0,0,0,0.29,0.67,Rent,29000.0
Powai,Mumbai,Row House,4,4,1891.2,5.0,13,1.9,Semi-Furnished,0.0,1,0,0,0,0.63,3.38,Sale,483.4
Bandra West,Mumbai,Apartment,4,5,2477.9,34.0,40,12.6,Semi-Furnished,0.0,1,1,0,0,0.6,1.66,Rent,442000.0
Worli,Mumbai,Apartment,4,5,1971.1,26.0,35,8.3,Fully Furnished,1.0,1,0,0,0,0.86,0.92,Sale,711.65
Chembur,Mumbai,Row House,3,3,1792.7,21.0,24,3.5,Fully Furnished,1.0,1,1,0,0,0.2,1.27,Sale,369.31
Juhu,Mumbai,Villa,4,5,2290.7,5.0,6,3.3,Fully Furnished,0.0,1,0,0,0,0.57,2.88,Sale,936.69
Nerul,Navi Mumbai,Studio,1,2,473.7,32.0,39,0.3,Unfurnished,0.0,1,0,0,1,0.28,0.9,Sale,39.7
Dadar,Mumbai,Apartment,2,2,876.1,15.0,28,5.9,Semi-Furnished,1.0,1,0,1,0,0.2,1.42,Rent,92000.0
Lower Parel,Mumbai,Apartment,3,4,1513.3,16.0,30,4.7,Unfurnished,1.0,1,0,1,0,0.51,2.93,Sale,429.69
Dadar,Mumbai,Studio,1,1,562.2,11.0,16,2.0,Fully Furnished,2.0,1,1,0,1,1.15,0.84,Sale,104.16
Thane West,Mumbai,Studio,1,2,356.0,23.0,25,6.9,Fully Furnished,1.0,1,0,0,0,8.48,2.7,Sale,28.95
Santacruz West,Mumbai,Studio,1,2,575.3,6.0,7,5.6,Fully Furnished,1.0,1,0,0,1,2.19,2.63,Sale,91.5
Andheri East,Mumbai,Apartment,2,3,1160.8,21.0,27,,Semi-Furnished,1.0,1,0,1,0,,2.15,Rent,92000.0
Andheri East,Mumbai,Villa,5,6,2532.1,14.0,25,4.8,Fully Furnished,2.0,1,1,0,0,0.42,1.71,Sale,772.74
Airoli,Navi Mumbai,Apartment,3,3,1828.4,24.0,36,10.9,Semi-Furnished,1.0,1,0,0,1,2.35,3.23,Sale,139.42
Kopar Khairane,Navi Mumbai,Apartment,3,4,1437.8,11.0,24,11.1,Unfurnished,2.0,1,1,0,1,1.37,2.33,Sale,121.07
Goregaon West,Mumbai,Apartment,2,2,1028.8,4.0,5,3.1,Fully Furnished,1.0,1,1,0,1,0.55,0.96,Rent,89000.0
Malad West,Mumbai,Villa,5,5,2396.6,2.0,9,8.5,Unfurnished,1.0,1,0,0,0,0.95,3.04,Sale,500.23
Vashi,Navi Mumbai,Apartment,1,2,504.0,9.0,16,0.6,Semi-Furnished,1.0,1,1,0,1,0.81,2.02,Rent,23000.0
Kurla,Mumbai,Row House,3,4,1248.7,5.0,18,3.3,Semi-Furnished,0.0,1,0,0,1,2.04,0.96,Sale,154.52
Bandra West,Mumbai,Apartment,1,2,469.7,31.0,45,10.4,Fully Furnished,0.0,1,1,0,0,0.45,2.67,Sale,112.25
Andheri East,Mumbai,Apartment,1,1,582.7,7.0,21,5.3,Fully Furnished,1.0,1,0,0,1,0.66,3.16,Rent,45000.0
Kharghar,Navi Mumbai,Apartment,2,3,918.3,33.0,35,3.3,Semi-Furnished,2.0,1,0,0,1,1.33,3.18,Rent,37000.0
Kharghar,Navi Mumbai,Apartment,2,3,1131.4,32.0,44,30.8,Fully Furnished,1.0,1,1,0,0,1.27,3.09,Rent,49000.0
Bandra West,Mumbai,Penthouse,4,5,1553.9,7.0,9,3.1,Fully Furnished,2.0,1,0,0,1,0.53,2.48,Sale,835.08
Powai,Mumbai,Penthouse,3,3,1707.8,31.0,42,0.3,Semi-Furnished,0.0,1,0,1,1,0.26,2.29,Sale,552.46
Powai,Mumbai,Villa,4,4,1919.1,2.0,8,6.8,Semi-Furnished,0.0,1,0,0,1,0.34,1.13,Rent,273000.0
Kharghar,Navi Mumbai,Row House,4,5,1975.1,14.0,28,0.6,Semi-Furnished,2.0,1,0,0,1,4.59,1.81,Sale,265.28
Bandra West,Mumbai,Apartment,3,3,1533.9,34.0,47,1.8,Semi-Furnished,1.0,1,0,0,1,4.22,0.49,Sale,482.74
Andheri West,Mumbai,Apartment,2,3,1089.6,10.0,24,13.8,Unfurnished,0.0,1,0,0,1,0.48,0.86,Sale,159.62
Nerul,Navi Mumbai,Apartment,2,2,942.0,27.0,39,7.4,Fully Furnished,1.0,1,0,0,1,1.07,1.41,Rent,47000.0
Andheri East,Mumbai,Apartment,3,4,1422.6,13.0,16,0.7,Fully Furnished,1.0,1,1,0,0,1.65,3.08,Sale,272.6
Vashi,Navi Mumbai,Apartment,3,4,1122.8,4.0,9,,Semi-Furnished,2.0,1,0,1,1,0.03,1.07,Rent,74000.0
Malad West,Mumbai,Apartment,3,3,1432.5,3.0,6,1.4,Unfurnished,1.0,1,0,0,0,3.2,2.07,Rent,92000.0
Andheri West,Mumbai,Apartment,2,2,1188.3,9.0,20,0.1,Semi-Furnished,2.0,1,0,0,0,0.08,0.44,Sale,237.02
Malad West,Mumbai,Row House,4,5,1727.0,0.0,14,7.2,Unfurnished,2.0,1,1,1,1,0.36,1.99,Rent,166000.0
Panvel,Navi Mumbai,Penthouse,4,5,1868.7,8.0,21,4.9,Semi-Furnished,0.0,1,0,0,0,0.35,2.27,Sale,228.37
Belapur,Navi Mumbai,Apartment,1,2,614.8,,28,,Semi-Furnished,,1,0,0,0,,1.99,Sale,52.04
Belapur,Navi Mumbai,Apartment,2,3,1040.3,19.0,24,1.8,Semi-Furnished,0.0,1,1,1,1,1.44,2.86,Rent,45000.0
Thane West,Mumbai,Villa,5,6,2377.1,20.0,26,0.3,Fully Furnished,1.0,1,0,0,1,0.55,1.03,Rent,245000.0
Kharghar,Navi Mumbai,Apartment,1,1,570.6,29.0,43,16.0,Fully Furnished,1.0,1,1,1,0,0.67,1.06,Rent,27000.0
Powai,Mumbai,Apartment,1,1,647.5,1.0,4,7.2,Semi-Furnished,1.0,0,0,0,1,0.0,0.93,Sale,91.33
Borivali West,Mumbai,Apartment,2,2,890.2,13.0,23,0.2,Fully Furnished,2.0,1,0,0,1,1.2,3.36,Rent,54000.0
Ghansoli,Navi Mumbai,Apartment,3,4,1709.0,11.0,18,9.7,Unfurnished,0.0,1,1,0,0,0.37,1.07,Rent,74000.0
Bandra West,Mumbai,Apartment,1,1,481.1,14.0,16,0.7,Semi-Furnished,1.0,1,1,1,1,1.31,0.99,Rent,58000.0
Andheri West,Mumbai,Apartment,4,4,1742.5,6.0,16,9.4,Unfurnished,1.0,1,0,1,0,0.72,0.61,Rent,196000.0
Powai,Mumbai,Apartment,3,3,1197.5,3.0,7,9.7,Semi-Furnished,2.0,1,0,0,1,0.46,1.66,Sale,205.72
Bandra West,Mumbai,Apartment,2,3,927.7,14.0,21,0.9,Unfurnished,1.0,1,0,0,1,0.47,1.91,Rent,113000.0
Andheri East,Mumbai,Studio,1,2,660.3,17.0,19,15.0,Semi-Furnished,1.0,1,1,1,1,1.68,1.69,Sale,58.01
Chembur,Mumbai,Apartment,1,2,490.8,5.0,10,6.3,Fully Furnished,1.0,1,0,0,1,1.13,3.17,Sale,53.66
Kurla,Mumbai,Apartment,1,1,432.7,5.0,6,2.2,Fully Furnished,1.0,1,1,0,0,2.83,0.94,Sale,35.5
Ghansoli,Navi Mumbai,Penthouse,3,4,1192.0,4.0,5,8.1,Semi-Furnished,1.0,1,0,0,1,1.23,0.88,Sale,149.41
Belapur,Navi Mumbai,Apartment,2,2,902.3,31.0,42,7.1,Semi-Furnished,0.0,1,1,0,1,4.08,2.63,Sale,73.48
Goregaon West,Mumbai,Penthouse,3,4,1427.2,0.0,5,0.9,Unfurnished,1.0,1,0,0,0,1.08,0.76,Rent,174000.0
Malad West,Mumbai,Villa,4,4,2306.7,13.0,15,14.8,Fully Furnished,1.0,1,1,0,1,0.21,3.44,Sale,450.35
Thane West,Mumbai,Villa,3,4,1491.2,2.0,11,0.8,Semi-Furnished,0.0,1,0,0,0,0.1,3.24,Rent,128000.0
Chembur,Mumbai,Apartment,2,3,1088.7,13.0,15,0.2,Fully Furnished,1.0,1,1,1,1,0.04,0.56,Sale,176.59
Malad West,Mumbai,Apartment,3,4,1931.5,17.0,29,1.1,Unfurnished,0.0,1,0,0,0,0.66,3.44,Sale,285.96
Vashi,Navi Mumbai,Apartment,1,1,511.7,8.0,12,1.0,Fully Furnished,1.0,1,1,0,1,0.28,0.63,Sale,62.91
Kurla,Mumbai,Apartment,2,2,811.4,28.0,33,9.6,Semi-Furnished,2.0,1,0,0,1,0.53,1.67,Rent,39000.0
Santacruz West,Mumbai,Villa,3,4,1151.3,32.0,34,7.1,Semi-Furnished,2.0,1,1,1,1,0.24,2.2,Sale,360.19
Kurla,Mumbai,Apartment,2,3,1154.9,15.0,20,5.5,Semi-Furnished,2.0,1,1,0,1,0.78,2.1,Sale,99.79
Borivali West,Mumbai,Apartment,3,3,1740.6,,31,,Fully Furnished,,1,0,0,1,,1.88,Sale,202.6
Kopar Khairane,Navi Mumbai,Studio,1,1,542.7,31.0,37,35.2,Semi-Furnished,1.0,1,1,0,1,0.95,1.62,Rent,17000.0
Panvel,Navi Mumbai,Apartment,3,4,1157.3,19.0,20,8.5,Fully Furnished,2.0,1,0,0,1,0.05,2.88,Sale,96.27
Andheri West,Mumbai,Studio,1,2,571.2,34.0,44,10.8,Unfurnished,0.0,1,0,0,1,0.55,0.64,Rent,40000.0
Airoli,Navi Mumbai,Villa,3,4,1239.1,12.0,22,1.2,Fully Furnished,1.0,1,0,0,1,1.8,1.35,Sale,168.64
Worli,Mumbai,Studio,1,2,6094.0,32.0,39,30.0,Semi-Furnished,1.0,1,0,0,1,0.02,2.25,Sale,100.24
Ghansoli,Navi Mumbai,Row House,3,4,1223.0,9.0,14,32.0,Semi-Furnished,1.0,1,1,0,1,2.49,2.69,Sale,85.87
Nerul,Navi Mumbai,Apartment,3,3,1190.1,,21,,Unfurnished,,1,0,0,0,,0.45,Sale,104.14
Kurla,Mumbai,Row House,3,3,1377.5,17.0,18,1.5,Fully Furnished,0.0,1,1,0,1,0.81,1.73,Sale,177.02
Bandra West,Mumbai,Penthouse,4,5,2074.7,30.0,35,0.9,Semi-Furnished,1.0,1,1,0,1,0.4,1.92,Rent,558000.0
Malad West,Mumbai,Villa,3,4,1832.6,27.0,40,2.3,Unfurnished,2.0,1,0,0,1,0.16,2.85,Rent,182000.0
Santacruz West,Mumbai,Studio,1,2,487.2,30.0,41,25.1,Fully Furnished,0.0,1,1,0,0,1.59,3.07,Rent,38000.0
Vashi,Navi Mumbai,Apartment,2,2,1114.1,1.0,13,1.0,Fully Furnished,1.0,1,0,0,1,2.29,2.35,Sale,125.13
Malad West,Mumbai,Apartment,2,2,952.6,22.0,34,8.0,Semi-Furnished,1.0,1,0,0,0,1.33,3.0,Sale,115.87
Andheri West,Mumbai,Apartment,4,5,2231.1,4.0,9,2.5,Semi-Furnished,1.0,1,0,0,1,0.01,2.74,Sale,470.42
Belapur,Navi Mumbai,Villa,5,6,2078.9,26.0,39,8.6,Fully Furnished,1.0,1,0,1,1,2.16,0.34,Rent,194000.0
Dronagiri,Navi Mumbai,Apartment,1,1,464.8,,19,,Unfurnished,,1,0,1,0,,0.71,Rent,10000.0
Lower Parel,Mumbai,Apartment,2,2,840.9,9.0,22,2.3,Unfurnished,2.0,1,0,0,0,1.12,0.69,Sale,208.63
Andheri East,Mumbai,Apartment,3,4,1438.2,17.0,24,0.9,Fully Furnished,0.0,1,0,0,1,0.32,0.89,Rent,139000.0
Malad West,Mumbai,Apartment,2,3,784.5,15.0,28,5.5,Semi-Furnished,1.0,1,1,1,0,0.06,2.25,Sale,111.5
Bandra West,Mumbai,Studio,1,2,515.2,13.0,27,4.8,Unfurnished,2.0,1,1,1,1,0.24,2.52,Rent,51000.0
Ghansoli,Navi Mumbai,Row House,4,5,1937.2,9.0,22,2.1,Semi-Furnished,1.0,1,0,1,1,1.28,0.91,Rent,122000.0
Andheri West,Mumbai,Apartment,2,3,926.3,27.0,35,5.3,Fully Furnished,1.0,1,1,0,1,2.69,2.18,Sale,166.22
Chembur,Mumbai,Studio,1,2,423.2,24.0,30,21.9,Unfurnished,0.0,1,1,0,0,0.04,1.18,Rent,20000.0
Malad West,Mumbai,Studio,1,1,449.3,34.0,37,2.7,Semi-Furnished,1.0,1,0,0,0,2.06,1.52,Sale,47.24
Santacruz West,Mumbai,Apartment,1,2,564.1,4.0,7,7.2,Semi-Furnished,1.0,1,1,0,0,0.63,2.14,Sale,99.94
Vashi,Navi Mumbai,Apartment,3,3,1770.0,8.0,9,2.7,Fully Furnished,0.0,1,0,0,0,0.3,0.46,Sale,257.22
Belapur,Navi Mumbai,Apartment,1,1,419.8,26.0,29,7.2,Unfurnished,1.0,1,0,0,1,0.24,1.7,Sale,32.17
Powai,Mumbai,Villa,3,3,1177.2,24.0,35,0.0,Semi-Furnished,0.0,1,0,0,0,1.47,2.67,Sale,307.35
Bandra West,Mumbai,Studio,1,1,600.3,23.0,31,3.6,Semi-Furnished,1.0,1,1,0,0,3.2,2.15,Rent,56000.0
Andheri West,Mumbai,Apartment,4,4,2065.2,24.0,35,0.7,Unfurnished,1.0,1,1,0,1,2.16,2.15,Rent,221000.0
Ghansoli,Navi Mumbai,Studio,1,2,478.0,19.0,25,4.6,Fully Furnished,1.0,1,1,0,1,0.53,3.36,Rent,16000.0
Airoli,Navi Mumbai,Penthouse,3,4,1256.5,23.0,30,12.8,Fully Furnished,0.0,1,0,0,1,0.18,1.08,Rent,91000.0
Vashi,Navi Mumbai,Apartment,4,5,2271.5,26.0,30,16.2,Fully Furnished,2.0,1,1,1,0,2.24,2.24,Sale,246.3
Vashi,Navi Mumbai,Apartment,3,4,1381.1,30.0,33,17.0,Semi-Furnished,1.0,1,0,1,1,0.59,3.0,Sale,143.31
Kharghar,Navi Mumbai,Penthouse,4,4,2440.0,14.0,27,3.3,Semi-Furnished,0.0,1,0,0,0,0.85,0.57,Rent,187000.0
Andheri East,Mumbai,Apartment,2,3,1195.4,30.0,39,0.6,Semi-Furnished,1.0,1,0,1,1,0.87,0.92,Sale,203.49
Ghansoli,Navi Mumbai,Studio,1,2,401.6,0.0,5,1.1,Unfurnished,0.0,1,1,1,0,0.49,0.67,Rent,11000.0
Kurla,Mumbai,Row House,4,4,2267.5,18.0,32,9.3,Fully Furnished,1.0,1,0,0,1,1.5,0.34,Sale,272.38
Thane West,Mumbai,Apartment,3,3,1678.2,3.0,4,23.2,Fully Furnished,1.0,1,0,0,1,1.4,2.12,Rent,108000.0
Lower Parel,Mumbai,Apartment,3,3,1655.0,26.0,27,31.2,Semi-Furnished,1.0,1,0,0,1,0.16,1.79,Rent,260000.0
Juhu,Mumbai,Apartment,4,4,2095.8,18.0,28,15.5,Semi-Furnished,2.0,1,1,0,0,1.02,2.61,Rent,309000.0
Andheri East,Mumbai,Apartment,2,3,1049.9,12.0,21,1.8,Unfurnished,1.0,1,0,0,0,0.12,1.58,Rent,83000.0
Panvel,Navi Mumbai,Apartment,2,2,1103.4,21.0,25,9.5,Semi-Furnished,0.0,1,1,0,0,0.19,1.31,Rent,35000.0
Andheri West,Mumbai,Apartment,1,2,631.4,7.0,14,0.5,Unfurnished,1.0,1,1,0,1,0.39,2.49,Sale,109.45
Vashi,Navi Mumbai,Row House,4,4,1730.9,24.0,37,4.5,Unfurnished,1.0,1,0,1,1,0.2,0.85,Sale,271.26
Malad West,Mumbai,Apartment,2,2,1061.6,33.0,40,21.1,Unfurnished,1.0,1,0,0,0,0.62,2.93,Rent,63000.0
Thane West,Mumbai,Apartment,1,1,454.8,29.0,39,0.4,Fully Furnished,0.0,1,1,0,0,0.22,3.09,Sale,47.68
Borivali West,Mumbai,Apartment,2,3,962.9,16.0,27,4.4,Unfurnished,2.0,1,1,0,1,1.42,0.81,Rent,59000.0
Goregaon West,Mumbai,Apartment,3,3,1310.3,31.0,43,0.6,Semi-Furnished,1.0,1,0,0,1,0.63,3.5,Rent,110000.0
Panvel,Navi Mumbai,Apartment,2,3,988.5,30.0,31,10.2,Semi-Furnished,2.0,1,1,1,1,0.37,1.16,Rent,38000.0
Borivali West,Mumbai,Row House,5,6,2747.8,12.0,26,2.9,Semi-Furnished,1.0,1,0,1,1,0.05,0.66,Rent,293000.0
Chembur,Mumbai,Villa,3,3,1651.6,2.0,14,12.4,Semi-Furnished,1.0,1,1,0,0,3.91,2.01,Rent,160000.0
Worli,Mumbai,Apartment,2,2,793.5,0.0,5,5.4,Semi-Furnished,0.0,1,0,0,0,1.4,2.12,Rent,114000.0
Kharghar,Navi Mumbai,Apartment,1,1,580.6,1.0,5,0.6,Fully Furnished,1.0,1,1,0,0,0.22,0.97,Rent,22000.0
Kopar Khairane,Navi Mumbai,Villa,4,5,2153.7,28.0,33,3.3,Semi-Furnished,0.0,1,1,1,0,1.74,2.67,Rent,139000.0
Panvel,Navi Mumbai,Apartment,3,4,1791.9,24.0,38,7.8,Fully Furnished,1.0,1,1,0,0,2.72,0.4,Sale,122.18
Powai,Mumbai,Apartment,3,4,1739.4,18.0,23,4.4,Semi-Furnished,0.0,1,1,0,0,0.56,2.89,Rent,160000.0
Bandra West,Mumbai,Apartment,2,2,1132.4,8.0,12,16.5,Semi-Furnished,1.0,1,0,0,1,0.61,3.47,Sale,239.67
Malad West,Mumbai,Row House,4,5,2262.1,11.0,16,42.3,Semi-Furnished,1.0,1,0,0,0,0.61,2.43,Rent,218000.0
Vashi,Navi Mumbai,Penthouse,3,3,1754.0,16.0,17,5.6,Semi-Furnished,0.0,1,0,0,1,2.77,3.2,Sale,263.78
Juhu,Mumbai,Row House,4,5,1738.0,32.0,38,4.3,Fully Furnished,1.0,1,1,0,0,0.88,2.45,Sale,631.83
Worli,Mumbai,Apartment,2,2,1230.0,15.0,26,2.4,Fully Furnished,1.0,1,1,0,1,0.49,2.47,Sale,390.76
Vashi,Navi Mumbai,Apartment,3,3,1318.4,29.0,43,3.0,Fully Furnished,1.0,1,0,1,0,2.83,2.62,Sale,158.71
Goregaon West,Mumbai,Villa,4,5,2407.4,33.0,40,5.2,Fully Furnished,1.0,1,1,0,0,0.84,2.18,Rent,333000.0
Nerul,Navi Mumbai,Studio,1,2,423.7,20.0,24,10.0,Unfurnished,1.0,1,1,0,0,0.21,1.06,Rent,15000.0
Andheri West,Mumbai,Apartment,3,4,1237.7,11.0,24,1.1,Semi-Furnished,1.0,1,1,0,1,0.73,0.33,Rent,131000.0
Juhu,Mumbai,Apartment,2,2,783.8,26.0,33,3.3,Unfurnished,1.0,1,1,0,1,3.85,2.64,Rent,86000.0
Panvel,Navi Mumbai,Apartment,4,4,1594.0,29.0,43,2.7,Semi-Furnished,1.0,1,1,0,1,0.86,0.39,Sale,150.23
Worli,Mumbai,Apartment,3,4,1495.3,6.0,7,13.1,Unfurnished,1.0,1,1,0,1,1.16,0.38,Sale,346.11
Kharghar,Navi Mumbai,Apartment,2,2,1247.7,10.0,11,5.4,Semi-Furnished,2.0,1,1,1,0,5.69,1.76,Sale,84.85
Kurla,Mumbai,Row House,4,4,2308.6,20.0,21,9.0,Semi-Furnished,0.0,1,0,0,1,0.18,1.8,Sale,300.88
Malad West,Mumbai,Apartment,3,4,1345.6,6.0,17,,Semi-Furnished,2.0,1,0,0,0,0.58,1.4,Rent,103000.0
Belapur,Navi Mumbai,Villa,4,4,1599.9,18.0,30,5.4,Unfurnished,1.0,1,1,1,1,4.81,2.88,Rent,107000.0
Nerul,Navi Mumbai,Apartment,1,1,571.3,17.0,21,9.1,Semi-Furnished,2.0,1,0,0,1,0.76,2.72,Sale,47.48
Kharghar,Navi Mumbai,Penthouse,4,4,2409.5,23.0,35,5.6,Unfurnished,0.0,1,1,0,0,0.39,2.18,Rent,184000.0
Malad West,Mumbai,Studio,1,2,331.0,21.0,26,1.4,Fully Furnished,0.0,1,0,0,1,1.87,3.35,Sale,33.82
Chembur,Mumbai,Row House,5,5,2860.6,20.0,23,2.8,Unfurnished,0.0,1,0,1,1,0.32,0.79,Sale,637.84
Goregaon West,Mumbai,Apartment,1,2,622.3,17.0,19,1.5,Unfurnished,1.0,1,1,0,0,0.25,3.09,Rent,37000.0
Andheri West,Mumbai,Studio,1,2,415.8,20.0,25,2.0,Unfurnished,1.0,1,0,0,0,0.3,0.64,Rent,31000.0
Ghansoli,Navi Mumbai,Penthouse,4,4,1662.4,8.0,18,2.2,Unfurnished,1.0,1,0,0,1,0.48,2.44,Sale,260.31
Andheri West,Mumbai,Apartment,1,2,4482.0,16.0,18,10.1,Semi-Furnished,2.0,1,0,0,1,1.35,1.08,Rent,39000.0
Kopar Khairane,Navi Mumbai,Apartment,1,1,579.7,19.0,24,6.1,Unfurnished,0.0,1,1,0,0,1.89,0.6,Rent,18000.0
Dadar,Mumbai,Apartment,2,2,1032.8,8.0,11,6.6,Semi-Furnished,1.0,1,0,0,1,0.52,0.97,Sale,200.45
Andheri East,Mumbai,Villa,3,4,1803.3,14.0,20,4.8,Semi-Furnished,1.0,1,1,0,1,0.14,1.83,Sale,418.45
Santacruz West,Mumbai,Apartment,4,4,1656.6,0.0,6,9.4,Semi-Furnished,1.0,1,1,0,1,0.11,1.29,Sale,393.66
Airoli,Navi Mumbai,Row House,4,5,1825.3,2.0,11,5.7,Unfurnished,1.0,1,0,0,1,2.76,2.74,Rent,91000.0
Panvel,Navi Mumbai,Row House,5,6,2045.6,27.0,30,1.6,Semi-Furnished,1.0,1,0,0,1,0.25,2.17,Rent,106000.0
Nerul,Navi Mumbai,Apartment,1,1,628.2,23.0,34,8.5,Fully Furnished,1.0,1,0,0,0,3.01,1.54,Sale,48.26
Kharghar,Navi Mumbai,Penthouse,3,3,1689.6,7.0,15,8.7,Unfurnished,0.0,1,1,1,0,0.56,2.42,Rent,121000.0
Kharghar,Navi Mumbai,Studio,1,2,608.9,7.0,9,0.2,Fully Furnished,2.0,1,1,1,1,1.25,3.01,Rent,20000.0
Belapur,Navi Mumbai,Apartment,3,3,1180.7,31.0,35,8.0,Unfurnished,0.0,1,1,0,0,0.1,0.34,Rent,65000.0
Malad West,Mumbai,Apartment,2,2,903.2,3.0,4,0.8,Unfurnished,2.0,0,0,0,0,1.31,3.32,Sale,106.12
Worli,Mumbai,Apartment,3,3,1456.3,32.0,45,20.7,Fully Furnished,2.0,1,0,1,1,4.79,3.33,Rent,267000.0
Powai,Mumbai,Penthouse,3,3,1152.8,16.0,19,0.9,Fully Furnished,1.0,1,1,1,1,0.06,0.9,Rent,187000.0
Dronagiri,Navi Mumbai,Apartment,2,2,986.9,26.0,27,4.7,Semi-Furnished,2.0,1,0,0,1,0.22,3.47,Sale,62.35
Kopar Khairane,Navi Mumbai,Apartment,4,5,1629.3,0.0,13,0.5,Fully Furnished,0.0,1,0,0,0,1.32,3.35,Sale,180.14
Bandra West,Mumbai,Apartment,3,4,1543.7,33.0,46,0.2,Fully Furnished,1.0,1,0,0,1,0.57,1.45,Sale,468.21
Kharghar,Navi Mumbai,Apartment,1,2,417.4,8.0,9,1.1,Semi-Furnished,1.0,1,0,0,1,0.64,3.31,Sale,35.05
Kopar Khairane,Navi Mumbai,Apartment,3,4,1845.3,13.0,25,0.9,Unfurnished,1.0,1,1,0,1,0.89,2.59,Sale,188.05
Andheri East,Mumbai,Apartment,4,5,1669.6,17.0,25,7.2,Semi-Furnished,1.0,1,0,1,1,0.03,1.53,Sale,326.32
Chembur,Mumbai,Apartment,3,4,1687.7,26.0,31,,Unfurnished,1.0,1,0,1,0,,3.5,Rent,103000.0
Ghansoli,Navi Mumbai,Row House,5,5,2790.0,22.0,25,9.2,Fully Furnished,1.0,1,1,0,0,3.82,1.78,Rent,144000.0
Bandra West,Mumbai,Apartment,1,2,465.8,4.0,16,29.6,Semi-Furnished,2.0,1,0,0,1,0.34,1.92,Rent,53000.0
Kharghar,Navi Mumbai,Apartment,2,3,952.9,28.0,38,13.3,Fully Furnished,0.0,1,0,0,1,1.09,2.71,Rent,44000.0
Borivali West,Mumbai,Villa,5,5,2907.6,15.0,26,11.0,Unfurnished,1.0,1,0,1,1,1.3,1.94,Rent,277000.0
Kopar Khairane,Navi Mumbai,Villa,4,5,1890.9,14.0,23,2.6,Unfurnished,1.0,1,1,0,1,0.89,2.52,Sale,232.26
Ulwe,Navi Mumbai,Apartment,2,2,1073.0,27.0,33,0.3,Unfurnished,1.0,1,0,1,1,0.06,1.61,Sale,80.21
Kopar Khairane,Navi Mumbai,Apartment,2,3,988.5,14.0,21,14.5,Fully Furnished,1.0,1,1,1,1,3.63,0.78,Rent,37000.0
Worli,Mumbai,Apartment,2,2,1017.5,33.0,40,6.9,Semi-Furnished,2.0,1,1,1,0,0.02,1.7,Rent,145000.0
Airoli,Navi Mumbai,Villa,4,4,2481.2,2.0,9,0.6,Semi-Furnished,1.0,1,1,0,1,0.08,1.18,Rent,175000.0
Belapur,Navi Mumbai,Studio,1,2,545.7,0.0,1,6.4,Unfurnished,1.0,1,1,0,0,0.92,1.21,Rent,18000.0
Borivali West,Mumbai,Apartment,4,4,1653.8,14.0,28,17.7,Fully Furnished,0.0,1,0,0,1,2.51,0.68,Rent,121000.0
Belapur,Navi Mumbai,Apartment,1,2,561.0,7.0,19,3.4,Unfurnished,1.0,1,0,1,1,2.14,0.32,Sale,41.63
Bandra West,Mumbai,Villa,5,6,2443.5,6.0,15,15.6,Fully Furnished,2.0,1,1,0,0,1.26,1.58,Sale,840.41
Vashi,Navi Mumbai,Apartment,3,3,1616.8,16.0,24,2.4,Semi-Furnished,1.0,1,1,0,1,0.55,2.01,Sale,218.14
Powai,Mumbai,Apartment,4,5,2602.3,2.0,7,1.0,Fully Furnished,2.0,1,1,1,0,0.75,1.77,Sale,563.5
Andheri West,Mumbai,Penthouse,4,4,1941.6,6.0,11,8.7,Fully Furnished,1.0,1,1,0,0,0.32,1.68,Rent,415000.0
Juhu,Mumbai,Penthouse,3,3,1425.9,,16,,Semi-Furnished,,1,1,1,0,,1.38,Sale,566.49
Kharghar,Navi Mumbai,Studio,1,2,615.0,12.0,15,3.6,Semi-Furnished,0.0,1,1,0,0,0.46,0.54,Rent,20000.0
Goregaon West,Mumbai,Apartment,2,2,972.8,31.0,35,,Unfurnished,,1,0,0,0,,3.44,Sale,138.69
Panvel,Navi Mumbai,Villa,4,5,1789.1,29.0,32,50.3,Semi-Furnished,1.0,1,0,1,1,0.77,1.43,Sale,160.79
Juhu,Mumbai,Villa,3,4,1391.8,26.0,27,1.7,Semi-Furnished,2.0,1,1,0,0,1.61,2.67,Sale,531.17
Borivali West,Mumbai,Studio,1,1,632.6,8.0,22,1.2,Semi-Furnished,0.0,1,0,0,0,0.15,1.5,Sale,64.08
Santacruz West,Mumbai,Apartment,2,2,1117.6,3.0,16,7.4,Unfurnished,1.0,1,1,1,1,0.6,2.27,Sale,222.16
Nerul,Navi Mumbai,Row House,4,4,2446.0,28.0,33,1.6,Fully Furnished,1.0,1,1,0,0,0.32,0.63,Rent,179000.0
Borivali West,Mumbai,Apartment,1,1,516.8,30.0,38,8.8,Semi-Furnished,1.0,1,1,0,1,0.99,2.02,Rent,28000.0
Vashi,Navi Mumbai,Apartment,2,2,1059.3,30.0,42,5.5,Fully Furnished,2.0,1,0,1,0,1.4,2.21,Rent,61000.0
Airoli,Navi Mumbai,Apartment,1,1,442.5,11.0,16,11.2,Fully Furnished,1.0,1,0,0,1,0.25,1.23,Sale,27.04
Vashi,Navi Mumbai,Apartment,3,3,1550.6,24.0,35,3.1,Unfurnished,2.0,1,1,0,0,0.13,3.11,Rent,83000.0
Powai,Mumbai,Apartment,4,5,2265.3,13.0,16,32.8,Semi-Furnished,1.0,1,0,0,1,0.56,2.93,Rent,241000.0
Bandra West,Mumbai,Apartment,3,4,1552.1,11.0,25,,Fully Furnished,2.0,1,1,0,1,,1.67,Sale,581.95
Airoli,Navi Mumbai,Studio,1,2,458.2,17.0,23,4.3,Semi-Furnished,2.0,1,0,0,0,0.05,1.61,Sale,30.39
Bandra West,Mumbai,Villa,4,4,2123.6,18.0,24,2.9,Semi-Furnished,2.0,1,0,0,1,0.1,2.07,Sale,942.66
Airoli,Navi Mumbai,Apartment,2,2,1213.3,6.0,13,7.5,Semi-Furnished,1.0,1,0,0,1,0.48,3.39,Sale,101.74
Lower Parel,Mumbai,Apartment,2,2,986.0,21.0,28,3.5,Semi-Furnished,1.0,1,1,0,0,0.64,1.5,Sale,220.35
Kopar Khairane,Navi Mumbai,Apartment,3,4,1151.8,31.0,36,28.7,Semi-Furnished,0.0,1,0,0,0,1.51,3.42,Sale,75.83
Nerul,Navi Mumbai,Row House,3,4,1058.3,1.0,8,16.9,Semi-Furnished,1.0,1,1,0,1,0.33,2.18,Sale,109.71
Dronagiri,Navi Mumbai,Studio,1,1,330.1,13.0,16,5.6,Semi-Furnished,1.0,1,0,1,1,0.15,1.93,Rent,7000.0
Goregaon West,Mumbai,Apartment,3,3,1721.0,20.0,32,0.5,Semi-Furnished,1.0,1,0,1,1,0.02,2.25,Sale,287.78
Nerul,Navi Mumbai,Apartment,4,5,1980.0,22.0,25,13.7,Unfurnished,1.0,1,1,0,1,2.7,2.48,Sale,172.32
Thane West,Mumbai,Apartment,4,5,2462.4,8.0,22,5.5,Fully Furnished,1.0,1,0,0,0,0.21,3.14,Rent,190000.0
Worli,Mumbai,Penthouse,4,5,1758.1,18.0,31,2.6,Semi-Furnished,0.0,1,0,0,0,1.91,0.33,Rent,420000.0
Vashi,Navi Mumbai,Row House,4,5,2138.9,4.0,17,10.2,Fully Furnished,0.0,1,0,1,1,0.72,3.01,Rent,181000.0
Airoli,Navi Mumbai,Studio,1,1,403.7,20.0,31,8.8,Unfurnished,0.0,1,0,1,0,2.1,1.3,Sale,20.15
Ulwe,Navi Mumbai,Apartment,1,1,352.6,24.0,36,9.6,Unfurnished,1.0,1,1,0,0,0.14,0.72,Rent,9000.0
Nerul,Navi Mumbai,Apartment,2,2,897.1,21.0,24,28.1,Unfurnished,1.0,1,0,0,0,0.85,1.7,Sale,60.68
Kurla,Mumbai,Apartment,3,3,1548.8,3.0,12,3.6,Fully Furnished,2.0,1,0,1,0,0.39,2.89,Sale,173.46
Kurla,Mumbai,Row House,3,4,1268.6,,46,,Unfurnished,,1,1,0,1,,1.71,Rent,79000.0
Panvel,Navi Mumbai,Villa,4,4,2498.3,10.0,23,1.4,Semi-Furnished,0.0,1,0,0,1,0.96,1.16,Sale,290.43
Malad West,Mumbai,Apartment,2,3,1205.1,26.0,27,14.2,Unfurnished,0.0,1,0,0,1,0.76,3.02,Rent,77000.0
Andheri West,Mumbai,Apartment,3,4,1730.2,23.0,24,11.5,Unfurnished,2.0,1,0,0,0,4.62,1.98,Sale,262.23
Goregaon West,Mumbai,Apartment,3,3,1378.1,26.0,33,22.7,Unfurnished,1.0,1,0,0,0,0.18,1.32,Rent,123000.0
Borivali West,Mumbai,Apartment,3,3,1288.4,16.0,18,2.9,Unfurnished,1.0,1,0,0,0,1.31,1.93,Rent,82000.0
Borivali West,Mumbai,Apartment,1,1,501.2,29.0,35,0.3,Unfurnished,1.0,1,1,0,0,2.34,1.3,Rent,25000.0
Powai,Mumbai,Apartment,4,4,2259.1,25.0,28,1.1,Fully Furnished,1.0,1,0,0,1,1.78,3.24,Sale,541.15
Bandra West,Mumbai,Apartment,3,3,1313.9,31.0,37,8.2,Fully Furnished,1.0,1,0,0,1,0.64,2.53,Sale,413.88
Bandra West,Mumbai,Apartment,3,3,1435.9,3.0,15,9.6,Fully Furnished,1.0,1,1,0,1,1.09,3.33,Sale,357.18
Dronagiri,Navi Mumbai,Apartment,1,2,580.6,25.0,39,10.2,Semi-Furnished,2.0,1,1,0,0,1.58,3.43,Rent,14000.0
Kurla,Mumbai,Apartment,1,1,467.5,25.0,29,1.0,Fully Furnished,1.0,1,1,0,1,3.42,3.34,Sale,38.13
Thane West,Mumbai,Row House,3,4,1179.2,4.0,11,6.4,Fully Furnished,2.0,1,1,0,1,0.1,2.33,Sale,184.41
Kharghar,Navi Mumbai,Apartment,3,3,1128.3,10.0,22,4.3,Semi-Furnished,0.0,1,0,0,1,1.35,2.81,Sale,110.66
Powai,Mumbai,Apartment,2,3,1006.5,21.0,34,0.3,Unfurnished,1.0,1,0,1,0,0.46,0.89,Sale,162.01
Kopar Khairane,Navi Mumbai,Penthouse,5,6,2319.1,12.0,21,12.2,Fully Furnished,1.0,1,0,0,0,0.64,3.04,Rent,221000.0
Nerul,Navi Mumbai,Villa,5,6,1958.0,2.0,9,14.2,Unfurnished,1.0,1,1,0,0,0.3,0.45,Sale,236.99
Andheri West,Mumbai,Apartment,3,3,1359.6,19.0,30,0.9,Unfurnished,2.0,1,0,1,0,1.27,0.89,Sale,263.41
Kurla,Mumbai,Row House,3,3,1401.6,18.0,28,0.1,Unfurnished,2.0,1,1,0,0,1.89,3.3,Sale,178.01
Airoli,Navi Mumbai,Villa,3,4,1509.9,30.0,34,2.8,Semi-Furnished,1.0,1,0,1,1,0.85,2.99,Rent,97000.0
Kopar Khairane,Navi Mumbai,Row House,5,6,2867.0,4.0,18,,Fully Furnished,,1,0,0,0,,0.65,Sale,412.49
Dadar,Mumbai,Studio,1,2,448.1,0.0,13,9.4,Fully Furnished,0.0,1,0,1,1,1.37,2.24,Rent,39000.0
Vashi,Navi Mumbai,Apartment,3,4,1708.0,30.0,41,13.0,Unfurnished,1.0,1,0,0,1,0.55,0.99,Sale,178.9
Andheri East,Mumbai,Apartment,2,2,952.0,14.0,20,10.7,Semi-Furnished,0.0,1,1,0,1,0.58,3.18,Rent,75000.0
Dronagiri,Navi Mumbai,Apartment,1,1,416.2,18.0,20,3.1,Fully Furnished,1.0,1,1,0,1,4.19,3.44,Sale,18.57
Powai,Mumbai,Apartment,1,2,337.8,17.0,20,5.3,Unfurnished,1.0,1,0,0,1,2.33,1.77,Sale,43.93
Kopar Khairane,Navi Mumbai,Row House,3,4,1459.3,29.0,33,0.9,Semi-Furnished,1.0,1,0,0,0,0.72,2.11,Sale,181.97
Vashi,Navi Mumbai,Studio,1,2,488.8,24.0,34,1.4,Semi-Furnished,2.0,1,0,0,1,0.61,0.51,Sale,44.0
Vashi,Navi Mumbai,Apartment,3,3,1459.6,28.0,33,3.0,Fully Furnished,1.0,1,0,0,1,1.03,2.56,Rent,96000.0
Lower Parel,Mumbai,Apartment,3,3,1718.9,17.0,29,4.1,Fully Furnished,0.0,1,1,0,1,1.2,3.03,Sale,533.64
Powai,Mumbai,Apartment,1,1,509.6,19.0,29,3.4,Semi-Furnished,1.0,1,0,0,0,1.79,2.86,Rent,38000.0
Andheri East,Mumbai,Apartment,2,3,1008.0,30.0,39,6.8,Unfurnished,1.0,1,0,0,1,0.16,1.45,Sale,153.62
Powai,Mumbai,Apartment,1,1,469.6,3.0,4,13.0,Fully Furnished,0.0,1,1,0,1,0.4,2.83,Rent,40000.0
Andheri East,Mumbai,Apartment,2,2,967.7,13.0,25,14.9,Fully Furnished,2.0,1,1,0,1,1.83,0.72,Rent,83000.0
Nerul,Navi Mumbai,Studio,1,2,425.6,31.0,33,4.7,Semi-Furnished,1.0,1,1,0,0,0.35,0.87,Sale,27.56
Goregaon West,Mumbai,Studio,1,2,620.0,30.0,42,8.3,Fully Furnished,1.0,1,0,1,1,2.2,0.78,Rent,36000.0
Juhu,Mumbai,Studio,1,2,522.5,33.0,38,7.6,Unfurnished,1.0,1,0,0,1,0.08,3.39,Rent,43000.0
Ulwe,Navi Mumbai,Apartment,3,3,1123.4,6.0,8,21.5,Unfurnished,0.0,1,0,0,0,5.38,2.59,Rent,35000.0
Airoli,Navi Mumbai,Apartment,2,2,1142.5,31.0,35,5.8,Unfurnished,1.0,1,0,0,1,0.05,1.77,Sale,97.94
Kopar Khairane,Navi Mumbai,Apartment,4,5,1678.5,,42,,Semi-Furnished,,1,1,0,1,,1.87,Sale,138.14
Dronagiri,Navi Mumbai,Studio,1,1,535.8,3.0,17,13.3,Semi-Furnished,2.0,1,1,0,1,0.02,0.77,Sale,20.52
Andheri East,Mumbai,Row House,3,4,1844.7,29.0,36,11.9,Unfurnished,1.0,1,0,1,1,0.1,1.51,Rent,176000.0
Thane West,Mumbai,Row House,4,4,2193.3,26.0,39,3.5,Fully Furnished,1.0,1,1,0,0,0.52,0.47,Sale,445.97
Panvel,Navi Mumbai,Apartment,3,3,1229.2,28.0,37,1.6,Fully Furnished,2.0,1,0,0,0,0.22,2.65,Sale,101.49
Kharghar,Navi Mumbai,Apartment,2,2,1017.0,21.0,26,3.3,Unfurnished,1.0,1,1,0,1,0.2,1.47,Sale,92.94
Andheri East,Mumbai,Apartment,1,1,619.9,30.0,41,7.6,Semi-Furnished,2.0,1,1,0,0,1.59,2.66,Sale,79.08
Belapur,Navi Mumbai,Penthouse,5,6,2281.3,0.0,11,3.7,Fully Furnished,1.0,1,1,1,1,0.91,3.18,Rent,239000.0
Powai,Mumbai,Apartment,2,2,1161.4,18.0,31,5.1,Unfurnished,1.0,1,1,0,1,0.01,2.23,Sale,177.2
Powai,Mumbai,Apartment,2,3,1001.5,3.0,14,4.2,Semi-Furnished,1.0,1,0,0,0,0.29,3.08,Sale,166.54
Santacruz West,Mumbai,Apartment,4,4,2478.5,22.0,32,13.1,Fully Furnished,0.0,1,0,1,0,0.52,1.36,Rent,378000.0
Chembur,Mumbai,Apartment,2,2,937.8,,4,,Fully Furnished,,1,0,0,0,,0.67,Sale,118.37
Chembur,Mumbai,Row House,3,3,1144.8,9.0,16,1.3,Fully Furnished,1.0,1,0,0,1,0.3,3.09,Rent,113000.0
Andheri West,Mumbai,Apartment,3,3,1260.5,34.0,43,17.1,Semi-Furnished,1.0,1,0,0,1,2.02,0.7,Rent,144000.0
Airoli,Navi Mumbai,Apartment,2,2,1256.1,29.0,43,3.2,Unfurnished,1.0,1,0,0,1,0.28,3.26,Sale,94.73
Malad West,Mumbai,Apartment,2,2,1022.3,31.0,32,0.3,Semi-Furnished,1.0,1,0,0,1,0.47,1.34,Rent,67000.0
Andheri West,Mumbai,Apartment,2,2,911.3,0.0,4,2.1,Semi-Furnished,0.0,1,1,0,1,0.75,3.12,Rent,81000.0
Airoli,Navi Mumbai,Studio,1,2,676.3,3.0,16,4.5,Fully Furnished,0.0,1,1,0,0,0.4,1.67,Sale,46.58
Ulwe,Navi Mumbai,Apartment,3,4,1409.7,0.0,4,3.2,Fully Furnished,0.0,1,0,0,0,0.09,0.85,Rent,46000.0
Airoli,Navi Mumbai,Apartment,1,2,406.4,6.0,19,5.6,Fully Furnished,2.0,1,1,1,1,0.68,0.66,Sale,28.51
Nerul,Navi Mumbai,Villa,4,5,1563.9,12.0,26,,Unfurnished,2.0,1,1,0,0,,3.14,Rent,118000.0
Vashi,Navi Mumbai,Apartment,1,2,619.3,,36,,Fully Furnished,,1,0,0,1,,2.11,Sale,54.28
Santacruz West,Mumbai,Penthouse,4,5,1746.1,0.0,10,31.1,Fully Furnished,1.0,1,0,1,1,3.47,1.31,Rent,331000.0
Andheri West,Mumbai,Apartment,1,2,470.0,11.0,19,14.7,Unfurnished,2.0,1,1,0,0,1.54,2.1,Rent,39000.0
Kurla,Mumbai,Villa,3,3,1251.5,33.0,38,4.8,Semi-Furnished,0.0,1,1,0,1,0.2,2.94,Sale,191.43
Goregaon West,Mumbai,Apartment,2,3,1073.2,4.0,9,0.5,Fully Furnished,0.0,1,0,0,1,0.35,2.74,Sale,177.77
Malad West,Mumbai,Villa,4,4,2083.9,5.0,17,8.7,Semi-Furnished,0.0,1,1,1,0,1.07,1.13,Sale,440.02
Panvel,Navi Mumbai,Studio,1,2,646.7,14.0,26,7.6,Unfurnished,2.0,1,0,0,1,0.0,3.42,Sale,31.09
Worli,Mumbai,Apartment,1,2,486.4,,21,,Semi-Furnished,,1,1,1,0,,1.81,Sale,125.64
Andheri West,Mumbai,Apartment,2,2,997.6,25.0,33,0.3,Unfurnished,0.0,1,0,0,1,0.08,1.7,Sale,214.36
Powai,Mumbai,Row House,3,3,1310.9,16.0,23,16.7,Semi-Furnished,0.0,1,1,0,0,0.15,2.78,Rent,156000.0
Kharghar,Navi Mumbai,Villa,3,4,1580.4,7.0,9,6.1,Unfurnished,0.0,1,1,0,0,0.92,3.22,Rent,101000.0
Juhu,Mumbai,Apartment,1,1,490.9,20.0,32,1.0,Unfurnished,1.0,1,1,0,0,0.8,1.18,Rent,45000.0
Belapur,Navi Mumbai,Apartment,1,1,605.9,2.0,8,8.5,Unfurnished,2.0,1,1,0,0,1.83,0.56,Sale,39.91
Worli,Mumbai,Apartment,3,3,1458.6,26.0,35,8.5,Fully Furnished,1.0,1,1,0,1,0.99,2.54,Rent,262000.0
Worli,Mumbai,Penthouse,3,3,1360.6,1.0,15,4.7,Semi-Furnished,2.0,1,1,0,0,0.51,1.62,Sale,568.84
Chembur,Mumbai,Penthouse,5,6,2352.4,30.0,40,0.5,Unfurnished,1.0,1,0,0,0,0.43,3.29,Sale,632.19
Belapur,Navi Mumbai,Apartment,2,3,1060.2,11.0,14,7.6,Unfurnished,0.0,1,0,0,0,0.05,1.62,Sale,83.05
Goregaon West,Mumbai,Villa,3,4,1604.8,17.0,31,0.8,Semi-Furnished,2.0,1,1,1,0,1.67,3.02,Rent,185000.0
Kharghar,Navi Mumbai,Studio,1,2,512.0,8.0,17,2.6,Unfurnished,0.0,1,1,1,1,0.75,2.01,Sale,33.1
Chembur,Mumbai,Apartment,3,4,1453.9,10.0,16,1.4,Unfurnished,0.0,1,1,0,0,0.93,1.09,Sale,205.5
Malad West,Mumbai,Apartment,2,2,1255.6,34.0,39,4.9,Unfurnished,1.0,1,1,0,1,1.46,2.06,Sale,162.6
Airoli,Navi Mumbai,Apartment,1,1,445.4,10.0,23,2.3,Fully Furnished,1.0,1,1,0,1,1.63,1.56,Sale,35.17
Nerul,Navi Mumbai,Apartment,4,4,1725.3,13.0,21,2.8,Semi-Furnished,1.0,1,0,0,1,2.05,2.85,Sale,179.56
Kharghar,Navi Mumbai,Apartment,1,1,373.8,13.0,20,31.8,Semi-Furnished,1.0,1,1,0,0,1.71,1.4,Rent,14000.0
Belapur,Navi Mumbai,Apartment,2,2,1034.3,20.0,29,8.6,Fully Furnished,1.0,1,0,0,1,0.02,2.06,Sale,102.2
Airoli,Navi Mumbai,Apartment,2,3,892.8,29.0,41,2.5,Semi-Furnished,2.0,1,1,1,1,0.26,2.48,Sale,94.35
Kharghar,Navi Mumbai,Penthouse,3,4,1219.7,25.0,28,0.1,Semi-Furnished,1.0,1,0,1,1,7.69,0.84,Sale,174.06
Belapur,Navi Mumbai,Apartment,2,3,798.0,4.0,10,1.7,Fully Furnished,1.0,1,1,0,1,0.1,2.11,Sale,79.0
Kharghar,Navi Mumbai,Apartment,3,4,1106.2,9.0,23,12.5,Fully Furnished,2.0,1,0,0,0,2.26,2.61,Sale,91.03
Kharghar,Navi Mumbai,Apartment,1,2,549.5,33.0,45,15.6,Unfurnished,1.0,1,0,0,1,1.71,2.63,Rent,20000.0
Vashi,Navi Mumbai,Apartment,2,2,990.0,20.0,23,1.7,Unfurnished,2.0,1,0,1,0,2.45,2.22,Sale,105.33
Panvel,Navi Mumbai,Row House,4,4,1845.7,27.0,37,4.5,Unfurnished,1.0,1,0,0,0,2.82,0.59,Rent,75000.0
Andheri East,Mumbai,Row House,5,5,2101.6,19.0,24,3.1,Unfurnished,1.0,1,0,1,0,2.61,1.89,Sale,476.95
Airoli,Navi Mumbai,Row House,3,3,1378.0,27.0,36,16.7,Fully Furnished,1.0,1,0,1,1,0.06,2.14,Sale,156.09
Airoli,Navi Mumbai,Apartment,1,2,525.3,8.0,19,0.8,Semi-Furnished,1.0,1,1,1,1,1.42,1.14,Rent,19000.0
Bandra West,Mumbai,Penthouse,5,5,2163.1,33.0,47,4.8,Semi-Furnished,0.0,1,1,0,1,0.26,1.31,Sale,1290.55
Belapur,Navi Mumbai,Apartment,3,3,1292.3,9.0,19,13.3,Unfurnished,1.0,1,0,0,0,3.01,0.65,Sale,90.7
Andheri West,Mumbai,Row House,3,4,1781.2,31.0,43,12.0,Fully Furnished,2.0,1,1,0,1,1.81,1.15,Sale,432.62
Goregaon West,Mumbai,Apartment,3,4,1425.1,26.0,38,3.4,Fully Furnished,0.0,1,0,0,0,1.15,2.24,Rent,119000.0
Panvel,Navi Mumbai,Apartment,3,3,1644.1,16.0,19,3.5,Semi-Furnished,1.0,1,1,1,1,0.09,3.44,Sale,126.78
Andheri East,Mumbai,Penthouse,4,4,2176.2,11.0,14,6.5,Unfurnished,1.0,1,1,0,1,2.28,3.44,Rent,321000.0
Belapur,Navi Mumbai,Penthouse,5,6,2671.1,3.0,13,18.1,Fully Furnished,1.0,1,0,0,1,0.01,2.57,Rent,247000.0
Belapur,Navi Mumbai,Apartment,1,2,390.3,7.0,18,1.5,Fully Furnished,1.0,1,1,0,1,2.43,1.97,Sale,32.06
Lower Parel,Mumbai,Row House,4,5,2156.5,8.0,18,1.4,Semi-Furnished,0.0,1,0,0,1,0.21,3.38,Rent,495000.0
Bandra West,Mumbai,Apartment,1,2,586.5,1.0,5,7.3,Unfurnished,1.0,1,0,0,0,4.16,2.71,Sale,104.83
Borivali West,Mumbai,Apartment,1,2,453.6,14.0,26,3.0,Fully Furnished,0.0,1,0,1,0,1.47,2.92,Sale,56.62
Vashi,Navi Mumbai,Studio,1,1,524.7,14.0,27,2.5,Fully Furnished,1.0,1,0,0,0,4.25,1.96,Sale,38.92
Ulwe,Navi Mumbai,Row House,5,6,2349.5,3.0,12,13.8,Fully Furnished,0.0,1,0,0,1,0.62,0.41,Sale,195.98
Vashi,Navi Mumbai,Apartment,4,5,1644.8,19.0,22,8.9,Semi-Furnished,1.0,1,1,1,0,1.85,1.05,Sale,199.1
Malad West,Mumbai,Apartment,3,3,1482.6,3.0,16,5.9,Semi-Furnished,1.0,1,0,0,1,2.79,3.04,Rent,104000.0
Vashi,Navi Mumbai,Apartment,3,4,1293.5,24.0,30,3.2,Unfurnished,2.0,1,1,0,0,3.73,1.55,Sale,145.27
Santacruz West,Mumbai,Apartment,2,3,939.6,3.0,13,7.3,Semi-Furnished,1.0,1,0,0,0,0.5,2.69,Sale,192.93
Nerul,Navi Mumbai,Villa,4,5,2422.7,0.0,14,5.4,Fully Furnished,1.0,1,1,0,0,2.17,3.19,Sale,414.52
Andheri West,Mumbai,Apartment,4,5,2075.4,28.0,40,10.0,Semi-Furnished,1.0,1,1,1,0,2.01,1.42,Sale,420.01
Panvel,Navi Mumbai,Villa,4,4,2059.4,23.0,35,0.1,Unfurnished,1.0,1,1,1,0,0.76,1.05,Sale,250.4
Santacruz West,Mumbai,Penthouse,4,5,1778.4,,36,,Fully Furnished,,1,0,0,1,,2.95,Sale,641.68
Ulwe,Navi Mumbai,Apartment,3,3,1166.9,3.0,17,0.8,Unfurnished,2.0,1,1,1,0,1.23,1.19,Sale,75.3
Goregaon West,Mumbai,Apartment,2,3,1009.5,13.0,15,5.0,Unfurnished,1.0,1,0,0,1,0.76,0.61,Sale,142.11
Vashi,Navi Mumbai,Apartment,3,3,1614.4,28.0,37,8.4,Fully Furnished,0.0,1,1,0,1,2.34,2.41,Sale,188.17
Kopar Khairane,Navi Mumbai,Villa,3,3,1142.0,25.0,32,4.2,Fully Furnished,0.0,1,0,0,1,3.2,2.14,Sale,155.46
Andheri West,Mumbai,Apartment,2,2,985.6,19.0,26,4.1,Unfurnished,2.0,1,0,0,1,0.41,0.46,Sale,180.01
Kopar Khairane,Navi Mumbai,Row House,3,3,1296.9,14.0,20,1.6,Semi-Furnished,0.0,1,1,1,0,2.03,2.77,Sale,147.94
Kharghar,Navi Mumbai,Apartment,1,2,446.4,31.0,39,0.4,Semi-Furnished,1.0,1,1,0,1,1.2,0.85,Rent,17000.0
Juhu,Mumbai,Apartment,3,4,1370.7,21.0,33,,Semi-Furnished,,1,0,0,0,,0.9,Sale,352.15
Borivali West,Mumbai,Apartment,2,2,1203.7,31.0,38,5.9,Unfurnished,1.0,1,1,0,0,1.05,3.33,Rent,69000.0
Kharghar,Navi Mumbai,Row House,3,4,1405.2,14.0,20,4.2,Fully Furnished,0.0,1,1,1,1,0.72,1.9,Rent,90000.0
Juhu,Mumbai,Penthouse,4,4,2172.1,24.0,29,5.8,Fully Furnished,1.0,1,1,0,1,0.65,1.86,Sale,1001.22
Chembur,Mumbai,Villa,3,3,1468.9,31.0,35,6.3,Semi-Furnished,2.0,1,1,0,1,0.21,1.53,Sale,289.92
Goregaon West,Mumbai,Apartment,3,3,1858.1,23.0,34,15.5,Unfurnished,2.0,1,0,0,1,1.06,0.97,Rent,140000.0
Vashi,Navi Mumbai,Apartment,2,2,1081.3,27.0,32,8.9,Unfurnished,1.0,1,1,1,0,0.43,3.05,Rent,55000.0
Bandra West,Mumbai,Apartment,3,4,1435.7,9.0,10,2.8,Unfurnished,1.0,1,0,1,1,0.86,1.63,Sale,407.81
Airoli,Navi Mumbai,Villa,3,3,1451.7,19.0,23,0.2,Fully Furnished,0.0,1,1,0,0,0.08,1.97,Sale,219.6
Ulwe,Navi Mumbai,Studio,1,2,567.2,16.0,18,2.7,Fully Furnished,2.0,1,1,0,1,1.81,2.76,Sale,27.76
Ulwe,Navi Mumbai,Apartment,4,5,1911.7,8.0,22,3.3,Semi-Furnished,1.0,1,0,0,1,3.02,1.93,Sale,128.59
Panvel,Navi Mumbai,Apartment,3,3,1541.7,4.0,18,2.3,Semi-Furnished,1.0,1,1,0,1,0.37,1.22,Sale,120.7
Andheri West,Mumbai,Apartment,1,1,473.4,11.0,17,1.6,Fully Furnished,0.0,1,0,0,1,0.44,1.87,Sale,80.14
Panvel,Navi Mumbai,Apartment,3,4,1543.6,25.0,31,2.9,Fully Furnished,2.0,1,0,0,1,3.07,2.52,Sale,112.75
Bandra West,Mumbai,Apartment,2,2,911.1,15.0,27,6.9,Unfurnished,0.0,1,0,0,1,1.29,0.51,Sale,199.97
Bandra West,Mumbai,Apartment,2,3,1170.3,22.0,28,4.6,Fully Furnished,0.0,1,0,0,1,0.35,1.23,Sale,316.18
Borivali West,Mumbai,Apartment,3,3,1782.7,23.0,31,3.1,Unfurnished,2.0,1,0,0,1,2.92,2.84,Sale,192.41
Worli,Mumbai,Apartment,2,2,1058.3,12.0,16,4.6,Semi-Furnished,1.0,1,0,0,0,9.17,2.16,Rent,139000.0
Nerul,Navi Mumbai,Apartment,1,1,435.1,27.0,33,0.7,Semi-Furnished,2.0,1,0,1,1,1.3,1.35,Sale,42.14
Kharghar,Navi Mumbai,Penthouse,4,5,2327.7,8.0,12,8.0,Semi-Furnished,1.0,1,0,1,1,2.08,2.99,Rent,191000.0
Dadar,Mumbai,Row House,5,5,2382.3,18.0,21,9.7,Fully Furnished,0.0,1,1,0,1,0.81,2.64,Rent,457000.0
Malad West,Mumbai,Apartment,3,4,1528.7,8.0,13,1.8,Fully Furnished,1.0,1,0,0,1,1.99,1.28,Sale,227.07
Dronagiri,Navi Mumbai,Apartment,2,2,1148.3,28.0,39,4.9,Unfurnished,2.0,1,1,0,1,1.77,3.44,Sale,69.03
Kurla,Mumbai,Penthouse,3,4,1249.5,21.0,23,7.5,Unfurnished,0.0,1,0,0,0,1.74,0.64,Rent,86000.0
Dadar,Mumbai,Row House,5,5,2633.5,20.0,23,6.4,Semi-Furnished,1.0,1,1,0,0,1.5,0.54,Rent,424000.0
Andheri East,Mumbai,Apartment,2,2,778.2,13.0,25,3.2,Semi-Furnished,1.0,1,1,0,0,4.41,0.35,Sale,116.51
Nerul,Navi Mumbai,Penthouse,5,6,2515.8,18.0,32,1.5,Unfurnished,0.0,1,0,0,0,0.4,2.91,Rent,252000.0
Kharghar,Navi Mumbai,Row House,3,3,1568.2,6.0,7,0.6,Fully Furnished,1.0,1,1,0,1,1.24,2.12,Sale,203.23
Powai,Mumbai,Apartment,4,4,2559.0,12.0,14,12.0,Fully Furnished,1.0,1,0,0,0,0.49,1.34,Sale,502.51
Andheri West,Mumbai,Studio,1,1,654.3,32.0,44,6.7,Semi-Furnished,1.0,1,0,0,0,1.15,1.0,Rent,45000.0
Kharghar,Navi Mumbai,Villa,5,6,2945.8,10.0,18,0.6,Unfurnished,1.0,1,0,0,1,0.02,0.88,Sale,524.15
Vashi,Navi Mumbai,Penthouse,4,5,2218.8,20.0,30,6.5,Fully Furnished,1.0,1,0,0,1,0.25,2.48,Rent,241000.0
Malad West,Mumbai,Apartment,1,2,678.3,6.0,9,17.4,Fully Furnished,1.0,1,0,0,1,0.31,2.56,Rent,44000.0
Kopar Khairane,Navi Mumbai,Apartment,3,3,1243.5,24.0,33,1.7,Fully Furnished,1.0,1,0,0,0,0.26,2.29,Sale,132.24
Andheri East,Mumbai,Apartment,3,3,1288.9,8.0,10,,Semi-Furnished,1.0,1,0,0,1,1.27,2.73,Sale,240.23
Kurla,Mumbai,Apartment,4,5,2595.8,3.0,12,36.0,Semi-Furnished,1.0,1,0,0,1,0.44,2.92,Rent,170000.0
Kopar Khairane,Navi Mumbai,Studio,1,2,457.2,7.0,16,4.9,Fully Furnished,1.0,1,0,0,1,0.73,2.92,Sale,27.61
Kurla,Mumbai,Apartment,3,3,1802.8,12.0,20,6.5,Semi-Furnished,1.0,1,0,0,1,3.51,2.92,Rent,96000.0
Vashi,Navi Mumbai,Penthouse,3,4,1221.8,13.0,21,2.8,Semi-Furnished,0.0,1,1,0,1,0.81,1.0,Rent,119000.0
Thane West,Mumbai,Apartment,4,4,2415.6,25.0,30,2.8,Fully Furnished,0.0,1,0,0,1,0.02,0.56,Sale,374.96
Malad West,Mumbai,Apartment,3,4,1060.7,25.0,39,2.5,Semi-Furnished,1.0,1,0,0,0,2.24,0.48,Rent,73000.0
Ulwe,Navi Mumbai,Apartment,2,2,803.6,0.0,8,19.3,Semi-Furnished,1.0,1,1,0,0,0.15,1.76,Sale,37.9
Kurla,Mumbai,Apartment,1,1,502.4,12.0,22,28.5,Fully Furnished,2.0,1,1,0,0,0.32,3.46,Sale,36.29
Ghansoli,Navi Mumbai,Apartment,1,2,701.2,33.0,38,13.3,Unfurnished,1.0,1,1,0,0,4.21,2.8,Sale,37.49
Powai,Mumbai,Apartment,2,2,1171.9,34.0,39,13.6,Fully Furnished,1.0,1,0,0,1,1.38,2.03,Rent,95000.0
Powai,Mumbai,Penthouse,3,3,1670.2,29.0,30,8.8,Fully Furnished,2.0,1,1,0,1,0.55,0.93,Rent,269000.0
Bandra West,Mumbai,Apartment,2,3,1036.8,21.0,28,15.8,Fully Furnished,0.0,1,0,0,1,0.45,2.18,Sale,216.74
Vashi,Navi Mumbai,Apartment,2,2,1018.3,31.0,41,5.7,Unfurnished,0.0,1,1,0,0,1.31,2.26,Rent,48000.0
Goregaon West,Mumbai,Apartment,3,3,1434.6,16.0,21,21.2,Semi-Furnished,1.0,1,0,1,1,1.45,2.48,Sale,174.25
Airoli,Navi Mumbai,Studio,1,1,429.6,23.0,37,17.5,Semi-Furnished,2.0,1,1,0,1,1.72,2.57,Sale,18.12
Worli,Mumbai,Apartment,2,3,1019.6,27.0,33,8.1,Fully Furnished,1.0,1,1,0,0,2.25,3.2,Sale,273.63
Ulwe,Navi Mumbai,Apartment,3,4,1193.1,8.0,11,6.7,Fully Furnished,0.0,1,0,0,0,0.19,0.9,Sale,91.23
Andheri East,Mumbai,Penthouse,5,6,2466.6,27.0,37,8.2,Semi-Furnished,1.0,1,0,1,1,2.25,1.09,Rent,356000.0
Airoli,Navi Mumbai,Villa,3,4,1236.2,3.0,13,1.2,Unfurnished,1.0,1,0,0,1,0.93,0.8,Rent,69000.0
Nerul,Navi Mumbai,Apartment,2,3,1022.1,18.0,28,7.4,Unfurnished,0.0,1,1,0,0,0.47,1.27,Sale,99.68
Nerul,Navi Mumbai,Apartment,3,4,1439.3,12.0,20,7.9,Semi-Furnished,1.0,1,1,0,1,1.55,3.48,Sale,160.66
Belapur,Navi Mumbai,Studio,1,1,365.5,28.0,30,0.8,Fully Furnished,1.0,1,0,1,1,3.68,3.44,Rent,12000.0
Panvel,Navi Mumbai,Apartment,2,2,843.3,27.0,28,11.6,Semi-Furnished,2.0,1,1,0,1,0.49,2.81,Sale,53.59
Vashi,Navi Mumbai,Apartment,3,4,1273.1,12.0,19,6.7,Unfurnished,0.0,1,0,0,0,2.11,0.9,Rent,65000.0
Andheri West,Mumbai,Apartment,3,3,1861.5,1.0,14,12.1,Unfurnished,2.0,1,0,1,0,0.34,1.02,Rent,201000.0
Bandra West,Mumbai,Row House,3,4,1524.0,0.0,7,2.4,Semi-Furnished,0.0,1,0,0,0,0.46,3.38,Sale,534.78
Ghansoli,Navi Mumbai,Apartment,1,2,649.4,33.0,38,5.4,Fully Furnished,0.0,1,1,0,1,1.98,1.18,Rent,22000.0
Vashi,Navi Mumbai,Villa,4,4,1920.4,34.0,36,0.5,Semi-Furnished,1.0,1,0,0,1,0.04,2.71,Rent,163000.0
Nerul,Navi Mumbai,Row House,3,4,1721.9,31.0,43,5.1,Fully Furnished,0.0,1,0,1,1,3.35,3.47,Sale,242.94
Worli,Mumbai,Apartment,3,3,1818.9,15.0,26,,Fully Furnished,0.0,1,0,0,0,,2.58,Sale,578.35
Andheri West,Mumbai,Studio,1,2,566.2,34.0,40,0.6,Semi-Furnished,1.0,1,0,0,1,1.65,0.31,Sale,87.88
Andheri West,Mumbai,Apartment,1,2,543.7,0.0,6,9.5,Unfurnished,1.0,1,1,0,0,2.83,2.11,Rent,33000.0
Kharghar,Navi Mumbai,Apartment,2,2,1007.1,29.0,37,0.1,Fully Furnished,1.0,1,0,0,1,2.45,2.35,Sale,97.23
Kurla,Mumbai,Penthouse,3,3,1642.2,1.0,11,18.0,Unfurnished,1.0,1,1,0,1,0.31,1.15,Rent,118000.0
Powai,Mumbai,Apartment,2,3,921.7,22.0,25,3.5,Semi-Furnished,2.0,1,1,0,0,0.16,0.99,Sale,169.53
Worli,Mumbai,Row House,5,6,2148.4,33.0,36,5.5,Unfurnished,1.0,1,0,0,1,1.63,0.51,Rent,520000.0
Juhu,Mumbai,Penthouse,4,4,1748.8,,20,,Unfurnished,,1,0,1,0,,1.92,Sale,694.09
Chembur,Mumbai,Row House,4,4,1519.9,22.0,34,4.2,Semi-Furnished,1.0,1,1,1,1,0.79,1.39,Rent,138000.0
Malad West,Mumbai,Apartment,2,3,783.2,12.0,22,,Semi-Furnished,0.0,1,0,0,0,0.44,3.49,Rent,54000.0
Nerul,Navi Mumbai,Studio,1,1,674.4,28.0,39,3.9,Fully Furnished,1.0,1,1,0,1,0.77,1.39,Rent,24000.0
Borivali West,Mumbai,Apartment,4,4,1870.6,24.0,34,6.6,Unfurnished,1.0,1,0,1,0,1.55,2.64,Rent,124000.0
Dadar,Mumbai,Apartment,2,2,767.8,23.0,37,0.9,Unfurnished,1.0,1,0,1,0,3.06,0.91,Rent,73000.0
Bandra West,Mumbai,Apartment,1,1,327.1,,43,,Fully Furnished,,1,0,0,1,,2.42,Rent,39000.0
Juhu,Mumbai,Apartment,4,5,2388.8,22.0,35,2.5,Fully Furnished,2.0,1,0,0,0,0.79,0.73,Sale,681.53
Thane West,Mumbai,Apartment,3,3,1324.5,,16,,Unfurnished,,1,1,0,0,,2.69,Sale,148.18
Worli,Mumbai,Apartment,2,2,1238.3,29.0,43,7.6,Fully Furnished,1.0,1,0,1,0,0.02,2.76,Sale,363.04
Vashi,Navi Mumbai,Apartment,2,3,880.5,18.0,21,11.1,Semi-Furnished,2.0,1,1,1,1,0.44,1.84,Rent,48000.0
Borivali West,Mumbai,Villa,4,4,2467.1,33.0,41,2.4,Semi-Furnished,1.0,1,0,0,0,0.25,2.92,Sale,600.31
Kharghar,Navi Mumbai,Studio,1,2,499.7,31.0,33,24.4,Fully Furnished,1.0,1,1,0,1,0.07,2.14,Rent,19000.0
Airoli,Navi Mumbai,Row House,4,4,1676.5,5.0,15,5.8,Semi-Furnished,1.0,1,0,1,0,0.0,2.95,Rent,104000.0
Nerul,Navi Mumbai,Penthouse,3,3,1284.6,24.0,25,2.2,Semi-Furnished,1.0,1,0,1,0,0.79,1.53,Rent,111000.0
Bandra West,Mumbai,Apartment,4,5,2121.8,,29,,Unfurnished,,1,1,0,0,,1.15,Rent,320000.0
Worli,Mumbai,Villa,4,5,1774.9,25.0,33,13.9,Unfurnished,1.0,1,0,1,0,1.61,2.28,Rent,419000.0
Andheri West,Mumbai,Penthouse,4,4,1934.1,3.0,10,22.3,Semi-Furnished,1.0,1,0,0,1,1.88,2.88,Sale,474.98
Malad West,Mumbai,Row House,4,4,2235.7,9.0,19,3.8,Semi-Furnished,0.0,1,0,0,1,4.24,2.95,Sale,428.46
Dronagiri,Navi Mumbai,Penthouse,5,6,2910.7,20.0,30,4.3,Unfurnished,1.0,1,0,0,1,2.67,1.53,Rent,147000.0
Andheri East,Mumbai,Studio,1,1,401.5,11.0,18,2.0,Semi-Furnished,1.0,1,1,0,0,2.42,1.29,Sale,48.38
Worli,Mumbai,Apartment,3,3,1386.3,14.0,15,7.2,Fully Furnished,2.0,1,1,0,1,0.29,2.59,Sale,477.66
Vashi,Navi Mumbai,Apartment,2,3,1124.7,21.0,33,10.0,Fully Furnished,1.0,1,1,0,0,2.65,3.15,Rent,61000.0
Kharghar,Navi Mumbai,Apartment,3,3,1586.5,16.0,29,4.5,Fully Furnished,2.0,1,0,0,1,1.06,1.66,Rent,75000.0
Santacruz West,Mumbai,Apartment,1,1,508.3,24.0,30,1.5,Fully Furnished,1.0,1,1,0,1,0.72,2.46,Rent,48000.0
Bandra West,Mumbai,Apartment,1,2,398.7,18.0,30,,Semi-Furnished,0.0,1,0,0,1,,1.54,Sale,78.55
Borivali West,Mumbai,Row House,4,5,1747.5,31.0,39,2.3,Semi-Furnished,1.0,1,1,0,0,2.6,0.56,Sale,306.07
Lower Parel,Mumbai,Studio,1,1,662.3,12.0,26,4.8,Fully Furnished,2.0,1,0,0,1,0.5,0.51,Rent,70000.0
Andheri West,Mumbai,Apartment,1,1,466.7,7.0,10,2.3,Fully Furnished,0.0,1,0,1,1,1.52,1.68,Rent,41000.0
Goregaon West,Mumbai,Apartment,3,4,1438.2,18.0,23,1.8,Fully Furnished,0.0,1,1,0,1,0.63,0.87,Rent,138000.0
Bandra West,Mumbai,Apartment,3,3,1536.4,32.0,35,,Fully Furnished,,1,1,0,0,,0.75,Rent,250000.0
Andheri West,Mumbai,Apartment,2,3,842.3,17.0,24,2.4,Fully Furnished,0.0,1,0,0,1,2.13,1.04,Sale,163.42
Thane West,Mumbai,Apartment,2,3,1227.6,29.0,42,6.1,Fully Furnished,1.0,1,0,1,0,0.56,2.7,Rent,75000.0
Andheri West,Mumbai,Apartment,3,4,1399.4,12.0,21,0.4,Semi-Furnished,0.0,1,1,0,0,0.94,3.42,Sale,323.18
Chembur,Mumbai,Studio,1,2,545.4,24.0,28,17.3,Semi-Furnished,0.0,1,1,0,1,0.7,1.16,Sale,44.82
Kharghar,Navi Mumbai,Apartment,3,3,1584.2,2.0,9,,Unfurnished,,1,0,0,0,,0.31,Rent,76000.0
Nerul,Navi Mumbai,Apartment,2,3,978.6,8.0,18,3.3,Unfurnished,1.0,1,1,1,1,0.63,1.83,Sale,94.08
Powai,Mumbai,Studio,1,2,431.4,3.0,13,1.4,Fully Furnished,1.0,1,0,0,0,0.05,1.29,Rent,31000.0
Andheri East,Mumbai,Apartment,2,3,1216.8,1.0,11,2.6,Unfurnished,0.0,1,0,0,0,0.06,2.52,Sale,172.1
Andheri West,Mumbai,Apartment,2,2,1071.5,1.0,11,9.0,Unfurnished,2.0,1,1,0,0,0.91,0.83,Sale,173.48
Vashi,Navi Mumbai,Apartment,3,4,1485.4,3.0,17,0.9,Fully Furnished,0.0,1,0,0,1,1.09,2.65,Sale,182.83
Kharghar,Navi Mumbai,Apartment,3,4,1439.8,30.0,39,3.4,Unfurnished,0.0,1,1,0,1,1.17,0.74,Rent,63000.0
Bandra West,Mumbai,Apartment,2,2,978.6,28.0,35,2.6,Semi-Furnished,2.0,1,0,1,0,2.2,2.95,Sale,254.5
Kopar Khairane,Navi Mumbai,Apartment,2,2,958.6,24.0,34,1.4,Semi-Furnished,1.0,1,0,0,0,1.34,2.89,Sale,87.23
Juhu,Mumbai,Villa,4,4,1796.0,7.0,18,4.3,Semi-Furnished,0.0,1,0,0,0,0.26,1.57,Sale,627.06
Santacruz West,Mumbai,Apartment,2,2,1136.2,11.0,24,15.1,Semi-Furnished,0.0,1,1,0,1,0.68,2.44,Rent,124000.0
Kharghar,Navi Mumbai,Apartment,2,3,1243.3,30.0,42,1.0,Semi-Furnished,1.0,1,1,0,1,2.53,0.68,Sale,120.52
Airoli,Navi Mumbai,Apartment,1,1,459.1,12.0,18,0.1,Semi-Furnished,2.0,1,0,0,0,0.33,0.62,Sale,34.39
Kharghar,Navi Mumbai,Villa,3,3,1762.6,13.0,21,4.6,Unfurnished,1.0,1,0,0,0,1.55,3.17,Sale,199.94
Nerul,Navi Mumbai,Studio,1,2,596.4,26.0,36,22.6,Semi-Furnished,1.0,1,0,0,1,1.59,2.81,Rent,21000.0
Goregaon West,Mumbai,Studio,1,2,502.5,24.0,29,1.8,Unfurnished,1.0,1,0,1,1,0.41,2.4,Sale,56.26
Belapur,Navi Mumbai,Apartment,2,3,927.8,10.0,18,9.4,Semi-Furnished,0.0,1,0,0,1,0.51,1.29,Rent,42000.0
Andheri West,Mumbai,Apartment,1,2,395.8,8.0,18,1.8,Semi-Furnished,1.0,1,0,0,1,4.71,1.68,Sale,59.32
Ghansoli,Navi Mumbai,Studio,1,1,518.0,,33,,Semi-Furnished,,1,0,1,0,,0.95,Sale,37.72
Santacruz West,Mumbai,Apartment,3,4,1462.8,20.0,28,1.6,Fully Furnished,2.0,1,0,0,1,0.06,2.4,Sale,410.76
Belapur,Navi Mumbai,Apartment,2,2,844.3,2.0,5,2.3,Unfurnished,1.0,1,1,1,1,0.67,2.47,Sale,79.22
Dadar,Mumbai,Villa,3,4,1786.3,7.0,18,11.5,Unfurnished,1.0,1,1,0,0,0.81,2.6,Sale,461.21
Vashi,Navi Mumbai,Apartment,1,2,365.1,34.0,37,0.6,Unfurnished,1.0,1,1,0,1,0.17,0.41,Sale,38.33
Lower Parel,Mumbai,Apartment,1,1,396.1,2.0,16,4.3,Unfurnished,1.0,1,1,1,1,3.16,1.14,Rent,42000.0
Panvel,Navi Mumbai,Apartment,3,3,1350.9,25.0,31,2.3,Unfurnished,1.0,1,0,1,0,1.09,1.14,Rent,49000.0
Andheri West,Mumbai,Apartment,4,4,2353.5,5.0,10,6.9,Semi-Furnished,0.0,1,1,0,0,0.93,3.47,Sale,528.64
Juhu,Mumbai,Apartment,1,1,458.0,5.0,19,4.2,Unfurnished,0.0,1,0,0,0,0.17,0.64,Rent,45000.0
Malad West,Mumbai,Apartment,1,1,412.3,1.0,5,3.1,Semi-Furnished,2.0,1,0,1,1,0.05,0.49,Sale,48.37
Andheri East,Mumbai,Apartment,1,2,385.8,13.0,27,,Unfurnished,0.0,1,0,0,1,2.13,0.83,Rent,25000.0
Airoli,Navi Mumbai,Villa,3,3,1217.3,7.0,17,5.9,Fully Furnished,1.0,1,0,1,1,1.31,2.0,Sale,158.67
Powai,Mumbai,Apartment,3,3,1610.9,15.0,23,5.6,Fully Furnished,1.0,1,0,1,1,1.12,0.84,Rent,168000.0
Ulwe,Navi Mumbai,Row House,4,4,2237.8,26.0,40,7.7,Semi-Furnished,1.0,1,0,0,0,0.22,0.92,Rent,93000.0
Goregaon West,Mumbai,Apartment,3,4,1824.7,,19,,Unfurnished,,1,0,0,0,,0.94,Rent,136000.0
Andheri East,Mumbai,Penthouse,5,6,3005.1,4.0,17,0.6,Fully Furnished,0.0,1,1,0,1,1.13,3.21,Sale,1103.99
Nerul,Navi Mumbai,Apartment,2,2,936.1,16.0,22,1.3,Fully Furnished,1.0,1,1,0,1,0.93,0.31,Rent,49000.0
Kharghar,Navi Mumbai,Row House,4,5,1951.0,31.0,34,3.8,Fully Furnished,0.0,1,1,0,0,1.56,2.06,Sale,245.59
Worli,Mumbai,Apartment,3,3,1159.4,26.0,28,0.7,Semi-Furnished,1.0,1,0,0,1,0.69,1.23,Rent,195000.0
Santacruz West,Mumbai,Apartment,3,4,1855.5,8.0,19,6.3,Unfurnished,0.0,1,0,1,0,0.05,1.29,Sale,442.71
Panvel,Navi Mumbai,Apartment,3,3,1522.7,4.0,9,0.3,Fully Furnished,0.0,1,0,1,0,1.92,2.69,Rent,58000.0
Powai,Mumbai,Apartment,4,5,1560.2,27.0,32,8.8,Unfurnished,1.0,1,0,1,1,2.14,0.98,Sale,288.36
Dronagiri,Navi Mumbai,Studio,1,1,494.1,3.0,9,3.3,Unfurnished,1.0,1,1,0,1,0.31,0.35,Sale,19.05
Ulwe,Navi Mumbai,Studio,1,1,485.5,26.0,30,19.5,Fully Furnished,2.0,1,1,0,1,0.13,1.17,Sale,19.04
Vashi,Navi Mumbai,Apartment,2,2,1181.3,7.0,18,6.2,Fully Furnished,0.0,1,1,0,1,1.26,2.59,Sale,121.07
Powai,Mumbai,Apartment,1,2,534.8,7.0,8,,Fully Furnished,1.0,1,0,0,1,1.55,0.98,Rent,41000.0
Kharghar,Navi Mumbai,Studio,1,1,520.4,32.0,43,2.2,Semi-Furnished,1.0,1,1,1,0,0.54,2.84,Sale,39.22
Juhu,Mumbai,Villa,4,5,1853.9,32.0,33,17.1,Semi-Furnished,1.0,1,1,0,1,1.43,3.31,Sale,538.95
Bandra West,Mumbai,Apartment,3,4,1267.8,4.0,13,14.6,Fully Furnished,0.0,1,1,0,1,2.02,1.92,Rent,204000.0
Malad West,Mumbai,Apartment,2,2,1253.3,21.0,30,6.1,Fully Furnished,2.0,1,1,0,1,0.1,2.33,Rent,97000.0
Dadar,Mumbai,Villa,3,3,1312.4,17.0,28,,Unfurnished,0.0,1,1,1,1,,2.39,Sale,321.91
Airoli,Navi Mumbai,Apartment,2,2,1126.2,31.0,35,7.0,Unfurnished,1.0,1,1,0,1,0.42,2.57,Sale,86.74
Panvel,Navi Mumbai,Studio,1,2,485.2,13.0,23,0.2,Unfurnished,1.0,1,1,0,1,0.54,2.92,Sale,26.85
Panvel,Navi Mumbai,Apartment,2,3,1095.7,34.0,46,1.2,Fully Furnished,1.0,1,0,1,1,3.25,2.21,Rent,33000.0
Kurla,Mumbai,Apartment,3,3,1628.2,28.0,38,1.8,Unfurnished,1.0,1,0,0,1,2.76,1.36,Sale,162.38
Goregaon West,Mumbai,Row House,3,4,1339.4,18.0,30,8.6,Semi-Furnished,0.0,1,1,1,1,1.15,3.18,Sale,241.08
Goregaon West,Mumbai,Villa,4,4,2050.9,34.0,39,0.7,Semi-Furnished,1.0,1,0,0,0,0.21,0.67,Sale,529.15
Dronagiri,Navi Mumbai,Apartment,2,2,1088.1,26.0,28,1.4,Unfurnished,1.0,1,0,0,1,0.51,3.22,Sale,68.8
Bandra West,Mumbai,Apartment,2,2,1128.6,34.0,37,0.7,Unfurnished,1.0,1,1,0,1,0.56,3.16,Sale,295.85
Airoli,Navi Mumbai,Apartment,4,5,2303.1,10.0,19,0.8,Unfurnished,0.0,1,0,0,1,0.23,3.47,Rent,114000.0
Chembur,Mumbai,Apartment,1,2,521.8,24.0,37,4.0,Semi-Furnished,1.0,1,0,1,0,0.7,1.94,Sale,65.47
Dadar,Mumbai,Studio,1,1,495.7,30.0,32,1.6,Semi-Furnished,2.0,1,0,1,1,0.7,2.03,Sale,86.03
Panvel,Navi Mumbai,Studio,1,1,493.2,30.0,39,1.1,Semi-Furnished,1.0,1,1,0,1,8.68,3.02,Rent,11000.0
Worli,Mumbai,Villa,4,4,2408.2,12.0,19,5.4,Unfurnished,0.0,1,1,1,0,2.44,0.38,Rent,562000.0
Airoli,Navi Mumbai,Apartment,4,4,1951.3,14.0,21,5.3,Unfurnished,1.0,1,0,1,0,0.86,1.97,Sale,193.29
Ghansoli,Navi Mumbai,Penthouse,3,4,1333.9,1.0,15,3.4,Semi-Furnished,1.0,1,0,1,1,0.49,2.54,Rent,98000.0
Kurla,Mumbai,Penthouse,3,3,1219.1,4.0,17,3.7,Semi-Furnished,2.0,1,0,0,1,1.77,1.63,Sale,164.33
Malad West,Mumbai,Apartment,3,3,1628.3,17.0,30,5.4,Semi-Furnished,1.0,1,1,0,0,0.7,1.73,Rent,135000.0
Chembur,Mumbai,Villa,3,4,1294.7,4.0,14,2.2,Fully Furnished,0.0,1,0,0,1,0.12,2.65,Sale,296.79
Ghansoli,Navi Mumbai,Villa,4,4,2002.0,31.0,42,6.3,Semi-Furnished,1.0,1,1,1,1,0.38,1.82,Rent,127000.0
Powai,Mumbai,Apartment,1,1,597.8,4.0,9,8.3,Semi-Furnished,2.0,1,0,0,0,1.38,0.55,Sale,73.15
Vashi,Navi Mumbai,Apartment,2,3,919.4,32.0,41,7.4,Semi-Furnished,1.0,1,1,0,1,0.53,2.95,Sale,99.26
Vashi,Navi Mumbai,Villa,5,5,2876.7,1.0,3,0.8,Semi-Furnished,1.0,1,0,0,1,4.9,1.0,Rent,237000.0
Panvel,Navi Mumbai,Penthouse,5,6,2434.1,14.0,19,0.0,Fully Furnished,0.0,1,0,0,1,0.14,1.04,Rent,173000.0
Andheri West,Mumbai,Apartment,2,3,1013.2,18.0,31,6.5,Unfurnished,1.0,1,0,0,1,0.02,0.93,Rent,94000.0
Kharghar,Navi Mumbai,Apartment,2,2,1234.0,,16,,Fully Furnished,,1,0,0,1,,2.54,Sale,99.24
Ghansoli,Navi Mumbai,Apartment,2,3,720.7,16.0,20,0.7,Fully Furnished,0.0,1,1,1,1,2.12,2.8,Sale,63.87
Andheri East,Mumbai,Studio,1,1,421.6,26.0,36,0.3,Fully Furnished,0.0,1,1,0,1,0.27,1.27,Sale,59.17
Malad West,Mumbai,Apartment,3,4,1670.8,24.0,28,4.2,Fully Furnished,1.0,1,1,0,0,0.57,1.27,Sale,301.43
Ulwe,Navi Mumbai,Apartment,3,4,1367.7,21.0,30,4.9,Semi-Furnished,1.0,1,0,0,1,0.49,2.94,Sale,82.33
Andheri East,Mumbai,Villa,5,6,2490.4,29.0,43,0.3,Semi-Furnished,1.0,1,1,0,1,0.12,0.49,Sale,934.35
Belapur,Navi Mumbai,Studio,1,1,510.0,0.0,2,2.1,Unfurnished,1.0,0,1,0,0,2.87,2.2,Rent,16000.0
Worli,Mumbai,Apartment,1,2,393.2,25.0,35,3.8,Semi-Furnished,2.0,1,0,0,1,1.44,2.32,Rent,56000.0
Malad West,Mumbai,Penthouse,4,5,1629.4,8.0,15,8.0,Semi-Furnished,1.0,1,0,0,1,0.2,3.31,Rent,213000.0
Airoli,Navi Mumbai,Apartment,2,2,884.9,22.0,29,2.3,Fully Furnished,0.0,1,1,0,1,1.13,0.63,Rent,39000.0
Dadar,Mumbai,Apartment,2,3,828.0,12.0,19,0.2,Fully Furnished,2.0,1,0,0,0,3.19,0.33,Sale,183.98
Lower Parel,Mumbai,Apartment,1,1,556.9,12.0,22,1.6,Semi-Furnished,0.0,1,0,1,1,2.32,0.83,Rent,67000.0
Goregaon West,Mumbai,Row House,3,3,1617.4,4.0,14,7.0,Fully Furnished,2.0,1,0,0,0,0.23,1.44,Rent,172000.0
Chembur,Mumbai,Row House,4,4,2409.8,3.0,15,4.6,Fully Furnished,1.0,1,1,0,0,0.75,3.34,Sale,477.43
Andheri East,Mumbai,Apartment,1,2,511.0,24.0,37,1.7,Fully Furnished,0.0,1,0,0,1,2.23,3.34,Rent,33000.0
Thane West,Mumbai,Apartment,3,3,1295.1,32.0,34,0.5,Fully Furnished,2.0,1,1,1,0,0.21,0.41,Rent,89000.0
Ulwe,Navi Mumbai,Row House,4,4,1954.0,7.0,10,4.4,Fully Furnished,2.0,1,0,1,1,0.59,1.98,Rent,97000.0
Malad West,Mumbai,Studio,1,2,500.3,32.0,39,1.5,Semi-Furnished,1.0,1,0,0,1,1.92,1.88,Rent,22000.0
Kharghar,Navi Mumbai,Apartment,2,2,847.1,3.0,7,1.6,Fully Furnished,1.0,1,0,0,1,1.32,1.24,Rent,38000.0
Borivali West,Mumbai,Penthouse,3,4,1814.1,19.0,27,6.3,Fully Furnished,1.0,1,1,1,1,1.91,1.14,Sale,398.49
Nerul,Navi Mumbai,Apartment,4,4,2164.9,7.0,20,11.2,Fully Furnished,1.0,1,0,1,1,1.59,0.5,Sale,227.72
Andheri West,Mumbai,Apartment,2,3,1281.4,8.0,11,3.1,Fully Furnished,1.0,1,0,0,0,0.2,1.43,Sale,238.16
Ulwe,Navi Mumbai,Apartment,1,1,437.9,14.0,25,4.1,Semi-Furnished,1.0,1,0,1,0,1.62,1.12,Rent,11000.0
Dadar,Mumbai,Apartment,2,3,1054.8,29.0,35,10.3,Unfurnished,1.0,1,0,0,1,1.12,0.96,Rent,98000.0
Malad West,Mumbai,Apartment,2,3,1135.1,12.0,24,2.0,Unfurnished,0.0,1,1,0,0,2.84,2.52,Rent,61000.0
Juhu,Mumbai,Apartment,3,3,1207.9,26.0,35,1.8,Semi-Furnished,1.0,1,1,0,0,0.1,0.49,Sale,333.73
Andheri East,Mumbai,Apartment,3,4,1636.1,10.0,17,7.1,Semi-Furnished,1.0,1,1,0,0,1.6,0.82,Sale,257.16
Lower Parel,Mumbai,Apartment,4,5,2176.1,26.0,39,0.7,Semi-Furnished,1.0,1,0,0,1,0.58,2.87,Rent,409000.0
Goregaon West,Mumbai,Villa,5,6,2804.3,0.0,8,3.7,Semi-Furnished,0.0,1,1,1,1,1.42,0.9,Rent,376000.0
Belapur,Navi Mumbai,Apartment,2,3,750.6,34.0,38,5.8,Fully Furnished,1.0,1,1,1,1,0.12,2.13,Rent,350.0
Kurla,Mumbai,Penthouse,4,5,2489.4,16.0,22,8.3,Fully Furnished,1.0,1,0,1,1,1.27,0.41,Sale,436.17
Malad West,Mumbai,Apartment,2,2,973.6,17.0,25,16.3,Fully Furnished,2.0,1,1,0,1,0.18,0.43,Rent,75000.0
Vashi,Navi Mumbai,Apartment,3,4,1680.5,16.0,22,2.3,Unfurnished,1.0,1,0,0,1,0.49,1.5,Sale,197.4
Kharghar,Navi Mumbai,Apartment,2,2,1225.9,30.0,40,3.6,Semi-Furnished,1.0,1,0,1,1,0.21,2.82,Rent,66000.0
Andheri East,Mumbai,Villa,4,5,2135.6,29.0,32,7.2,Semi-Furnished,1.0,1,1,0,0,1.35,1.28,Sale,508.39
Andheri East,Mumbai,Row House,4,5,1508.9,19.0,21,8.3,Unfurnished,2.0,1,0,0,1,1.42,1.75,Sale,299.84
Bandra West,Mumbai,Apartment,2,2,775.1,10.0,20,7.4,Semi-Furnished,2.0,1,0,0,0,1.64,0.45,Rent,91000.0
Panvel,Navi Mumbai,Apartment,2,2,1109.8,0.0,1,4.1,Semi-Furnished,0.0,1,0,0,0,0.05,2.48,Rent,35000.0
Kharghar,Navi Mumbai,Studio,1,2,347.2,10.0,15,0.8,Semi-Furnished,1.0,1,1,0,1,0.88,2.33,Sale,24.7
Worli,Mumbai,Studio,1,2,335.2,25.0,26,10.0,Semi-Furnished,1.0,1,0,1,1,0.14,2.85,Rent,39000.0
Belapur,Navi Mumbai,Apartment,3,4,1342.3,21.0,24,2.8,Semi-Furnished,1.0,1,0,0,1,1.11,2.39,Sale,147.1
Nerul,Navi Mumbai,Apartment,1,2,536.1,12.0,24,7.8,Semi-Furnished,2.0,1,0,0,0,0.63,3.22,Sale,47.05
Chembur,Mumbai,Villa,4,4,1552.0,30.0,41,0.9,Fully Furnished,2.0,1,0,0,1,0.12,0.6,Rent,186000.0
Airoli,Navi Mumbai,Apartment,3,3,1435.5,20.0,32,4.4,Fully Furnished,2.0,1,0,0,0,0.26,0.77,Rent,69000.0
Powai,Mumbai,Villa,4,4,1914.9,30.0,42,20.5,Semi-Furnished,1.0,1,0,0,1,0.44,3.16,Sale,394.25
Andheri West,Mumbai,Apartment,1,1,593.7,2.0,12,24.9,Semi-Furnished,1.0,1,0,0,0,1.4,1.3,Sale,71.68
Malad West,Mumbai,Apartment,3,4,1349.0,1.0,5,12.5,Unfurnished,2.0,1,0,1,0,0.42,3.03,Sale,152.38
Juhu,Mumbai,Apartment,1,1,368.7,2.0,13,34.6,Fully Furnished,1.0,1,0,0,1,4.47,2.46,Rent,33000.0
Lower Parel,Mumbai,Apartment,4,4,2140.9,,31,,Semi-Furnished,,1,0,1,0,,2.47,Sale,658.28
Kopar Khairane,Navi Mumbai,Apartment,3,3,1401.1,23.0,37,2.6,Fully Furnished,0.0,1,0,0,1,1.01,0.74,Rent,70000.0
Bandra West,Mumbai,Apartment,1,1,416.9,20.0,23,2.1,Semi-Furnished,1.0,1,0,0,1,0.15,3.17,Sale,90.26
Andheri West,Mumbai,Apartment,3,4,1179.5,24.0,36,1.8,Unfurnished,0.0,1,0,0,1,0.32,1.8,Sale,264.77
Dadar,Mumbai,Penthouse,4,5,2058.2,13.0,16,17.0,Semi-Furnished,1.0,1,0,1,0,1.21,3.12,Rent,353000.0
Kopar Khairane,Navi Mumbai,Apartment,2,2,1107.3,32.0,39,6.1,Fully Furnished,0.0,1,0,0,1,0.09,1.38,Rent,48000.0
Borivali West,Mumbai,Penthouse,5,5,2373.6,14.0,19,8.6,Semi-Furnished,1.0,1,1,0,0,0.55,2.79,Rent,287000.0
Lower Parel,Mumbai,Apartment,3,4,1617.7,33.0,46,30.6,Unfurnished,1.0,1,1,1,0,0.9,0.31,Rent,261000.0
Bandra West,Mumbai,Villa,4,4,2188.8,23.0,34,7.9,Fully Furnished,0.0,1,0,0,1,0.71,2.56,Sale,912.17
Andheri East,Mumbai,Apartment,2,3,1254.4,12.0,21,2.0,Unfurnished,2.0,1,0,0,1,2.01,0.74,Rent,91000.0
Dronagiri,Navi Mumbai,Apartment,2,2,961.0,0.0,3,2.1,Fully Furnished,2.0,1,1,0,1,1.97,0.42,Sale,53.75
Ulwe,Navi Mumbai,Apartment,1,1,600.8,7.0,11,0.6,Fully Furnished,1.0,1,1,0,0,0.47,2.9,Rent,18000.0
Bandra West,Mumbai,Apartment,2,3,1240.8,12.0,16,1.1,Semi-Furnished,1.0,1,1,0,1,0.17,2.93,Sale,339.89
Kopar Khairane,Navi Mumbai,Villa,3,3,1790.8,,27,,Semi-Furnished,,1,0,0,1,,0.61,Sale,215.67
Vashi,Navi Mumbai,Studio,1,1,523.8,25.0,29,3.3,Unfurnished,1.0,1,1,0,0,1.16,2.03,Sale,38.3
Airoli,Navi Mumbai,Apartment,2,3,983.1,28.0,31,4.4,Unfurnished,1.0,1,1,0,1,0.35,2.32,Sale,86.76
Dadar,Mumbai,Row House,4,4,2142.4,19.0,21,3.7,Fully Furnished,0.0,1,1,1,1,1.05,1.52,Sale,694.26
Lower Parel,Mumbai,Apartment,3,3,1845.8,18.0,32,6.3,Unfurnished,1.0,1,1,1,1,2.33,2.25,Sale,520.87
Worli,Mumbai,Apartment,2,3,1146.8,24.0,34,9.8,Fully Furnished,0.0,1,0,0,0,0.64,2.8,Rent,173000.0
Kharghar,Navi Mumbai,Apartment,1,2,463.1,21.0,25,4.0,Fully Furnished,0.0,1,1,1,1,2.96,1.92,Rent,17000.0
Andheri West,Mumbai,Studio,1,2,397.2,6.0,10,3.3,Fully Furnished,1.0,1,1,0,0,0.75,2.93,Rent,30000.0
Bandra West,Mumbai,Apartment,2,2,901.7,0.0,4,1.6,Semi-Furnished,1.0,1,0,1,1,2.62,0.85,Sale,219.32
Borivali West,Mumbai,Apartment,3,3,1162.3,23.0,37,21.0,Fully Furnished,1.0,1,1,0,1,2.62,2.3,Rent,70000.0
Kharghar,Navi Mumbai,Penthouse,4,4,2324.0,30.0,33,13.6,Semi-Furnished,0.0,1,1,0,1,0.49,0.62,Sale,315.29
Powai,Mumbai,Penthouse,3,3,1364.0,28.0,35,4.6,Semi-Furnished,1.0,1,1,0,0,0.47,3.03,Rent,214000.0
Kharghar,Navi Mumbai,Apartment,2,3,1107.8,8.0,11,23.5,Fully Furnished,1.0,1,1,0,0,1.56,3.32,Sale,77.23
Ulwe,Navi Mumbai,Apartment,3,4,1293.5,32.0,37,17.6,Semi-Furnished,2.0,1,1,0,0,0.49,0.48,Rent,48000.0
Andheri West,Mumbai,Apartment,1,1,512.6,34.0,45,1.9,Fully Furnished,2.0,1,0,0,0,0.13,1.33,Sale,99.44
Kharghar,Navi Mumbai,Apartment,2,2,1000.2,30.0,39,15.7,Fully Furnished,0.0,1,1,0,1,0.1,3.26,Rent,51000.0
Dadar,Mumbai,Apartment,4,4,1905.3,25.0,33,6.1,Fully Furnished,2.0,1,1,0,0,0.09,1.67,Sale,527.78
Airoli,Navi Mumbai,Row House,5,5,2803.6,11.0,24,9.7,Fully Furnished,1.0,1,1,0,1,0.42,0.77,Sale,336.8
Andheri East,Mumbai,Apartment,3,4,1395.4,11.0,21,3.0,Semi-Furnished,0.0,1,0,1,1,0.39,1.35,Rent,129000.0
Kharghar,Navi Mumbai,Apartment,3,4,1477.0,26.0,40,7.6,Fully Furnished,1.0,1,0,1,1,1.25,0.49,Sale,151.36
Belapur,Navi Mumbai,Villa,5,6,2926.5,,48,,Fully Furnished,,1,1,0,1,,1.61,Rent,273000.0
Kopar Khairane,Navi Mumbai,Villa,3,4,1319.8,1.0,9,3.6,Fully Furnished,2.0,1,0,0,1,0.39,1.17,Rent,95000.0
Kharghar,Navi Mumbai,Apartment,3,3,1731.5,33.0,46,,Fully Furnished,,1,0,0,1,,1.55,Sale,218.19
Worli,Mumbai,Studio,1,1,637.1,30.0,40,11.2,Fully Furnished,1.0,1,1,0,1,1.1,2.14,Rent,68000.0
Vashi,Navi Mumbai,Apartment,2,2,806.4,10.0,14,8.7,Unfurnished,1.0,1,1,0,0,0.85,3.26,Rent,38000.0
Airoli,Navi Mumbai,Apartment,1,2,499.7,6.0,14,4.2,Semi-Furnished,1.0,1,1,0,0,1.11,1.0,Sale,35.98
Chembur,Mumbai,Apartment,2,2,892.6,20.0,25,1.9,Semi-Furnished,2.0,1,0,1,1,0.28,1.13,Sale,124.64
Bandra West,Mumbai,Apartment,4,4,2153.4,19.0,26,12.0,Semi-Furnished,0.0,1,0,0,1,3.57,0.62,Sale,578.11
Kopar Khairane,Navi Mumbai,Villa,4,5,1852.6,14.0,21,2.6,Fully Furnished,0.0,1,0,0,0,0.24,1.66,Rent,143000.0
Kharghar,Navi Mumbai,Villa,5,5,1998.0,15.0,18,10.4,Unfurnished,1.0,1,1,0,0,1.08,0.38,Rent,165000.0
Kharghar,Navi Mumbai,Apartment,2,2,871.0,26.0,38,5.5,Semi-Furnished,1.0,1,0,0,1,2.63,2.33,Rent,31000.0
Powai,Mumbai,Villa,4,4,2518.8,28.0,41,15.4,Semi-Furnished,1.0,1,1,0,0,0.47,1.04,Rent,370000.0
Kharghar,Navi Mumbai,Apartment,2,3,813.5,23.0,26,2.2,Unfurnished,2.0,1,1,1,1,1.1,2.54,Sale,72.14
Thane West,Mumbai,Row House,3,3,1461.8,0.0,6,2.0,Semi-Furnished,1.0,1,0,0,0,0.04,3.37,Sale,209.55
Vashi,Navi Mumbai,Apartment,2,2,925.3,21.0,35,9.8,Semi-Furnished,1.0,1,0,0,0,0.38,2.44,Rent,46000.0
Andheri West,Mumbai,Apartment,2,3,966.3,24.0,26,10.0,Semi-Furnished,0.0,1,0,0,1,2.24,1.71,Sale,158.92
Kharghar,Navi Mumbai,Apartment,2,3,953.0,1.0,14,9.1,Semi-Furnished,1.0,1,1,0,1,0.29,1.39,Rent,43000.0
Dronagiri,Navi Mumbai,Studio,1,2,583.6,1.0,15,24.8,Fully Furnished,1.0,1,0,0,1,0.03,0.69,Sale,19.03
Juhu,Mumbai,Apartment,4,4,2279.4,9.0,19,,Semi-Furnished,,1,1,0,0,,2.81,Rent,298000.0
Ulwe,Navi Mumbai,Studio,1,2,324.9,4.0,13,10.3,Fully Furnished,0.0,1,1,0,0,0.07,2.47,Rent,9000.0
Kurla,Mumbai,Apartment,3,3,1844.8,0.0,10,4.3,Fully Furnished,1.0,1,0,0,1,0.04,3.15,Rent,113000.0
Airoli,Navi Mumbai,Villa,5,5,2449.9,5.0,10,4.3,Semi-Furnished,1.0,1,0,0,1,1.23,2.42,Sale,365.73
Nerul,Navi Mumbai,Studio,1,2,625.9,31.0,33,1.7,Semi-Furnished,1.0,1,1,0,1,0.74,3.39,Rent,21000.0
Chembur,Mumbai,Villa,3,4,1480.4,29.0,35,0.3,Semi-Furnished,1.0,1,0,0,1,0.07,2.73,Rent,144000.0
Panvel,Navi Mumbai,Apartment,2,3,1055.9,15.0,22,10.9,Unfurnished,0.0,1,0,0,0,3.13,1.32,Rent,26000.0
Airoli,Navi Mumbai,Apartment,3,3,1386.6,5.0,9,,Fully Furnished,,1,0,1,1,,2.64,Rent,85000.0
Thane West,Mumbai,Studio,1,2,417.5,3.0,9,2.5,Fully Furnished,1.0,1,1,0,0,0.68,2.67,Sale,38.59
Borivali West,Mumbai,Penthouse,3,4,1219.2,18.0,19,3.4,Unfurnished,1.0,1,0,0,1,1.46,3.48,Sale,239.93
Kharghar,Navi Mumbai,Apartment,3,4,1454.9,21.0,22,6.7,Unfurnished,1.0,1,1,0,1,0.26,0.3,Sale,126.99
Nerul,Navi Mumbai,Apartment,2,3,880.6,34.0,37,19.4,Semi-Furnished,1.0,1,0,1,0,0.81,1.65,Rent,37000.0
Panvel,Navi Mumbai,Studio,1,1,468.6,5.0,12,4.2,Fully Furnished,1.0,1,1,0,1,0.94,2.89,Rent,12000.0
Nerul,Navi Mumbai,Studio,1,1,478.4,34.0,37,4.1,Fully Furnished,1.0,1,1,0,1,1.27,0.82,Rent,18000.0
Kurla,Mumbai,Penthouse,4,4,2239.0,27.0,36,5.9,Semi-Furnished,2.0,1,1,0,0,0.22,1.47,Rent,193000.0
Belapur,Navi Mumbai,Apartment,2,3,891.9,2.0,7,7.4,Unfurnished,2.0,1,0,1,1,1.09,2.83,Rent,42000.0
Andheri West,Mumbai,Apartment,1,2,503.4,23.0,29,2.7,Unfurnished,1.0,1,0,0,1,2.24,1.53,Rent,41000.0
Santacruz West,Mumbai,Studio,1,1,605.7,4.0,10,6.6,Semi-Furnished,0.0,1,0,0,1,0.7,3.02,Sale,84.1
Bandra West,Mumbai,Apartment,2,2,1082.0,32.0,43,3.5,Unfurnished,1.0,1,1,1,0,0.23,3.25,Sale,273.52
Borivali West,Mumbai,Apartment,1,1,395.6,22.0,30,3.1,Fully Furnished,2.0,1,1,0,0,0.16,1.88,Rent,23000.0
Goregaon West,Mumbai,Villa,4,5,2318.3,6.0,8,6.2,Fully Furnished,1.0,1,0,0,1,0.06,2.21,Sale,608.52
Thane West,Mumbai,Studio,1,2,390.2,24.0,37,0.3,Fully Furnished,0.0,1,1,1,1,0.83,1.27,Rent,18000.0
Kharghar,Navi Mumbai,Penthouse,5,6,1910.3,16.0,27,4.1,Semi-Furnished,0.0,1,1,0,0,1.81,0.56,Rent,176000.0
Thane West,Mumbai,Apartment,3,3,1677.4,16.0,30,11.8,Semi-Furnished,1.0,1,0,1,1,2.35,0.97,Sale,182.85
Dadar,Mumbai,Apartment,2,2,1073.9,21.0,25,11.8,Semi-Furnished,2.0,1,0,0,0,1.92,1.03,Sale,186.58
Malad West,Mumbai,Apartment,1,1,460.4,15.0,19,,Fully Furnished,2.0,1,0,0,0,,2.88,Rent,29000.0
Goregaon West,Mumbai,Apartment,1,2,593.4,3.0,5,0.4,Fully Furnished,2.0,1,1,0,0,0.89,2.56,Rent,42000.0
Powai,Mumbai,Studio,1,1,354.5,30.0,42,0.2,Fully Furnished,2.0,1,1,0,1,1.58,1.51,Sale,51.65
Juhu,Mumbai,Apartment,3,3,1539.7,4.0,7,5.4,Semi-Furnished,1.0,1,1,0,0,0.2,3.32,Sale,332.22
Vashi,Navi Mumbai,Apartment,3,4,1882.7,24.0,26,1.2,Fully Furnished,1.0,1,1,0,0,0.03,3.41,Rent,116000.0
Kharghar,Navi Mumbai,Villa,5,6,2876.4,10.0,18,1.5,Fully Furnished,0.0,1,1,0,0,0.34,3.45,Sale,512.7
Vashi,Navi Mumbai,Villa,5,5,2800.1,27.0,31,2.3,Semi-Furnished,0.0,1,1,1,0,1.95,2.85,Rent,259000.0
Dadar,Mumbai,Apartment,2,3,1141.2,29.0,36,3.1,Semi-Furnished,1.0,1,1,0,1,0.7,1.87,Rent,107000.0
Thane West,Mumbai,Studio,1,1,508.2,19.0,33,14.0,Unfurnished,1.0,1,0,1,1,0.99,0.75,Sale,34.31
Airoli,Navi Mumbai,Apartment,3,3,1722.8,33.0,47,16.1,Fully Furnished,0.0,1,0,1,1,1.01,3.14,Rent,87000.0
Lower Parel,Mumbai,Apartment,2,2,1018.6,15.0,29,16.4,Fully Furnished,1.0,1,0,0,1,0.32,1.83,Sale,247.33
Worli,Mumbai,Apartment,4,5,1852.5,16.0,25,0.8,Unfurnished,1.0,1,1,0,0,0.4,2.2,Rent,341000.0
Bandra West,Mumbai,Apartment,3,3,1603.0,8.0,22,5.7,Semi-Furnished,0.0,1,0,0,0,1.92,2.04,Rent,227000.0
Goregaon West,Mumbai,Row House,3,4,1773.8,10.0,22,27.5,Fully Furnished,1.0,1,0,0,1,0.84,0.95,Rent,174000.0
Thane West,Mumbai,Row House,4,4,1890.4,6.0,19,4.3,Semi-Furnished,1.0,1,0,1,0,0.17,2.06,Rent,161000.0
Thane West,Mumbai,Apartment,3,3,1839.6,5.0,16,3.7,Unfurnished,1.0,1,0,0,0,1.45,1.18,Sale,191.94
Chembur,Mumbai,Apartment,3,3,1550.6,23.0,29,11.0,Unfurnished,2.0,1,1,0,1,4.04,0.99,Sale,180.73
Santacruz West,Mumbai,Apartment,1,1,589.8,30.0,44,41.5,Unfurnished,1.0,1,0,0,0,0.6,3.31,Rent,47000.0
Vashi,Navi Mumbai,Apartment,2,2,1136.7,6.0,13,6.5,Fully Furnished,0.0,1,0,1,0,1.4,0.56,Sale,121.69
Panvel,Navi Mumbai,Apartment,4,4,1979.4,32.0,42,9.7,Semi-Furnished,1.0,1,0,0,1,0.45,0.38,Sale,133.66
Belapur,Navi Mumbai,Apartment,4,4,1864.8,13.0,24,17.8,Unfurnished,1.0,1,0,1,1,0.05,3.33,Rent,108000.0
Kharghar,Navi Mumbai,Apartment,3,3,1129.8,10.0,24,2.3,Semi-Furnished,1.0,1,1,1,0,0.14,2.35,Rent,56000.0
Ulwe,Navi Mumbai,Penthouse,5,5,2208.0,1.0,5,2.2,Fully Furnished,1.0,1,1,0,1,0.28,2.38,Sale,327.11
Bandra West,Mumbai,Apartment,2,3,811.7,19.0,29,2.4,Semi-Furnished,2.0,1,0,1,0,0.92,3.23,Sale,229.93
Powai,Mumbai,Penthouse,3,3,1723.8,20.0,25,2.6,Semi-Furnished,2.0,1,1,0,0,0.35,1.44,Sale,486.65
Bandra West,Mumbai,Apartment,4,5,2248.9,32.0,36,1.1,Unfurnished,0.0,1,1,0,1,3.41,2.28,Sale,672.98
Vashi,Navi Mumbai,Villa,4,5,2257.6,14.0,23,3.4,Fully Furnished,1.0,1,1,0,1,0.32,3.25,Sale,462.14
Ghansoli,Navi Mumbai,Apartment,3,4,1148.9,16.0,19,19.9,Semi-Furnished,1.0,1,0,1,0,0.62,3.2,Rent,51000.0
Malad West,Mumbai,Apartment,1,2,356.9,2.0,10,9.5,Fully Furnished,1.0,1,1,0,1,1.47,3.01,Rent,20000.0
Kopar Khairane,Navi Mumbai,Apartment,2,3,739.4,34.0,36,4.5,Semi-Furnished,1.0,1,1,0,0,1.9,2.36,Rent,31000.0
Juhu,Mumbai,Villa,3,4,1781.9,15.0,25,8.6,Semi-Furnished,2.0,1,1,0,1,2.79,1.25,Sale,567.17
Kopar Khairane,Navi Mumbai,Apartment,1,1,498.1,8.0,10,1.6,Fully Furnished,2.0,1,0,0,1,1.88,2.77,Sale,38.97
Goregaon West,Mumbai,Studio,1,1,470.4,10.0,15,13.0,Fully Furnished,0.0,1,1,0,1,0.64,0.92,Rent,30000.0
Andheri West,Mumbai,Villa,3,3,1114.5,4.0,5,2.4,Unfurnished,0.0,1,0,0,1,0.72,0.7,Rent,153000.0
Worli,Mumbai,Studio,1,2,447.6,20.0,29,3.5,Semi-Furnished,0.0,1,0,1,0,0.52,1.38,Rent,53000.0
Malad West,Mumbai,Penthouse,4,5,2084.9,29.0,31,1.7,Semi-Furnished,0.0,1,1,0,1,0.68,1.4,Sale,525.1
Borivali West,Mumbai,Apartment,4,4,1925.6,28.0,41,3.3,Semi-Furnished,1.0,1,1,0,1,0.04,1.27,Rent,150000.0
Borivali West,Mumbai,Apartment,2,2,1117.9,8.0,10,5.2,Semi-Furnished,1.0,1,0,0,1,2.25,1.52,Rent,67000.0
Nerul,Navi Mumbai,Apartment,3,3,1408.2,11.0,12,26.2,Semi-Furnished,1.0,1,0,1,1,0.26,3.29,Sale,119.53
Santacruz West,Mumbai,Apartment,3,4,1687.8,14.0,21,16.3,Semi-Furnished,1.0,1,1,1,0,0.32,3.37,Rent,220000.0
Borivali West,Mumbai,Apartment,2,2,1187.7,33.0,45,5.9,Fully Furnished,2.0,1,0,0,0,0.29,0.9,Sale,166.04
Vashi,Navi Mumbai,Apartment,2,2,1140.3,4.0,5,3.8,Fully Furnished,0.0,1,0,0,0,3.83,1.5,Sale,112.82
Kharghar,Navi Mumbai,Apartment,1,2,682.2,6.0,10,1.4,Semi-Furnished,1.0,1,0,1,1,0.21,0.52,Rent,26000.0
Malad West,Mumbai,Apartment,2,3,779.6,24.0,26,19.1,Semi-Furnished,1.0,1,1,0,0,0.32,2.36,Sale,80.74
Kurla,Mumbai,Apartment,2,3,983.2,5.0,13,2.9,Semi-Furnished,1.0,1,0,0,0,0.49,1.23,Sale,96.28
Andheri West,Mumbai,Apartment,2,2,728.9,33.0,44,1.1,Unfurnished,1.0,1,0,0,0,0.42,1.05,Rent,71000.0
Andheri East,Mumbai,Apartment,3,4,1819.0,28.0,41,4.7,Unfurnished,1.0,1,0,0,1,1.21,0.76,Sale,309.26
Kharghar,Navi Mumbai,Apartment,1,2,423.3,,36,,Fully Furnished,,1,1,0,1,,0.67,Rent,18000.0
Andheri East,Mumbai,Apartment,2,3,1177.3,12.0,25,2.8,Semi-Furnished,1.0,1,0,1,1,2.55,2.94,Sale,169.31
Lower Parel,Mumbai,Apartment,1,2,464.4,29.0,36,3.8,Unfurnished,0.0,1,0,0,0,1.84,0.55,Sale,113.98
Kharghar,Navi Mumbai,Apartment,1,1,470.6,11.0,23,2.7,Unfurnished,0.0,1,1,0,1,2.11,1.91,Sale,35.62
Andheri West,Mumbai,Apartment,3,4,1878.2,2.0,5,17.6,Semi-Furnished,1.0,1,0,0,1,0.82,2.2,Sale,303.6
Chembur,Mumbai,Row House,3,4,1647.9,26.0,36,18.2,Fully Furnished,0.0,1,0,0,0,0.85,3.33,Sale,244.97
Malad West,Mumbai,Apartment,2,3,1012.8,4.0,17,13.4,Fully Furnished,1.0,1,1,0,0,0.21,1.17,Rent,76000.0
Ulwe,Navi Mumbai,Apartment,1,1,543.7,0.0,3,0.7,Unfurnished,1.0,1,1,0,0,0.5,2.48,Rent,14000.0
Worli,Mumbai,Apartment,4,5,1855.0,25.0,36,17.1,Semi-Furnished,1.0,1,1,0,0,0.67,1.14,Rent,323000.0
Nerul,Navi Mumbai,Apartment,3,4,1283.5,28.0,34,5.9,Unfurnished,2.0,1,0,0,0,1.27,0.64,Sale,134.67
Santacruz West,Mumbai,Villa,3,3,1796.1,17.0,29,1.8,Semi-Furnished,2.0,1,1,0,0,0.09,1.21,Sale,636.61
Bandra West,Mumbai,Apartment,3,4,1671.4,25.0,33,3.2,Unfurnished,1.0,1,1,0,1,0.19,3.16,Sale,469.81
Vashi,Navi Mumbai,Apartment,1,2,481.2,17.0,21,5.9,Semi-Furnished,1.0,1,0,0,1,2.28,1.61,Sale,42.91
Kopar Khairane,Navi Mumbai,Penthouse,4,4,2291.9,34.0,36,5.7,Unfurnished,1.0,1,1,1,0,0.26,2.44,Sale,377.67
Vashi,Navi Mumbai,Row House,4,5,1852.7,8.0,15,0.9,Unfurnished,0.0,1,0,0,1,2.79,2.28,Sale,282.57
Belapur,Navi Mumbai,Apartment,2,3,897.3,3.0,16,3.7,Semi-Furnished,2.0,1,0,1,1,3.06,0.98,Rent,38000.0
Airoli,Navi Mumbai,Row House,3,3,1582.6,5.0,15,7.8,Semi-Furnished,1.0,1,1,0,1,0.31,2.19,Rent,96000.0
Powai,Mumbai,Studio,1,2,453.8,34.0,46,1.8,Fully Furnished,0.0,1,1,0,0,0.19,0.9,Rent,32000.0
Powai,Mumbai,Apartment,4,4,1767.7,5.0,18,3.7,Semi-Furnished,0.0,1,0,1,1,5.19,1.98,Sale,306.83
Vashi,Navi Mumbai,Row House,3,3,1678.7,26.0,32,17.1,Fully Furnished,1.0,1,0,0,1,0.59,2.33,Rent,118000.0
Kurla,Mumbai,Studio,1,2,591.7,13.0,16,5.3,Unfurnished,2.0,1,0,1,0,1.86,1.87,Sale,38.16
Belapur,Navi Mumbai,Apartment,1,2,352.9,18.0,22,5.5,Unfurnished,2.0,1,0,0,1,1.07,2.64,Sale,28.54
Ghansoli,Navi Mumbai,Apartment,4,4,2029.0,8.0,18,0.6,Fully Furnished,0.0,1,1,0,1,0.28,2.81,Rent,112000.0
Goregaon West,Mumbai,Apartment,3,4,1431.3,7.0,17,2.2,Unfurnished,1.0,1,0,0,1,0.59,2.65,Rent,119000.0
Malad West,Mumbai,Apartment,2,3,863.9,1.0,6,8.0,Fully Furnished,1.0,1,0,0,1,1.38,2.43,Rent,65000.0
Nerul,Navi Mumbai,Apartment,3,4,1321.0,22.0,35,0.9,Semi-Furnished,1.0,1,0,0,1,0.63,0.88,Rent,70000.0
Malad West,Mumbai,Studio,1,2,528.9,29.0,36,1.4,Fully Furnished,0.0,1,1,0,0,3.96,1.29,Sale,50.92
Belapur,Navi Mumbai,Apartment,3,3,1708.2,27.0,35,5.2,Semi-Furnished,1.0,1,0,1,1,0.23,0.39,Sale,196.68
Kurla,Mumbai,Apartment,2,3,960.1,12.0,14,1.5,Unfurnished,1.0,1,1,1,0,0.27,1.61,Rent,49000.0
Kharghar,Navi Mumbai,Villa,4,5,2178.3,3.0,6,5.1,Unfurnished,1.0,1,1,0,1,0.59,1.95,Rent,151000.0
Andheri West,Mumbai,Apartment,2,2,798.5,31.0,32,8.7,Semi-Furnished,2.0,1,1,1,1,0.26,0.48,Rent,74000.0
Vashi,Navi Mumbai,Apartment,3,4,1104.4,16.0,17,6.5,Semi-Furnished,1.0,1,0,0,0,0.93,1.78,Rent,61000.0
Dadar,Mumbai,Apartment,1,1,506.2,2.0,6,0.5,Semi-Furnished,1.0,1,1,1,0,1.19,2.01,Rent,47000.0
Chembur,Mumbai,Apartment,4,4,1641.0,9.0,20,0.9,Semi-Furnished,1.0,1,0,0,1,0.83,2.96,Sale,277.97
Andheri East,Mumbai,Apartment,1,1,487.8,22.0,34,7.1,Unfurnished,1.0,1,0,0,1,0.71,0.99,Rent,30000.0
Panvel,Navi Mumbai,Apartment,1,2,337.0,32.0,41,15.4,Semi-Furnished,1.0,1,1,0,1,1.19,2.57,Sale,16.77
Airoli,Navi Mumbai,Studio,1,2,521.8,10.0,14,14.6,Unfurnished,1.0,1,1,0,0,0.31,3.36,Rent,15000.0
Powai,Mumbai,Apartment,3,4,1542.6,32.0,37,10.4,Unfurnished,1.0,1,1,0,0,1.07,3.14,Sale,232.68
Andheri West,Mumbai,Apartment,3,4,1286.2,33.0,37,10.0,Semi-Furnished,0.0,1,1,0,0,0.71,2.67,Rent,132000.0
Bandra West,Mumbai,Villa,3,3,1383.6,19.0,26,3.7,Fully Furnished,0.0,1,1,0,0,0.4,0.36,Rent,308000.0
Vashi,Navi Mumbai,Studio,1,2,391.5,5.0,7,0.4,Semi-Furnished,1.0,1,0,0,0,0.52,1.29,Rent,18000.0
Vashi,Navi Mumbai,Penthouse,4,5,1966.8,12.0,14,0.7,Semi-Furnished,0.0,1,1,0,1,1.85,3.43,Rent,191000.0
Santacruz West,Mumbai,Penthouse,4,5,1709.9,12.0,18,2.5,Semi-Furnished,1.0,1,1,0,0,1.98,2.97,Rent,294000.0
Powai,Mumbai,Apartment,3,4,1594.0,26.0,28,6.1,Fully Furnished,1.0,1,0,0,1,1.67,1.35,Rent,146000.0
Thane West,Mumbai,Apartment,3,3,1665.2,9.0,20,23.5,Unfurnished,1.0,1,0,0,1,2.21,2.44,Sale,155.61
Vashi,Navi Mumbai,Studio,1,2,507.2,27.0,31,,Semi-Furnished,0.0,1,0,1,0,0.04,2.24,Rent,19000.0
Worli,Mumbai,Apartment,2,3,777.9,,20,,Semi-Furnished,,1,0,0,1,,1.71,Sale,210.49
Dronagiri,Navi Mumbai,Row House,4,5,1564.3,3.0,13,3.7,Unfurnished,1.0,1,1,0,1,0.4,2.42,Sale,120.05
Andheri West,Mumbai,Apartment,3,4,1834.7,15.0,23,10.5,Unfurnished,0.0,1,0,0,0,3.52,3.01,Sale,317.67
Kharghar,Navi Mumbai,Apartment,2,2,1162.2,14.0,28,1.9,Semi-Furnished,1.0,1,0,0,1,1.49,0.96,Sale,99.15
Thane West,Mumbai,Apartment,1,2,484.0,2.0,7,4.8,Semi-Furnished,1.0,1,0,1,0,0.08,0.84,Sale,47.01
Kurla,Mumbai,Row House,4,5,2125.6,2.0,12,1.7,Fully Furnished,2.0,1,0,0,0,1.08,2.44,Rent,161000.0
Kharghar,Navi Mumbai,Apartment,3,3,1831.7,22.0,25,0.9,Semi-Furnished,1.0,1,1,0,0,1.95,1.17,Rent,92000.0
Kharghar,Navi Mumbai,Row House,3,4,1632.4,24.0,26,6.3,Semi-Furnished,0.0,1,0,1,1,0.89,3.19,Rent,91000.0
Dronagiri,Navi Mumbai,Apartment,2,2,834.9,3.0,6,7.1,Fully Furnished,0.0,1,0,0,0,1.0,1.66,Rent,23000.0
Andheri West,Mumbai,Apartment,4,4,1773.1,5.0,19,1.2,Fully Furnished,1.0,1,1,0,1,1.97,1.66,Sale,436.62
Andheri West,Mumbai,Villa,4,4,1994.1,9.0,10,21.0,Fully Furnished,1.0,1,1,0,1,1.2,2.94,Sale,512.69
Panvel,Navi Mumbai,Studio,1,1,446.2,33.0,41,5.3,Fully Furnished,0.0,1,1,0,1,1.43,3.24,Sale,26.63
Chembur,Mumbai,Villa,5,5,3152.6,23.0,24,1.2,Semi-Furnished,2.0,1,0,0,1,0.07,0.37,Sale,941.4
Malad West,Mumbai,Apartment,2,3,1015.5,33.0,47,2.8,Fully Furnished,2.0,1,0,0,0,1.35,1.47,Rent,64000.0
Andheri West,Mumbai,Apartment,3,3,1537.9,18.0,26,23.3,Fully Furnished,1.0,1,0,1,0,0.28,2.04,Rent,176000.0
Andheri West,Mumbai,Apartment,3,3,1886.5,26.0,38,7.7,Unfurnished,1.0,1,1,0,0,0.16,1.68,Rent,193000.0
Ghansoli,Navi Mumbai,Apartment,2,2,878.5,31.0,35,14.4,Semi-Furnished,2.0,1,1,0,1,0.02,2.08,Rent,38000.0
Powai,Mumbai,Apartment,2,2,1056.2,14.0,16,6.9,Semi-Furnished,0.0,1,0,0,0,7.15,1.6,Rent,80000.0
Borivali West,Mumbai,Apartment,2,2,840.2,5.0,10,16.4,Fully Furnished,1.0,1,0,0,0,0.98,0.45,Rent,55000.0
Powai,Mumbai,Row House,3,3,1658.8,26.0,34,14.4,Fully Furnished,1.0,1,1,0,1,0.56,1.02,Sale,361.02
Goregaon West,Mumbai,Apartment,2,3,973.1,26.0,34,2.7,Semi-Furnished,2.0,1,0,0,0,1.07,1.53,Rent,67000.0
Juhu,Mumbai,Studio,1,1,659.3,1.0,7,25.5,Unfurnished,1.0,1,0,1,1,2.85,1.5,Sale,62.87
Lower Parel,Mumbai,Apartment,2,2,936.6,19.0,26,7.6,Semi-Furnished,2.0,1,0,0,1,0.55,0.83,Sale,244.36
Juhu,Mumbai,Apartment,1,2,464.8,,20,,Semi-Furnished,,1,0,0,1,,1.37,Rent,48000.0
Nerul,Navi Mumbai,Apartment,2,3,1181.0,29.0,34,0.6,Unfurnished,1.0,1,0,1,0,3.48,2.95,Sale,111.03
Powai,Mumbai,Penthouse,4,5,1822.5,,30,,Fully Furnished,,1,1,0,1,,1.36,Rent,292000.0
Santacruz West,Mumbai,Apartment,1,1,579.6,29.0,40,5.6,Unfurnished,1.0,1,0,0,0,0.95,1.58,Sale,96.1
Airoli,Navi Mumbai,Apartment,3,3,1324.7,6.0,19,13.2,Semi-Furnished,1.0,1,0,0,0,1.14,1.73,Sale,102.87
Vashi,Navi Mumbai,Studio,1,2,416.8,34.0,46,22.6,Semi-Furnished,1.0,1,0,1,0,1.35,1.92,Sale,29.07
Santacruz West,Mumbai,Apartment,4,5,1659.0,32.0,39,4.6,Semi-Furnished,1.0,1,0,0,1,1.1,2.53,Sale,439.19
Borivali West,Mumbai,Apartment,2,2,924.6,15.0,16,0.2,Unfurnished,1.0,1,1,0,1,3.19,2.4,Rent,54000.0
Goregaon West,Mumbai,Studio,1,1,448.3,29.0,36,,Unfurnished,0.0,1,1,0,1,0.76,0.52,Rent,26000.0
Kharghar,Navi Mumbai,Apartment,3,4,1373.8,25.0,30,22.9,Unfurnished,0.0,1,1,0,0,2.01,0.71,Sale,82.7
Dronagiri,Navi Mumbai,Penthouse,3,3,1204.8,2.0,5,5.8,Semi-Furnished,2.0,1,1,0,1,4.06,1.03,Sale,101.11
Kharghar,Navi Mumbai,Apartment,3,4,1413.0,15.0,27,14.4,Semi-Furnished,1.0,1,0,0,0,0.76,2.39,Sale,108.42
Santacruz West,Mumbai,Apartment,2,3,1219.5,33.0,47,3.9,Fully Furnished,0.0,1,0,0,0,1.18,0.43,Rent,117000.0
Panvel,Navi Mumbai,Apartment,3,4,1515.3,18.0,31,2.0,Semi-Furnished,1.0,1,1,0,1,0.47,0.76,Sale,118.02
Dadar,Mumbai,Apartment,3,3,1783.7,22.0,28,0.0,Semi-Furnished,1.0,1,0,0,1,3.91,1.5,Rent,204000.0
Juhu,Mumbai,Apartment,2,3,856.0,6.0,20,11.9,Fully Furnished,0.0,1,0,0,1,2.51,1.1,Rent,99000.0
Santacruz West,Mumbai,Apartment,2,3,1146.9,28.0,37,3.0,Fully Furnished,2.0,1,0,0,0,2.2,0.87,Sale,262.84
Ulwe,Navi Mumbai,Studio,1,2,344.4,1.0,5,0.1,Unfurnished,2.0,1,0,1,0,0.3,0.99,Sale,16.9
Andheri East,Mumbai,Apartment,4,4,1891.4,20.0,28,2.6,Fully Furnished,1.0,1,1,0,1,0.45,1.62,Rent,197000.0
Kharghar,Navi Mumbai,Apartment,3,4,1477.1,14.0,26,4.8,Unfurnished,2.0,1,0,0,1,2.78,2.54,Sale,105.67
Powai,Mumbai,Apartment,2,3,1086.5,3.0,10,5.4,Fully Furnished,2.0,1,0,0,0,0.04,3.0,Sale,202.85
Santacruz West,Mumbai,Apartment,3,3,1520.8,29.0,36,7.9,Semi-Furnished,2.0,1,0,1,0,0.54,0.71,Sale,346.67
Andheri West,Mumbai,Apartment,1,2,517.2,27.0,41,0.9,Semi-Furnished,1.0,1,1,0,0,0.68,3.37,Rent,46000.0
Dadar,Mumbai,Row House,4,5,1904.6,8.0,14,2.5,Fully Furnished,1.0,1,1,1,1,1.88,1.62,Rent,288000.0
Panvel,Navi Mumbai,Apartment,2,2,999.0,20.0,34,1.2,Semi-Furnished,1.0,1,0,0,1,0.2,2.68,Sale,72.95
Goregaon West,Mumbai,Apartment,3,4,1189.3,1.0,7,4.4,Unfurnished,1.0,1,1,0,1,2.22,1.98,Sale,172.26
Kharghar,Navi Mumbai,Apartment,4,5,1558.9,31.0,42,3.5,Semi-Furnished,1.0,1,0,0,1,0.89,2.49,Sale,157.2
Nerul,Navi Mumbai,Apartment,1,1,403.6,0.0,9,7.4,Semi-Furnished,0.0,1,1,1,1,0.04,2.41,Rent,17000.0
Kopar Khairane,Navi Mumbai,Apartment,3,4,1656.1,10.0,12,5.5,Semi-Furnished,2.0,1,0,1,1,3.77,0.35,Sale,143.61
Malad West,Mumbai,Apartment,4,5,1575.0,6.0,20,7.4,Fully Furnished,0.0,1,1,0,0,0.34,2.13,Sale,228.75
Thane West,Mumbai,Row House,4,4,1933.6,34.0,38,3.0,Semi-Furnished,1.0,1,1,1,1,5.58,1.15,Sale,301.54
Andheri East,Mumbai,Row House,4,5,2238.6,5.0,17,1.6,Semi-Furnished,1.0,1,1,0,0,1.27,2.67,Sale,548.28
Dronagiri,Navi Mumbai,Apartment,1,2,481.7,2.0,7,0.7,Fully Furnished,2.0,1,0,0,0,0.59,1.24,Rent,12000.0
Kopar Khairane,Navi Mumbai,Apartment,1,2,706.2,24.0,26,9.5,Fully Furnished,1.0,1,1,0,1,0.5,1.32,Rent,31000.0
Santacruz West,Mumbai,Villa,4,5,2013.7,25.0,28,27.0,Semi-Furnished,1.0,1,0,1,0,0.72,0.31,Sale,544.84
Belapur,Navi Mumbai,Apartment,3,4,1383.6,22.0,26,2.8,Semi-Furnished,2.0,1,0,0,1,2.49,0.46,Sale,135.83
Lower Parel,Mumbai,Apartment,1,2,588.7,2.0,5,5.3,Semi-Furnished,1.0,1,0,0,1,0.09,3.16,Sale,130.82
Vashi,Navi Mumbai,Apartment,2,2,1201.6,0.0,7,7.9,Semi-Furnished,0.0,1,1,0,0,1.38,0.66,Sale,112.9
Andheri West,Mumbai,Apartment,1,2,461.3,21.0,25,2.7,Semi-Furnished,1.0,1,1,0,1,1.28,1.15,Sale,70.13
Panvel,Navi Mumbai,Apartment,4,4,2194.9,26.0,27,3.9,Fully Furnished,1.0,1,1,0,0,0.65,1.22,Sale,208.18
Andheri West,Mumbai,Apartment,1,2,452.7,27.0,31,0.2,Unfurnished,1.0,1,1,0,1,0.23,1.15,Sale,89.24
Belapur,Navi Mumbai,Penthouse,4,4,2183.9,16.0,19,2.6,Semi-Furnished,1.0,1,1,0,1,0.78,0.79,Sale,414.68
Nerul,Navi Mumbai,Villa,4,4,2247.9,1.0,13,4.8,Semi-Furnished,1.0,1,1,0,0,0.52,0.99,Sale,378.83
Kharghar,Navi Mumbai,Apartment,3,3,1330.1,3.0,10,12.1,Fully Furnished,1.0,1,1,0,1,0.37,2.81,Sale,119.52
Bandra West,Mumbai,Penthouse,3,3,1336.9,24.0,33,31.2,Semi-Furnished,2.0,1,1,1,1,0.42,1.41,Rent,326000.0
Borivali West,Mumbai,Apartment,2,3,808.7,24.0,28,6.0,Semi-Furnished,1.0,1,1,0,1,0.01,2.3,Rent,54000.0
Malad West,Mumbai,Apartment,2,3,856.6,9.0,18,13.6,Fully Furnished,1.0,1,1,0,1,0.88,1.93,Sale,96.08
Goregaon West,Mumbai,Studio,1,2,507.3,8.0,20,3.3,Unfurnished,2.0,1,1,0,1,5.18,2.27,Rent,22000.0
Andheri West,Mumbai,Row House,4,4,2440.7,15.0,28,23.8,Unfurnished,0.0,1,0,0,0,2.87,1.62,Sale,448.98
Kopar Khairane,Navi Mumbai,Row House,3,4,1854.7,6.0,18,0.3,Semi-Furnished,0.0,1,1,1,0,1.23,0.66,Sale,208.04
Santacruz West,Mumbai,Villa,5,5,2613.0,23.0,32,0.5,Semi-Furnished,1.0,1,0,1,1,0.95,1.02,Rent,570000.0
Borivali West,Mumbai,Apartment,2,3,1001.7,29.0,40,16.8,Semi-Furnished,1.0,1,1,0,1,1.53,1.13,Rent,61000.0
Thane West,Mumbai,Apartment,2,2,788.6,8.0,13,4.6,Fully Furnished,1.0,1,1,1,0,1.6,0.74,Rent,48000.0
Dadar,Mumbai,Row House,5,5,2656.0,29.0,36,3.1,Fully Furnished,1.0,1,1,0,0,1.95,1.08,Rent,482000.0
Vashi,Navi Mumbai,Villa,4,5,1804.5,15.0,25,20.6,Semi-Furnished,0.0,1,1,0,1,0.23,1.14,Sale,247.74
Lower Parel,Mumbai,Penthouse,4,5,1659.9,26.0,31,0.2,Fully Furnished,1.0,1,1,0,1,0.31,1.15,Rent,495000.0
Ghansoli,Navi Mumbai,Apartment,2,2,1189.9,15.0,26,4.5,Semi-Furnished,1.0,1,1,0,0,1.59,2.19,Rent,45000.0
Worli,Mumbai,Apartment,2,2,884.7,17.0,22,2.7,Semi-Furnished,2.0,1,1,0,1,0.43,2.71,Rent,137000.0
Dronagiri,Navi Mumbai,Apartment,3,4,1745.6,19.0,29,17.8,Semi-Furnished,1.0,1,1,1,1,2.54,2.64,Rent,50000.0
Belapur,Navi Mumbai,Apartment,1,1,549.0,11.0,12,3.4,Semi-Furnished,0.0,1,1,0,0,0.33,0.36,Sale,49.45
Powai,Mumbai,Apartment,2,3,927.4,8.0,12,7.7,Fully Furnished,0.0,1,1,1,0,0.24,1.3,Sale,144.0
Kopar Khairane,Navi Mumbai,Apartment,2,2,793.0,16.0,23,0.6,Unfurnished,1.0,1,0,0,0,0.36,0.52,Sale,59.41
Andheri West,Mumbai,Apartment,3,3,1185.5,20.0,33,29.5,Fully Furnished,0.0,1,1,0,0,1.47,0.72,Sale,175.13
Belapur,Navi Mumbai,Apartment,2,3,975.1,0.0,2,12.5,Semi-Furnished,0.0,1,0,1,0,5.85,1.01,Rent,41000.0
Thane West,Mumbai,Apartment,3,4,1350.3,13.0,23,7.5,Unfurnished,1.0,1,1,0,1,0.11,0.8,Rent,76000.0
Airoli,Navi Mumbai,Studio,1,2,466.3,34.0,39,4.7,Semi-Furnished,1.0,1,0,0,0,0.53,0.52,Sale,33.19
Airoli,Navi Mumbai,Apartment,1,1,634.2,20.0,28,21.2,Fully Furnished,1.0,1,0,0,1,2.6,0.9,Rent,22000.0
Nerul,Navi Mumbai,Apartment,2,2,727.1,9.0,10,0.6,Fully Furnished,1.0,1,0,0,0,1.99,2.65,Rent,34000.0
Nerul,Navi Mumbai,Studio,1,1,549.1,7.0,14,12.2,Fully Furnished,1.0,1,0,0,0,4.08,2.93,Sale,30.07
Borivali West,Mumbai,Apartment,2,2,1176.9,8.0,22,2.0,Semi-Furnished,0.0,1,0,1,1,0.2,2.24,Rent,69000.0
Andheri West,Mumbai,Studio,1,1,516.4,18.0,23,5.6,Semi-Furnished,0.0,1,0,0,1,2.5,3.32,Sale,70.26
Thane West,Mumbai,Apartment,3,3,1607.4,34.0,45,10.0,Semi-Furnished,1.0,1,1,0,0,0.35,1.58,Rent,107000.0
Andheri East,Mumbai,Penthouse,3,3,1729.5,34.0,36,4.5,Unfurnished,1.0,1,0,0,1,0.11,3.41,Rent,200000.0
Kharghar,Navi Mumbai,Studio,1,1,444.1,9.0,13,21.9,Fully Furnished,1.0,1,0,1,1,2.11,2.72,Rent,15000.0
Goregaon West,Mumbai,Studio,1,1,636.1,12.0,14,6.9,Fully Furnished,2.0,1,1,0,0,0.21,0.98,Sale,71.74
Ulwe,Navi Mumbai,Villa,3,3,1578.0,13.0,22,4.4,Semi-Furnished,1.0,1,0,0,0,1.96,3.26,Sale,129.05
Vashi,Navi Mumbai,Villa,4,5,1547.4,14.0,16,16.3,Fully Furnished,2.0,1,0,0,1,1.04,2.99,Sale,267.72
Belapur,Navi Mumbai,Penthouse,3,4,1234.7,15.0,19,4.6,Unfurnished,0.0,1,0,0,0,0.97,0.77,Rent,92000.0
Andheri West,Mumbai,Apartment,1,1,486.5,29.0,37,4.5,Semi-Furnished,1.0,1,1,1,1,3.38,2.89,Sale,77.58
Airoli,Navi Mumbai,Row House,5,6,2984.3,31.0,40,4.1,Semi-Furnished,0.0,1,1,1,1,2.26,2.7,Sale,432.39
Kopar Khairane,Navi Mumbai,Penthouse,4,5,1733.4,5.0,14,1.9,Unfurnished,1.0,1,0,0,1,0.2,2.13,Rent,136000.0
Worli,Mumbai,Penthouse,5,5,2441.5,12.0,15,3.1,Semi-Furnished,1.0,1,0,0,1,0.75,0.61,Rent,671000.0
Vashi,Navi Mumbai,Villa,3,3,1295.3,6.0,10,6.7,Semi-Furnished,0.0,1,1,1,1,2.01,1.97,Sale,189.44
Panvel,Navi Mumbai,Villa,4,5,1916.1,23.0,36,7.0,Semi-Furnished,0.0,1,0,0,1,0.71,0.85,Rent,105000.0
Andheri East,Mumbai,Apartment,3,3,1197.3,3.0,8,9.5,Semi-Furnished,1.0,1,0,0,0,2.28,2.56,Sale,164.68
Lower Parel,Mumbai,Row House,4,5,1560.7,20.0,24,7.7,Unfurnished,0.0,1,0,1,0,2.43,3.37,Sale,535.48
Thane West,Mumbai,Penthouse,5,5,2101.3,8.0,13,7.9,Semi-Furnished,2.0,1,1,0,1,0.75,3.35,Rent,250000.0
Andheri East,Mumbai,Apartment,3,4,1117.9,6.0,9,2.2,Unfurnished,1.0,1,0,0,1,0.04,2.03,Sale,198.3
Goregaon West,Mumbai,Apartment,2,3,1023.2,4.0,9,5.8,Unfurnished,0.0,1,1,0,0,1.57,0.87,Sale,114.68
Juhu,Mumbai,Apartment,2,3,1092.2,21.0,27,1.4,Unfurnished,1.0,1,1,0,0,8.09,1.53,Rent,94000.0
Bandra West,Mumbai,Apartment,3,4,1372.6,0.0,5,11.4,Fully Furnished,0.0,1,1,0,1,1.8,2.43,Rent,200000.0
Andheri West,Mumbai,Villa,5,6,2039.9,31.0,39,2.0,Semi-Furnished,1.0,1,0,0,1,0.74,2.08,Sale,687.24
Ulwe,Navi Mumbai,Apartment,2,3,1074.2,32.0,38,5.3,Semi-Furnished,0.0,1,1,1,1,0.79,3.47,Rent,30000.0
Santacruz West,Mumbai,Apartment,3,4,1486.3,21.0,25,15.7,Semi-Furnished,1.0,1,1,0,1,0.94,1.53,Sale,289.26
Ulwe,Navi Mumbai,Apartment,2,2,1087.3,16.0,28,4.7,Unfurnished,0.0,1,0,0,1,2.31,3.41,Rent,28000.0
Kurla,Mumbai,Villa,5,5,2784.5,26.0,40,3.9,Semi-Furnished,1.0,1,1,1,1,0.03,1.48,Rent,277000.0
Borivali West,Mumbai,Apartment,3,4,1508.7,11.0,19,19.2,Unfurnished,0.0,1,1,1,1,1.53,3.14,Sale,145.14
Lower Parel,Mumbai,Apartment,3,3,1866.0,2.0,3,7.9,Semi-Furnished,2.0,1,1,1,0,2.71,1.36,Sale,497.34
Dadar,Mumbai,Apartment,2,3,710.8,27.0,39,7.8,Semi-Furnished,0.0,1,1,0,1,0.41,3.44,Rent,74000.0
Andheri West,Mumbai,Apartment,2,2,1031.0,1.0,4,1.1,Semi-Furnished,1.0,1,0,0,0,3.0,2.05,Sale,186.34
Vashi,Navi Mumbai,Apartment,1,2,524.6,8.0,19,6.3,Semi-Furnished,1.0,1,1,0,0,0.71,2.78,Sale,46.97
Powai,Mumbai,Apartment,4,5,2018.4,19.0,20,12.5,Fully Furnished,2.0,1,1,1,0,0.4,1.43,Sale,411.72
Vashi,Navi Mumbai,Apartment,3,3,1516.1,6.0,10,2.4,Unfurnished,1.0,1,1,0,0,0.83,2.35,Sale,183.97
Vashi,Navi Mumbai,Apartment,3,4,1428.3,9.0,16,1.3,Fully Furnished,1.0,1,0,0,1,0.02,0.94,Sale,182.74
Andheri East,Mumbai,Apartment,2,2,1233.6,1.0,13,8.0,Fully Furnished,1.0,1,0,0,1,0.25,2.88,Rent,111000.0
Juhu,Mumbai,Apartment,3,3,1644.3,23.0,33,13.0,Semi-Furnished,0.0,1,1,0,1,2.83,2.7,Sale,349.88
Nerul,Navi Mumbai,Apartment,1,2,468.6,16.0,27,1.6,Semi-Furnished,1.0,1,1,0,1,1.11,2.64,Rent,20000.0
Dadar,Mumbai,Row House,5,5,2822.9,8.0,16,31.8,Semi-Furnished,2.0,1,0,0,1,0.68,1.86,Sale,670.63
Juhu,Mumbai,Apartment,2,2,1089.7,1.0,7,8.5,Fully Furnished,1.0,1,0,0,1,0.05,1.16,Sale,255.61
Dronagiri,Navi Mumbai,Apartment,3,4,1242.3,10.0,11,6.5,Semi-Furnished,2.0,1,0,0,1,0.15,2.29,Rent,38000.0
Juhu,Mumbai,Apartment,3,4,1505.0,21.0,27,6.6,Semi-Furnished,0.0,1,0,0,0,0.09,0.58,Rent,210000.0
Kharghar,Navi Mumbai,Apartment,2,2,992.7,12.0,26,2.2,Unfurnished,0.0,1,0,1,0,0.74,0.81,Sale,83.89
Ulwe,Navi Mumbai,Apartment,4,4,2068.6,31.0,34,6.5,Fully Furnished,1.0,1,0,0,1,0.09,3.37,Sale,171.12
Malad West,Mumbai,Apartment,4,5,2234.4,3.0,17,3.4,Unfurnished,1.0,1,1,0,1,0.26,0.51,Sale,371.5
Andheri East,Mumbai,Studio,1,2,562.1,23.0,36,4.6,Fully Furnished,0.0,1,1,1,0,2.05,3.37,Rent,35000.0
Andheri West,Mumbai,Studio,1,1,498.2,16.0,28,7.8,Unfurnished,0.0,1,1,0,1,0.35,2.04,Rent,32000.0
Borivali West,Mumbai,Penthouse,3,3,1611.0,29.0,36,1.6,Fully Furnished,1.0,1,0,0,1,0.1,0.65,Rent,172000.0
Andheri West,Mumbai,Row House,3,3,1314.4,2.0,6,28.9,Semi-Furnished,0.0,1,1,0,1,0.04,2.74,Sale,286.67
Kharghar,Navi Mumbai,Penthouse,3,4,1680.7,10.0,16,5.5,Unfurnished,1.0,1,1,0,0,1.72,0.89,Sale,236.86
Juhu,Mumbai,Apartment,2,2,1136.7,31.0,44,5.6,Semi-Furnished,1.0,1,0,0,1,3.61,1.72,Rent,120000.0
Lower Parel,Mumbai,Apartment,2,2,1268.0,24.0,35,8.7,Semi-Furnished,1.0,1,1,0,0,6.56,0.8,Sale,269.29
Dronagiri,Navi Mumbai,Villa,4,4,1639.8,12.0,15,3.4,Semi-Furnished,2.0,1,0,0,1,1.27,3.37,Rent,68000.0
Belapur,Navi Mumbai,Apartment,2,2,795.8,33.0,34,1.0,Fully Furnished,1.0,1,0,0,0,1.03,2.24,Rent,40000.0
Vashi,Navi Mumbai,Penthouse,4,5,2474.3,14.0,22,5.4,Unfurnished,0.0,1,0,0,0,0.3,2.47,Sale,396.54
Borivali West,Mumbai,Apartment,1,1,545.1,21.0,26,2.4,Unfurnished,1.0,1,0,0,0,1.08,1.06,Sale,55.01
Vashi,Navi Mumbai,Row House,3,3,1773.8,12.0,21,10.1,Semi-Furnished,1.0,1,1,1,1,0.03,0.7,Sale,264.2
Lower Parel,Mumbai,Row House,3,4,1279.3,0.0,2,0.9,Unfurnished,2.0,1,1,0,1,1.43,0.88,Rent,226000.0
Kurla,Mumbai,Apartment,2,3,1317.1,23.0,26,10.3,Fully Furnished,1.0,1,1,0,1,1.92,1.5,Sale,121.18
Andheri West,Mumbai,Apartment,1,1,576.0,20.0,32,1.2,Semi-Furnished,1.0,1,0,1,0,0.33,2.14,Rent,51000.0
Airoli,Navi Mumbai,Apartment,2,3,1020.6,16.0,22,7.3,Semi-Furnished,2.0,1,1,0,1,0.07,0.65,Rent,38000.0
Dadar,Mumbai,Villa,3,4,1654.8,15.0,29,,Unfurnished,1.0,1,0,0,1,,1.47,Sale,376.45
Powai,Mumbai,Studio,1,1,373.7,0.0,5,2.8,Semi-Furnished,2.0,1,0,1,1,2.56,3.27,Sale,41.88
Goregaon West,Mumbai,Villa,4,4,2219.7,13.0,17,7.2,Unfurnished,1.0,1,0,0,1,0.9,1.57,Rent,256000.0
Kurla,Mumbai,Apartment,1,1,412.6,4.0,17,1.6,Fully Furnished,0.0,1,0,0,1,2.43,3.16,Sale,34.27
Belapur,Navi Mumbai,Apartment,3,4,1559.2,13.0,26,5.5,Semi-Furnished,1.0,1,1,0,0,4.19,2.41,Rent,74000.0
Panvel,Navi Mumbai,Apartment,1,1,571.1,22.0,27,3.4,Unfurnished,1.0,1,1,1,0,0.77,1.73,Rent,14000.0
Nerul,Navi Mumbai,Apartment,3,4,1629.1,34.0,46,1.2,Semi-Furnished,1.0,1,0,0,1,1.5,1.84,Rent,75000.0
Bandra West,Mumbai,Row House,3,4,1924.9,4.0,13,7.1,Fully Furnished,0.0,1,0,0,0,0.69,1.96,Rent,338000.0
Kurla,Mumbai,Apartment,3,3,1251.3,9.0,21,2.5,Fully Furnished,1.0,1,0,0,0,1.92,2.48,Sale,127.02
Worli,Mumbai,Villa,5,6,2868.3,22.0,24,2.2,Fully Furnished,1.0,1,1,0,1,1.13,2.5,Sale,1644.63
Bandra West,Mumbai,Apartment,4,5,2419.2,23.0,37,5.5,Semi-Furnished,0.0,1,1,1,0,1.61,0.38,Sale,803.38
Malad West,Mumbai,Penthouse,4,5,2346.7,1.0,13,0.1,Unfurnished,0.0,1,1,0,0,1.25,3.13,Rent,286000.0
Panvel,Navi Mumbai,Apartment,3,3,1206.8,11.0,21,28.4,Semi-Furnished,1.0,1,0,0,1,0.82,2.76,Rent,43000.0
Andheri West,Mumbai,Villa,4,4,1654.2,12.0,18,26.2,Semi-Furnished,0.0,1,0,0,1,2.07,2.32,Sale,343.86
Santacruz West,Mumbai,Villa,5,6,1934.0,2.0,11,6.0,Fully Furnished,1.0,1,0,0,1,0.82,0.98,Rent,443000.0
Powai,Mumbai,Studio,1,1,526.9,13.0,25,2.8,Semi-Furnished,1.0,1,0,0,0,2.29,3.5,Sale,53.21
Bandra West,Mumbai,Apartment,1,1,505.8,1.0,13,1.0,Unfurnished,2.0,1,1,0,0,2.75,1.04,Sale,100.98
Malad West,Mumbai,Apartment,3,3,1216.1,24.0,35,5.4,Unfurnished,2.0,1,0,0,0,0.18,2.43,Rent,85000.0
Ulwe,Navi Mumbai,Studio,1,2,366.1,23.0,35,1.8,Unfurnished,1.0,1,0,0,1,0.22,2.31,Rent,8000.0
Nerul,Navi Mumbai,Studio,1,2,422.9,28.0,34,,Unfurnished,,1,0,0,1,,3.39,Rent,14000.0
Ulwe,Navi Mumbai,Villa,3,3,1294.8,22.0,35,4.2,Unfurnished,1.0,1,1,0,0,1.77,1.5,Sale,128.24
Worli,Mumbai,Apartment,1,1,503.1,31.0,43,0.3,Unfurnished,2.0,1,0,0,1,1.2,0.42,Rent,64000.0
Andheri West,Mumbai,Row House,4,5,2232.1,25.0,29,4.7,Fully Furnished,1.0,1,0,0,1,0.27,3.25,Rent,350000.0
Santacruz West,Mumbai,Studio,1,2,351.5,24.0,25,1.3,Unfurnished,1.0,1,0,1,1,0.32,0.58,Rent,27000.0
Dadar,Mumbai,Apartment,3,3,1320.4,27.0,31,3.3,Semi-Furnished,1.0,1,1,0,0,0.98,0.51,Rent,165000.0
Belapur,Navi Mumbai,Apartment,1,2,476.3,18.0,31,10.8,Unfurnished,1.0,1,1,1,1,1.48,3.34,Sale,34.95
Andheri West,Mumbai,Apartment,3,3,1151.7,13.0,23,3.4,Fully Furnished,1.0,1,0,0,1,2.12,1.63,Sale,257.78
Worli,Mumbai,Villa,4,5,1530.0,16.0,25,4.1,Fully Furnished,0.0,1,0,0,1,0.89,3.1,Sale,813.14
Andheri East,Mumbai,Apartment,3,3,1089.1,29.0,32,3.2,Semi-Furnished,1.0,1,1,1,0,1.28,2.5,Sale,212.34
Borivali West,Mumbai,Penthouse,3,3,1423.4,15.0,16,13.1,Fully Furnished,2.0,1,1,0,0,3.03,1.42,Sale,230.16
Panvel,Navi Mumbai,Apartment,3,4,1183.0,1.0,15,14.7,Semi-Furnished,1.0,1,0,0,1,1.34,0.69,Sale,68.12
Worli,Mumbai,Apartment,2,3,1092.6,19.0,25,2.8,Semi-Furnished,1.0,1,0,1,1,2.16,1.91,Rent,172000.0
Thane West,Mumbai,Penthouse,3,4,1434.2,22.0,24,3.1,Unfurnished,2.0,1,1,0,1,2.38,1.44,Rent,117000.0
Thane West,Mumbai,Apartment,2,2,809.1,29.0,32,4.4,Semi-Furnished,1.0,1,0,0,0,1.27,2.94,Sale,87.51
Dadar,Mumbai,Row House,3,4,1776.1,12.0,19,15.9,Unfurnished,1.0,1,1,0,1,0.63,0.93,Rent,271000.0
Nerul,Navi Mumbai,Studio,1,1,281.9,10.0,18,0.5,Fully Furnished,0.0,1,1,0,1,0.46,2.26,Rent,9000.0
Ghansoli,Navi Mumbai,Villa,3,3,1309.0,27.0,30,2.5,Fully Furnished,1.0,1,1,0,1,0.7,3.35,Sale,169.81
Ulwe,Navi Mumbai,Apartment,3,4,1532.3,20.0,30,5.1,Unfurnished,1.0,1,1,1,1,1.82,0.9,Sale,105.04
Nerul,Navi Mumbai,Apartment,2,3,818.3,15.0,21,2.6,Fully Furnished,2.0,1,1,0,0,0.63,1.5,Rent,38000.0
Borivali West,Mumbai,Studio,1,2,577.8,7.0,21,1.6,Unfurnished,1.0,1,0,1,1,0.11,1.0,Sale,54.28
Kharghar,Navi Mumbai,Studio,1,2,533.1,2.0,12,13.4,Unfurnished,2.0,1,1,1,1,0.18,2.56,Sale,27.21
Dadar,Mumbai,Apartment,2,2,945.6,23.0,27,1.5,Fully Furnished,1.0,1,1,0,1,0.87,0.77,Rent,106000.0
Malad West,Mumbai,Apartment,3,4,1185.2,21.0,30,1.4,Fully Furnished,2.0,1,0,0,1,0.92,3.48,Rent,92000.0
Belapur,Navi Mumbai,Apartment,2,3,962.2,14.0,26,1.1,Semi-Furnished,0.0,1,0,1,0,0.01,1.63,Rent,41000.0
Bandra West,Mumbai,Apartment,1,1,645.3,26.0,28,9.7,Semi-Furnished,1.0,1,0,0,1,0.95,2.19,Rent,72000.0
Ghansoli,Navi Mumbai,Apartment,1,1,615.0,5.0,7,2.9,Semi-Furnished,2.0,1,0,1,0,0.58,1.64,Sale,41.12
Dadar,Mumbai,Apartment,1,2,419.4,11.0,14,15.0,Semi-Furnished,0.0,1,1,0,1,1.01,1.49,Sale,64.35
Vashi,Navi Mumbai,Penthouse,5,5,2471.2,2.0,11,4.4,Fully Furnished,1.0,1,1,0,0,0.46,1.0,Rent,278000.0
Kharghar,Navi Mumbai,Villa,4,5,1566.5,19.0,23,0.6,Semi-Furnished,1.0,1,0,0,0,0.55,0.83,Sale,230.19
Ghansoli,Navi Mumbai,Studio,1,2,528.6,20.0,30,3.6,Semi-Furnished,1.0,1,1,1,1,2.65,2.35,Rent,15000.0
Vashi,Navi Mumbai,Apartment,2,2,1085.9,8.0,13,1.4,Unfurnished,2.0,1,1,0,0,2.59,1.86,Rent,48000.0
Vashi,Navi Mumbai,Apartment,2,2,861.1,17.0,26,4.8,Semi-Furnished,1.0,1,1,0,1,0.01,3.15,Sale,101.25
Juhu,Mumbai,Villa,3,4,1798.6,33.0,38,0.5,Fully Furnished,1.0,1,0,0,1,1.89,1.84,Sale,659.47
Lower Parel,Mumbai,Apartment,1,1,547.4,2.0,3,2.5,Unfurnished,2.0,0,0,0,0,4.85,0.33,Sale,113.92
Andheri East,Mumbai,Apartment,2,2,842.4,1.0,2,6.1,Semi-Furnished,1.0,0,0,0,0,2.66,1.55,Rent,59000.0
Panvel,Navi Mumbai,Apartment,2,3,770.8,24.0,35,0.1,Unfurnished,1.0,1,0,1,1,1.26,0.5,Sale,54.87
Lower Parel,Mumbai,Apartment,2,3,679.3,8.0,15,5.8,Semi-Furnished,0.0,1,0,1,1,0.25,2.12,Sale,189.61
Kharghar,Navi Mumbai,Penthouse,3,4,1385.5,6.0,18,1.7,Fully Furnished,2.0,1,0,0,1,0.78,1.67,Sale,222.68
Bandra West,Mumbai,Villa,4,5,2185.8,1.0,8,21.0,Semi-Furnished,0.0,1,0,0,0,0.71,3.43,Rent,453000.0
Andheri West,Mumbai,Villa,5,6,3027.5,27.0,34,2.6,Unfurnished,1.0,1,1,0,1,0.02,2.93,Rent,518000.0
Kharghar,Navi Mumbai,Apartment,2,2,895.2,28.0,39,7.5,Unfurnished,2.0,1,1,1,1,1.7,1.83,Sale,60.71
Juhu,Mumbai,Villa,5,6,2413.3,21.0,31,,Semi-Furnished,2.0,1,1,1,1,5.46,2.93,Rent,481000.0
Juhu,Mumbai,Apartment,3,3,1311.5,7.0,18,2.4,Semi-Furnished,1.0,1,0,0,0,0.51,2.56,Sale,332.08
Bandra West,Mumbai,Apartment,4,4,2204.5,2.0,8,2.6,Fully Furnished,1.0,1,1,0,0,0.43,0.38,Sale,732.89
Ulwe,Navi Mumbai,Villa,4,5,1658.3,5.0,19,24.5,Semi-Furnished,1.0,1,1,0,0,1.28,1.55,Sale,118.34
Panvel,Navi Mumbai,Apartment,3,4,1665.1,13.0,22,5.0,Semi-Furnished,1.0,1,1,0,1,0.28,0.42,Sale,135.19
Goregaon West,Mumbai,Apartment,1,1,437.5,22.0,34,6.0,Semi-Furnished,2.0,1,0,0,0,0.01,2.04,Rent,28000.0
Borivali West,Mumbai,Apartment,3,4,1249.9,8.0,20,8.4,Semi-Furnished,1.0,1,0,0,1,2.05,1.63,Rent,82000.0
Goregaon West,Mumbai,Villa,5,5,2082.5,21.0,30,0.6,Fully Furnished,1.0,1,0,0,0,1.08,1.81,Rent,279000.0
Nerul,Navi Mumbai,Apartment,2,3,907.6,15.0,27,17.6,Fully Furnished,0.0,1,0,0,0,2.04,0.65,Rent,42000.0
Kharghar,Navi Mumbai,Apartment,2,3,1158.4,13.0,21,0.5,Semi-Furnished,0.0,1,0,0,0,0.99,0.39,Sale,118.42
Andheri East,Mumbai,Penthouse,4,5,1984.6,14.0,20,13.3,Semi-Furnished,0.0,1,0,0,0,0.63,0.91,Sale,504.38
Andheri East,Mumbai,Apartment,1,1,541.5,17.0,23,2.2,Unfurnished,0.0,1,1,0,0,1.32,3.28,Sale,72.43
Andheri West,Mumbai,Apartment,2,2,744.1,34.0,42,5.1,Unfurnished,1.0,1,1,1,1,0.22,2.44,Rent,80000.0
Kharghar,Navi Mumbai,Apartment,4,5,1941.5,29.0,33,0.0,Semi-Furnished,0.0,1,1,0,0,0.57,3.01,Sale,256.55
Panvel,Navi Mumbai,Apartment,4,4,1721.0,24.0,35,4.3,Semi-Furnished,2.0,1,0,0,1,0.29,2.98,Rent,67000.0
Malad West,Mumbai,Studio,1,2,466.7,6.0,7,7.2,Unfurnished,1.0,1,0,0,1,1.16,3.39,Sale,39.67
Bandra West,Mumbai,Apartment,2,2,1095.2,3.0,17,1.3,Semi-Furnished,2.0,1,1,0,0,0.04,2.26,Sale,332.48
Andheri West,Mumbai,Studio,1,2,545.9,11.0,15,8.2,Semi-Furnished,0.0,1,1,1,1,0.3,2.54,Rent,45000.0
Ulwe,Navi Mumbai,Apartment,1,1,536.9,12.0,14,1.7,Unfurnished,1.0,1,0,0,0,0.24,1.36,Rent,14000.0
Borivali West,Mumbai,Penthouse,3,3,1889.8,16.0,18,9.3,Semi-Furnished,2.0,1,1,0,1,0.97,1.74,Rent,185000.0
Nerul,Navi Mumbai,Apartment,2,2,1221.9,24.0,35,3.4,Fully Furnished,1.0,1,1,1,1,0.01,1.25,Sale,131.34
Vashi,Navi Mumbai,Apartment,2,2,1026.4,26.0,27,9.7,Fully Furnished,0.0,1,1,0,0,0.99,1.28,Sale,103.76
Thane West,Mumbai,Apartment,4,4,2455.0,6.0,20,1.5,Unfurnished,0.0,1,0,0,0,0.9,1.33,Sale,334.16
Powai,Mumbai,Row House,4,5,2222.0,19.0,21,6.3,Fully Furnished,0.0,1,0,1,1,0.73,0.55,Sale,601.51
Andheri West,Mumbai,Apartment,2,3,966.8,10.0,11,27.5,Unfurnished,0.0,1,0,0,1,1.16,2.27,Sale,129.36
Vashi,Navi Mumbai,Apartment,3,3,1732.2,,40,,Semi-Furnished,,1,0,0,1,,2.83,Rent,94000.0
Nerul,Navi Mumbai,Villa,5,6,2600.4,16.0,26,1.7,Unfurnished,1.0,1,1,0,1,0.99,2.8,Sale,489.9
Vashi,Navi Mumbai,Penthouse,4,4,2439.5,31.0,33,9.2,Unfurnished,1.0,1,1,0,1,1.45,0.72,Sale,428.49
Lower Parel,Mumbai,Studio,1,1,626.4,11.0,21,6.8,Unfurnished,1.0,1,0,0,1,3.7,1.03,Rent,52000.0
Bandra West,Mumbai,Apartment,2,3,850.8,26.0,33,6.4,Semi-Furnished,0.0,1,1,0,1,0.22,3.07,Sale,231.91
Ulwe,Navi Mumbai,Apartment,2,3,788.6,13.0,24,1.4,Semi-Furnished,0.0,1,0,0,1,0.15,0.5,Sale,48.82
Nerul,Navi Mumbai,Row House,3,3,1444.4,29.0,43,0.5,Fully Furnished,0.0,1,1,0,1,0.09,1.06,Rent,114000.0
Borivali West,Mumbai,Villa,4,4,2367.7,7.0,18,4.7,Unfurnished,0.0,1,1,0,1,0.45,0.58,Rent,234000.0
Ulwe,Navi Mumbai,Villa,3,3,1589.9,22.0,26,1.7,Unfurnished,2.0,1,0,0,0,2.02,1.07,Sale,140.01
Vashi,Navi Mumbai,Apartment,2,3,908.0,16.0,17,2.5,Fully Furnished,0.0,1,1,1,1,1.63,3.0,Sale,110.34
Chembur,Mumbai,Studio,1,2,537.7,25.0,37,0.1,Fully Furnished,0.0,1,1,0,0,0.01,3.46,Sale,59.12
Panvel,Navi Mumbai,Studio,1,1,420.7,11.0,23,16.2,Semi-Furnished,0.0,1,0,0,1,0.62,0.56,Sale,18.05
Nerul,Navi Mumbai,Studio,1,1,468.7,20.0,32,6.2,Fully Furnished,1.0,1,0,1,0,0.41,2.75,Sale,33.82
Kharghar,Navi Mumbai,Penthouse,3,4,1327.4,25.0,31,15.4,Fully Furnished,1.0,1,0,0,1,1.02,0.72,Rent,102000.0
Andheri West,Mumbai,Apartment,2,2,773.5,15.0,22,7.9,Unfurnished,0.0,1,1,1,1,0.21,1.07,Rent,78000.0
Goregaon West,Mumbai,Row House,5,5,2137.6,24.0,28,,Semi-Furnished,1.0,1,1,0,0,0.07,3.07,Sale,427.27
Kopar Khairane,Navi Mumbai,Apartment,3,4,1603.1,32.0,43,7.0,Semi-Furnished,1.0,1,1,0,0,1.31,1.08,Rent,79000.0
Powai,Mumbai,Apartment,2,3,1001.6,29.0,41,0.4,Unfurnished,1.0,1,0,0,1,0.09,3.12,Sale,159.09
Goregaon West,Mumbai,Apartment,2,3,953.6,4.0,11,2.1,Unfurnished,1.0,1,1,1,0,0.25,2.27,Sale,142.03
Kurla,Mumbai,Apartment,3,3,1430.6,19.0,21,22.4,Semi-Furnished,0.0,1,0,0,0,1.49,2.31,Rent,74000.0
Dadar,Mumbai,Apartment,2,2,944.6,21.0,22,11.3,Unfurnished,1.0,1,1,0,0,0.36,2.13,Sale,158.84
Vashi,Navi Mumbai,Apartment,3,3,1816.2,0.0,3,8.3,Unfurnished,0.0,1,0,0,1,3.51,1.04,Sale,166.68
Kopar Khairane,Navi Mumbai,Apartment,3,4,1678.9,3.0,4,4.3,Unfurnished,2.0,1,0,0,0,3.45,1.48,Rent,63000.0
Malad West,Mumbai,Studio,1,2,368.5,33.0,38,2.0,Semi-Furnished,1.0,1,0,0,1,2.15,2.43,Sale,37.73
Andheri West,Mumbai,Apartment,3,3,1797.9,31.0,36,7.5,Unfurnished,2.0,1,1,0,1,0.97,1.73,Rent,189000.0
Powai,Mumbai,Penthouse,4,4,2204.2,15.0,25,2.5,Semi-Furnished,2.0,1,0,0,0,3.08,2.42,Sale,607.73
Airoli,Navi Mumbai,Penthouse,4,4,2056.5,32.0,33,6.7,Semi-Furnished,1.0,1,1,0,1,0.49,1.67,Rent,151000.0
Vashi,Navi Mumbai,Apartment,2,2,1117.7,10.0,11,24.3,Semi-Furnished,0.0,1,0,0,0,1.95,2.13,Sale,81.45
Borivali West,Mumbai,Studio,1,2,627.6,15.0,20,12.8,Unfurnished,1.0,1,0,0,0,1.33,0.63,Sale,48.77
Belapur,Navi Mumbai,Apartment,3,4,1325.6,23.0,29,0.5,Semi-Furnished,1.0,1,0,1,1,0.51,1.52,Rent,70000.0
Airoli,Navi Mumbai,Studio,1,1,435.8,1.0,10,3.4,Semi-Furnished,2.0,1,0,1,0,3.49,2.05,Sale,24.11
Belapur,Navi Mumbai,Villa,4,5,1876.6,8.0,18,2.9,Fully Furnished,1.0,1,0,0,0,3.06,2.93,Sale,274.56
Ghansoli,Navi Mumbai,Studio,1,1,573.0,0.0,10,2.7,Fully Furnished,2.0,1,0,0,1,0.78,0.98,Rent,18000.0
Malad West,Mumbai,Studio,1,1,405.1,,27,,Unfurnished,,1,1,0,0,,2.49,Sale,39.94
Panvel,Navi Mumbai,Apartment,1,2,458.7,2.0,6,8.8,Fully Furnished,1.0,1,1,0,1,3.64,1.9,Sale,22.6
Dadar,Mumbai,Studio,1,2,516.0,19.0,33,14.7,Semi-Furnished,2.0,1,1,0,1,3.96,1.31,Rent,37000.0
Belapur,Navi Mumbai,Apartment,3,4,1743.1,27.0,34,1.8,Semi-Furnished,1.0,1,1,0,1,0.45,0.99,Sale,209.41
Panvel,Navi Mumbai,Villa,3,3,1321.4,30.0,32,4.0,Unfurnished,2.0,1,0,0,1,1.05,1.98,Sale,137.52
Nerul,Navi Mumbai,Apartment,2,2,1008.7,0.0,10,3.9,Unfurnished,1.0,1,0,0,0,3.22,1.03,Sale,77.87
Vashi,Navi Mumbai,Apartment,2,2,1123.3,8.0,9,6.9,Semi-Furnished,1.0,1,1,0,0,0.7,3.06,Rent,57000.0
Andheri East,Mumbai,Apartment,2,3,818.6,21.0,28,,Fully Furnished,1.0,1,1,1,1,,1.43,Rent,61000.0
Santacruz West,Mumbai,Apartment,4,5,1832.2,16.0,27,1.0,Fully Furnished,0.0,1,0,0,1,1.05,0.45,Sale,554.81
Dronagiri,Navi Mumbai,Studio,1,2,598.1,22.0,36,7.6,Semi-Furnished,2.0,1,0,0,1,0.4,1.62,Sale,22.94
Kopar Khairane,Navi Mumbai,Apartment,2,2,815.7,32.0,41,11.0,Fully Furnished,1.0,1,0,0,1,1.55,1.81,Sale,69.13
Bandra West,Mumbai,Villa,5,5,2719.9,22.0,29,2.5,Semi-Furnished,1.0,1,0,0,0,1.15,3.41,Rent,632000.0
Andheri East,Mumbai,Apartment,1,2,477.1,25.0,31,4.2,Fully Furnished,1.0,1,0,0,1,0.11,2.75,Sale,72.51
Andheri West,Mumbai,Row House,3,4,1548.9,8.0,21,2.3,Semi-Furnished,0.0,1,0,0,1,0.62,2.39,Rent,202000.0
Panvel,Navi Mumbai,Villa,4,5,1890.2,11.0,12,0.6,Semi-Furnished,1.0,1,1,0,1,1.13,3.1,Rent,101000.0
Belapur,Navi Mumbai,Apartment,3,3,1581.5,23.0,37,13.2,Fully Furnished,1.0,1,1,0,0,0.04,3.47,Rent,88000.0
Powai,Mumbai,Apartment,1,2,350.8,4.0,14,0.1,Fully Furnished,0.0,1,0,0,0,0.79,1.21,Rent,28000.0
Lower Parel,Mumbai,Penthouse,4,4,2429.6,30.0,36,8.2,Semi-Furnished,1.0,1,0,0,1,0.63,0.76,Rent,649000.0
Belapur,Navi Mumbai,Apartment,2,2,845.0,17.0,31,,Unfurnished,2.0,1,0,0,0,0.43,0.97,Rent,35000.0
Panvel,Navi Mumbai,Apartment,2,3,1057.0,25.0,26,,Semi-Furnished,1.0,1,0,0,0,,0.64,Sale,61.57
Santacruz West,Mumbai,Apartment,1,2,373.0,12.0,22,7.4,Fully Furnished,1.0,1,0,0,0,1.05,1.39,Rent,33000.0
Chembur,Mumbai,Row House,3,3,1131.8,27.0,30,17.6,Fully Furnished,1.0,1,1,0,1,3.32,2.72,Rent,92000.0
Lower Parel,Mumbai,Apartment,2,3,1186.5,26.0,39,19.3,Unfurnished,1.0,1,1,0,1,0.04,3.09,Rent,168000.0
Borivali West,Mumbai,Studio,1,2,558.1,10.0,12,,Fully Furnished,1.0,1,0,0,1,,0.81,Sale,59.35
Chembur,Mumbai,Apartment,3,3,1633.6,13.0,20,2.7,Fully Furnished,0.0,1,1,0,0,0.59,1.3,Sale,275.28
Kharghar,Navi Mumbai,Apartment,4,4,2376.7,29.0,30,0.8,Semi-Furnished,1.0,1,0,0,1,0.44,3.29,Rent,133000.0
Airoli,Navi Mumbai,Apartment,1,2,493.0,22.0,24,6.1,Unfurnished,1.0,1,0,1,0,1.38,1.6,Sale,35.02
Vashi,Navi Mumbai,Apartment,3,4,1357.8,30.0,32,22.3,Unfurnished,1.0,1,1,1,0,5.07,3.2,Sale,113.23
Panvel,Navi Mumbai,Penthouse,5,5,2580.1,22.0,34,9.8,Unfurnished,1.0,1,1,1,0,2.09,0.82,Rent,146000.0
Andheri East,Mumbai,Apartment,1,2,581.6,30.0,42,4.0,Semi-Furnished,1.0,1,1,1,0,4.8,0.35,Sale,83.1
Dadar,Mumbai,Apartment,1,1,510.8,0.0,10,3.8,Semi-Furnished,1.0,1,0,1,1,3.27,3.11,Rent,41000.0
Bandra West,Mumbai,Studio,1,1,367.8,10.0,18,4.0,Semi-Furnished,1.0,1,0,1,1,0.39,3.29,Sale,77.45
Malad West,Mumbai,Studio,1,2,466.1,32.0,42,0.6,Unfurnished,2.0,1,0,0,1,1.4,3.4,Sale,50.25
Panvel,Navi Mumbai,Apartment,1,2,492.0,25.0,39,10.2,Fully Furnished,2.0,1,1,0,1,0.22,0.93,Rent,16000.0
Dronagiri,Navi Mumbai,Apartment,1,1,353.6,31.0,43,19.6,Fully Furnished,1.0,1,1,0,1,0.03,2.32,Rent,10000.0
Andheri West,Mumbai,Apartment,1,1,366.8,5.0,15,4.1,Semi-Furnished,2.0,1,1,0,0,0.52,3.34,Sale,53.37
Thane West,Mumbai,Apartment,1,2,378.9,34.0,38,18.8,Unfurnished,1.0,1,0,1,1,1.44,1.81,Rent,17000.0
Nerul,Navi Mumbai,Row House,4,4,2173.4,32.0,36,6.6,Unfurnished,1.0,1,1,0,0,2.68,2.51,Sale,335.67
Powai,Mumbai,Apartment,3,3,1644.1,23.0,28,8.6,Fully Furnished,1.0,1,1,0,0,3.28,0.38,Sale,274.43
Santacruz West,Mumbai,Apartment,2,3,1209.6,6.0,8,5.6,Unfurnished,1.0,1,0,0,1,0.39,1.88,Sale,259.17
Panvel,Navi Mumbai,Apartment,2,3,1070.4,4.0,6,11.5,Unfurnished,2.0,1,1,1,0,2.44,0.68,Sale,49.41
Vashi,Navi Mumbai,Villa,4,4,1795.1,33.0,41,9.3,Fully Furnished,1.0,1,1,0,1,0.32,0.66,Sale,328.19
Powai,Mumbai,Apartment,1,1,429.5,22.0,26,21.7,Fully Furnished,1.0,1,0,0,1,0.54,2.78,Rent,33000.0
Goregaon West,Mumbai,Apartment,2,2,953.0,34.0,45,1.8,Fully Furnished,1.0,1,0,0,1,0.35,0.95,Rent,85000.0
Nerul,Navi Mumbai,Apartment,2,2,1173.9,25.0,30,10.9,Unfurnished,1.0,1,0,0,1,0.98,3.33,Sale,91.11
Santacruz West,Mumbai,Apartment,3,3,1201.3,21.0,31,5.6,Semi-Furnished,1.0,1,1,0,1,0.2,1.67,Rent,148000.0
Bandra West,Mumbai,Villa,4,5,1688.8,29.0,36,4.9,Semi-Furnished,1.0,1,1,0,0,1.32,3.07,Rent,359000.0
Panvel,Navi Mumbai,Apartment,1,2,594.7,3.0,8,16.1,Semi-Furnished,0.0,1,0,0,0,0.19,2.77,Rent,16000.0
Bandra West,Mumbai,Villa,3,3,1709.3,8.0,13,5.1,Semi-Furnished,1.0,1,1,0,1,0.12,2.79,Rent,403000.0
Panvel,Navi Mumbai,Apartment,3,3,1294.1,30.0,34,5.4,Fully Furnished,2.0,1,1,1,1,0.05,0.93,Sale,118.26
Powai,Mumbai,Studio,1,2,451.9,5.0,16,0.5,Fully Furnished,0.0,1,0,0,0,0.1,0.55,Sale,68.48
Ulwe,Navi Mumbai,Apartment,2,3,1129.5,23.0,27,4.3,Semi-Furnished,2.0,1,0,0,1,1.54,3.38,Rent,33000.0
Goregaon West,Mumbai,Apartment,2,3,843.3,29.0,33,2.6,Semi-Furnished,0.0,1,0,0,1,0.61,2.11,Rent,56000.0
Borivali West,Mumbai,Studio,1,1,576.3,0.0,1,0.0,Semi-Furnished,1.0,1,1,1,1,1.45,1.94,Sale,50.13
Andheri East,Mumbai,Apartment,2,2,1112.0,0.0,11,0.0,Unfurnished,1.0,1,0,0,1,1.04,2.04,Sale,175.95
Borivali West,Mumbai,Penthouse,4,5,2157.5,5.0,9,3.9,Semi-Furnished,1.0,1,1,0,1,2.52,2.95,Sale,421.27
Airoli,Navi Mumbai,Apartment,2,2,1289.7,16.0,22,9.2,Semi-Furnished,0.0,1,1,0,0,0.22,1.82,Sale,99.93
Dronagiri,Navi Mumbai,Apartment,2,3,786.0,21.0,30,2.1,Unfurnished,1.0,1,1,0,0,0.21,0.64,Rent,19000.0
Goregaon West,Mumbai,Studio,1,1,483.7,19.0,31,0.9,Fully Furnished,1.0,1,0,0,0,1.02,1.26,Rent,28000.0
Dadar,Mumbai,Villa,4,5,1813.4,27.0,38,1.0,Fully Furnished,1.0,1,0,1,0,0.94,3.04,Sale,744.09
Panvel,Navi Mumbai,Row House,5,6,2070.4,21.0,31,2.8,Semi-Furnished,2.0,1,0,0,1,2.12,2.43,Rent,106000.0
Airoli,Navi Mumbai,Apartment,3,4,1643.1,19.0,27,7.9,Fully Furnished,1.0,1,1,0,0,2.87,0.81,Rent,67000.0
Chembur,Mumbai,Studio,1,1,562.9,0.0,10,5.9,Fully Furnished,1.0,1,1,1,0,3.5,1.96,Rent,28000.0
Thane West,Mumbai,Villa,4,5,1821.4,30.0,35,3.2,Fully Furnished,1.0,1,1,0,0,0.72,1.66,Rent,167000.0
Kurla,Mumbai,Apartment,1,2,442.1,18.0,23,5.2,Unfurnished,0.0,1,0,0,0,0.39,2.81,Sale,33.27
Kharghar,Navi Mumbai,Apartment,1,1,623.9,3.0,16,,Unfurnished,0.0,1,1,1,0,0.29,0.59,Sale,41.83
Bandra West,Mumbai,Row House,3,4,1772.2,15.0,19,4.9,Fully Furnished,1.0,1,0,0,1,0.14,1.04,Rent,344000.0
Vashi,Navi Mumbai,Penthouse,3,4,1660.4,31.0,39,34.8,Semi-Furnished,0.0,1,0,0,1,1.3,2.14,Sale,244.03
Goregaon West,Mumbai,Penthouse,3,4,1799.4,2.0,14,9.5,Unfurnished,0.0,1,1,0,1,0.18,1.58,Sale,391.03
Nerul,Navi Mumbai,Apartment,2,2,1110.0,16.0,17,12.6,Semi-Furnished,2.0,1,1,0,1,0.0,2.58,Sale,94.42
Andheri West,Mumbai,Apartment,2,2,806.4,26.0,31,10.8,Unfurnished,1.0,1,1,0,1,3.21,1.92,Rent,73000.0
Chembur,Mumbai,Villa,4,5,2177.4,13.0,17,5.5,Fully Furnished,1.0,1,0,0,1,3.32,2.55,Sale,421.79
Worli,Mumbai,Apartment,3,3,1637.5,14.0,26,5.8,Unfurnished,1.0,1,0,0,0,0.81,0.94,Sale,468.24
Vashi,Navi Mumbai,Row House,5,5,2785.2,25.0,28,1.9,Semi-Furnished,1.0,1,1,1,0,1.37,1.05,Sale,541.09
Juhu,Mumbai,Apartment,3,3,1455.0,13.0,25,25.8,Unfurnished,1.0,1,0,0,1,0.12,3.33,Rent,194000.0
Chembur,Mumbai,Apartment,2,3,967.1,21.0,23,3.5,Fully Furnished,1.0,1,1,0,1,0.43,1.88,Sale,134.21
Santacruz West,Mumbai,Apartment,1,2,563.1,0.0,2,3.8,Fully Furnished,2.0,1,1,0,0,0.35,1.86,Rent,66000.0
Santacruz West,Mumbai,Villa,3,4,1222.0,7.0,8,5.8,Unfurnished,1.0,1,1,0,1,3.17,1.81,Sale,319.87
Vashi,Navi Mumbai,Penthouse,4,5,2012.1,3.0,14,3.9,Fully Furnished,1.0,1,0,0,1,2.24,1.53,Sale,387.71
Kharghar,Navi Mumbai,Row House,4,5,1934.2,7.0,8,16.2,Fully Furnished,1.0,1,1,0,0,1.94,2.09,Sale,208.2
Nerul,Navi Mumbai,Studio,1,1,461.6,11.0,25,9.5,Semi-Furnished,1.0,1,0,0,0,0.57,1.24,Rent,15000.0
Malad West,Mumbai,Apartment,1,1,531.5,,31,,Unfurnished,,1,1,0,1,,0.75,Sale,53.43
Belapur,Navi Mumbai,Apartment,2,3,1107.9,10.0,24,2.1,Unfurnished,1.0,1,0,0,1,1.28,0.74,Sale,94.52
Worli,Mumbai,Villa,3,3,1523.6,24.0,35,3.2,Unfurnished,1.0,1,1,1,1,0.04,0.74,Rent,350000.0
Juhu,Mumbai,Row House,3,3,1658.6,9.0,11,2.2,Fully Furnished,1.0,1,0,0,0,0.0,2.06,Rent,298000.0
Juhu,Mumbai,Apartment,2,2,757.0,4.0,14,0.2,Semi-Furnished,1.0,1,0,0,0,0.45,1.79,Sale,175.13
Goregaon West,Mumbai,Studio,1,2,519.2,27.0,39,2.1,Semi-Furnished,1.0,1,1,0,1,2.63,0.47,Sale,51.28
Nerul,Navi Mumbai,Studio,1,1,452.3,20.0,22,9.5,Unfurnished,0.0,1,1,0,0,0.79,1.77,Sale,32.58
Kharghar,Navi Mumbai,Studio,1,2,599.3,13.0,27,2.9,Unfurnished,1.0,1,0,1,1,0.65,1.13,Sale,37.72
Nerul,Navi Mumbai,Apartment,3,4,1157.3,29.0,38,3.2,Fully Furnished,1.0,1,0,0,0,0.05,3.05,Rent,64000.0
Lower Parel,Mumbai,Studio,1,1,421.3,4.0,8,,Fully Furnished,0.0,1,0,0,1,,2.91,Rent,42000.0
Dadar,Mumbai,Apartment,1,1,510.0,1.0,11,8.8,Semi-Furnished,2.0,1,0,0,1,1.33,2.45,Sale,75.77
Andheri East,Mumbai,Apartment,3,4,1267.8,30.0,36,1.7,Fully Furnished,1.0,1,0,0,1,0.48,0.67,Rent,128000.0
Goregaon West,Mumbai,Apartment,1,1,396.5,28.0,34,2.1,Semi-Furnished,0.0,1,0,0,1,0.51,3.03,Sale,61.29
Kurla,Mumbai,Apartment,1,2,572.2,9.0,10,13.7,Unfurnished,0.0,1,1,0,0,1.61,3.16,Sale,38.47
Andheri West,Mumbai,Studio,1,1,588.1,19.0,29,5.2,Semi-Furnished,0.0,1,1,0,0,1.34,0.78,Rent,42000.0
Powai,Mumbai,Apartment,3,3,1672.5,12.0,25,18.9,Semi-Furnished,0.0,1,1,0,0,0.25,1.46,Rent,168000.0
Vashi,Navi Mumbai,Apartment,2,3,1008.8,3.0,12,,Semi-Furnished,,1,1,1,1,,3.0,Sale,114.12
Panvel,Navi Mumbai,Apartment,3,3,1575.2,22.0,31,12.7,Semi-Furnished,2.0,1,1,1,1,0.58,0.93,Sale,108.97
Dronagiri,Navi Mumbai,Apartment,3,3,1403.7,22.0,25,28.9,Unfurnished,1.0,1,1,0,1,0.04,0.37,Sale,72.89
Kopar Khairane,Navi Mumbai,Apartment,4,4,1489.1,15.0,26,9.7,Fully Furnished,1.0,1,1,1,1,0.77,1.37,Rent,83000.0
Vashi,Navi Mumbai,Apartment,4,5,1708.9,32.0,40,6.8,Semi-Furnished,1.0,1,1,0,0,0.56,0.78,Rent,106000.0
Kurla,Mumbai,Apartment,3,3,1265.8,34.0,43,8.5,Semi-Furnished,2.0,1,1,1,0,2.52,2.74,Rent,66000.0
Vashi,Navi Mumbai,Apartment,3,4,1869.5,11.0,16,26.8,Fully Furnished,1.0,1,0,0,1,0.48,2.96,Sale,163.63
Nerul,Navi Mumbai,Row House,4,4,2006.1,24.0,36,12.9,Fully Furnished,1.0,1,0,0,0,3.99,1.15,Rent,138000.0
Andheri West,Mumbai,Penthouse,5,5,2821.7,16.0,17,11.0,Unfurnished,2.0,1,0,0,1,0.23,0.81,Rent,544000.0
Kurla,Mumbai,Apartment,2,3,1121.8,25.0,29,1.4,Semi-Furnished,0.0,1,0,1,1,6.85,3.32,Rent,50000.0
Belapur,Navi Mumbai,Studio,1,2,338.1,30.0,43,3.3,Semi-Furnished,0.0,1,0,0,0,1.81,1.18,Sale,25.82
Thane West,Mumbai,Apartment,2,3,1279.0,7.0,20,5.3,Fully Furnished,1.0,1,0,0,1,0.71,0.88,Sale,152.01
Chembur,Mumbai,Apartment,2,3,1096.8,25.0,28,2.1,Semi-Furnished,1.0,1,0,0,1,0.22,2.29,Sale,162.78
Chembur,Mumbai,Apartment,3,4,1859.2,24.0,31,5.8,Unfurnished,0.0,1,1,0,1,0.49,3.29,Rent,125000.0
Andheri East,Mumbai,Penthouse,4,4,2087.0,11.0,21,2.9,Fully Furnished,1.0,1,0,0,0,1.82,1.94,Sale,703.26
Goregaon West,Mumbai,Studio,1,2,478.1,13.0,19,,Unfurnished,0.0,1,0,0,1,,2.66,Rent,23000.0
Goregaon West,Mumbai,Apartment,2,3,889.6,12.0,20,1.7,Fully Furnished,1.0,1,1,0,0,0.87,1.98,Sale,128.29
Bandra West,Mumbai,Apartment,3,4,1281.2,33.0,34,0.8,Semi-Furnished,1.0,1,1,0,1,0.81,1.16,Sale,434.55
Bandra West,Mumbai,Apartment,1,1,619.8,31.0,41,4.2,Semi-Furnished,1.0,1,1,0,0,2.12,1.87,Rent,59000.0
Belapur,Navi Mumbai,Row House,3,4,1292.3,14.0,19,3.9,Unfurnished,1.0,1,1,0,1,0.73,2.36,Sale,151.52
Malad West,Mumbai,Row House,5,6,3064.0,7.0,21,2.6,Fully Furnished,0.0,1,0,1,1,2.09,1.12,Rent,352000.0
Lower Parel,Mumbai,Villa,4,4,1730.9,16.0,25,25.4,Unfurnished,1.0,1,0,0,1,9.42,3.34,Sale,477.5
Borivali West,Mumbai,Apartment,4,4,1669.7,28.0,34,4.5,Fully Furnished,0.0,1,0,0,0,0.11,0.87,Sale,312.2
Kopar Khairane,Navi Mumbai,Apartment,2,2,987.5,4.0,8,2.8,Fully Furnished,1.0,1,1,0,1,0.68,2.56,Rent,460.0
Malad West,Mumbai,Apartment,3,3,1436.6,32.0,40,1.2,Semi-Furnished,0.0,1,1,0,1,1.36,2.28,Rent,113000.0
Kurla,Mumbai,Apartment,2,2,1006.3,0.0,4,8.4,Unfurnished,2.0,0,0,0,0,0.24,2.89,Rent,46000.0
Airoli,Navi Mumbai,Penthouse,4,5,1858.0,13.0,20,4.0,Fully Furnished,1.0,1,1,0,1,0.68,2.65,Rent,141000.0
Belapur,Navi Mumbai,Studio,1,2,347.8,29.0,39,0.9,Unfurnished,1.0,1,1,0,1,1.33,3.39,Sale,24.34
Andheri East,Mumbai,Penthouse,4,5,2261.1,16.0,17,3.8,Semi-Furnished,1.0,1,1,1,1,0.54,3.45,Rent,330000.0
Nerul,Navi Mumbai,Apartment,3,4,1180.2,34.0,43,5.4,Semi-Furnished,1.0,1,0,0,1,0.49,3.18,Sale,134.78
Dadar,Mumbai,Apartment,1,2,574.6,26.0,35,7.8,Fully Furnished,1.0,1,1,1,0,0.57,1.93,Rent,60000.0
Worli,Mumbai,Apartment,2,2,1101.7,2.0,15,4.5,Semi-Furnished,2.0,1,0,0,1,4.92,2.94,Rent,145000.0
Andheri West,Mumbai,Apartment,2,2,895.2,32.0,45,8.5,Semi-Furnished,2.0,1,0,0,1,0.08,0.61,Rent,86000.0
Andheri West,Mumbai,Apartment,4,5,2221.6,33.0,38,2.4,Fully Furnished,1.0,1,0,0,1,1.33,1.09,Rent,284000.0
Panvel,Navi Mumbai,Studio,1,2,330.4,17.0,18,2.5,Semi-Furnished,1.0,1,1,0,1,1.78,0.7,Sale,16.33
Worli,Mumbai,Studio,1,1,418.0,0.0,12,4.7,Semi-Furnished,0.0,1,0,0,0,0.22,2.15,Rent,42000.0
Kurla,Mumbai,Apartment,2,3,959.8,21.0,31,8.7,Unfurnished,1.0,1,1,0,0,0.39,1.21,Sale,79.78
Panvel,Navi Mumbai,Row House,4,5,2319.3,2.0,15,0.7,Fully Furnished,1.0,1,1,1,0,1.39,3.38,Rent,129000.0
Panvel,Navi Mumbai,Apartment,3,4,1456.7,20.0,26,9.3,Fully Furnished,1.0,1,1,0,1,1.66,1.96,Sale,114.61
Andheri East,Mumbai,Apartment,3,3,1287.1,27.0,36,7.3,Fully Furnished,0.0,1,0,0,0,0.79,3.12,Rent,121000.0
Vashi,Navi Mumbai,Penthouse,4,5,1769.1,,31,,Fully Furnished,,1,1,0,1,,2.77,Sale,426.47
Andheri West,Mumbai,Studio,1,1,386.6,14.0,15,6.4,Semi-Furnished,1.0,1,1,1,0,1.06,0.55,Sale,52.4
Panvel,Navi Mumbai,Apartment,2,2,1060.7,28.0,31,35.2,Semi-Furnished,2.0,1,1,0,0,3.16,2.11,Rent,29000.0
Kharghar,Navi Mumbai,Studio,1,1,509.0,33.0,36,6.8,Fully Furnished,1.0,1,0,0,1,0.02,1.7,Sale,36.42
Ulwe,Navi Mumbai,Villa,3,3,1723.4,0.0,13,2.0,Fully Furnished,0.0,1,0,0,1,1.0,1.49,Sale,154.54
Juhu,Mumbai,Apartment,1,2,508.3,3.0,4,9.2,Unfurnished,1.0,0,0,0,1,0.55,2.76,Rent,47000.0
Juhu,Mumbai,Apartment,2,3,1063.9,8.0,20,0.1,Unfurnished,1.0,1,1,1,1,1.36,0.94,Sale,246.11
Borivali West,Mumbai,Apartment,3,4,1377.0,7.0,11,2.5,Semi-Furnished,1.0,1,0,0,1,1.77,2.83,Sale,169.26
Malad West,Mumbai,Apartment,2,3,1086.6,19.0,24,10.0,Semi-Furnished,2.0,1,0,0,1,2.72,2.45,Sale,117.19
Malad West,Mumbai,Studio,1,2,592.0,24.0,30,16.0,Semi-Furnished,1.0,1,0,0,0,2.34,0.97,Rent,27000.0
Ghansoli,Navi Mumbai,Studio,1,1,380.3,2.0,8,9.7,Semi-Furnished,2.0,1,0,1,1,0.45,2.05,Sale,21.64
Malad West,Mumbai,Studio,1,2,571.3,27.0,37,5.4,Semi-Furnished,2.0,1,1,0,0,1.48,3.01,Rent,28000.0
Malad West,Mumbai,Villa,3,3,1295.4,1.0,9,3.4,Unfurnished,2.0,1,0,0,1,0.58,3.03,Rent,131000.0
Panvel,Navi Mumbai,Row House,3,3,1494.9,1.0,9,10.3,Unfurnished,1.0,1,0,1,1,0.12,2.28,Sale,109.23
Dadar,Mumbai,Apartment,1,2,371.9,30.0,37,4.5,Semi-Furnished,1.0,1,1,0,0,0.23,1.64,Rent,36000.0
Nerul,Navi Mumbai,Apartment,2,2,885.8,24.0,37,15.4,Fully Furnished,1.0,1,1,0,0,0.58,3.47,Rent,45000.0
Juhu,Mumbai,Apartment,3,3,1458.9,3.0,4,17.6,Fully Furnished,2.0,1,1,0,1,4.6,1.98,Sale,274.87
Worli,Mumbai,Apartment,3,3,1838.5,27.0,40,1.2,Semi-Furnished,1.0,1,0,0,0,0.81,3.42,Rent,282000.0
Bandra West,Mumbai,Villa,4,4,2375.5,20.0,26,1.3,Fully Furnished,1.0,1,0,1,1,0.15,0.76,Rent,510000.0
Juhu,Mumbai,Apartment,3,4,1858.3,,16,,Semi-Furnished,,1,0,0,1,,1.92,Rent,214000.0
Ghansoli,Navi Mumbai,Villa,3,3,1258.3,10.0,15,12.1,Unfurnished,0.0,1,0,0,1,1.06,2.42,Sale,115.59
Andheri West,Mumbai,Apartment,2,2,808.3,15.0,26,13.2,Unfurnished,1.0,1,1,1,1,0.71,1.13,Rent,79000.0
Santacruz West,Mumbai,Row House,4,4,2210.0,16.0,25,26.6,Fully Furnished,1.0,1,1,0,1,1.27,1.51,Sale,567.24
Kurla,Mumbai,Villa,4,4,2013.1,25.0,27,5.3,Fully Furnished,1.0,1,0,0,1,0.35,2.59,Rent,192000.0
Goregaon West,Mumbai,Apartment,2,2,1082.2,31.0,36,26.3,Semi-Furnished,1.0,1,0,1,1,1.22,1.93,Sale,124.88
Ghansoli,Navi Mumbai,Apartment,4,4,2331.8,21.0,30,9.1,Semi-Furnished,0.0,1,0,0,0,0.42,2.22,Sale,218.46
Bandra West,Mumbai,Apartment,2,3,1022.1,30.0,40,3.2,Semi-Furnished,1.0,1,0,1,0,0.76,0.36,Rent,136000.0
Kharghar,Navi Mumbai,Apartment,2,3,1125.1,29.0,37,0.0,Semi-Furnished,2.0,1,0,0,0,3.07,0.35,Sale,93.19
Ulwe,Navi Mumbai,Apartment,3,4,1572.0,23.0,31,9.6,Semi-Furnished,2.0,1,0,0,1,0.36,0.88,Rent,54000.0
Santacruz West,Mumbai,Apartment,4,4,1855.6,13.0,17,3.4,Semi-Furnished,0.0,1,0,0,0,1.93,2.73,Sale,475.63
Kopar Khairane,Navi Mumbai,Apartment,1,2,400.2,16.0,25,2.5,Semi-Furnished,1.0,1,1,0,1,1.75,2.69,Rent,15000.0
Juhu,Mumbai,Apartment,2,2,816.3,7.0,8,2.9,Semi-Furnished,1.0,1,0,0,0,1.09,1.44,Sale,197.7
Kurla,Mumbai,Apartment,3,3,1480.3,22.0,25,10.3,Fully Furnished,0.0,1,0,0,0,0.04,1.59,Sale,170.22
Malad West,Mumbai,Apartment,4,4,2177.5,26.0,31,3.9,Fully Furnished,1.0,1,1,1,0,0.22,2.05,Sale,428.13
Panvel,Navi Mumbai,Apartment,1,1,543.8,7.0,13,12.3,Semi-Furnished,0.0,1,1,0,1,0.51,2.9,Rent,14000.0
Ulwe,Navi Mumbai,Apartment,3,4,1284.8,21.0,35,11.3,Unfurnished,0.0,1,0,0,1,0.47,0.89,Sale,74.56
Malad West,Mumbai,Apartment,2,3,1149.8,23.0,34,0.6,Unfurnished,1.0,1,0,0,0,0.3,1.69,Sale,176.7
Vashi,Navi Mumbai,Apartment,2,2,925.7,27.0,33,10.0,Unfurnished,1.0,1,0,1,0,0.41,0.52,Rent,45000.0
Powai,Mumbai,Row House,4,4,2188.1,17.0,19,1.5,Fully Furnished,0.0,1,1,0,1,0.78,3.5,Rent,296000.0
Chembur,Mumbai,Apartment,2,2,800.1,30.0,41,6.6,Unfurnished,0.0,1,0,1,1,2.05,1.15,Rent,45000.0
Dadar,Mumbai,Row House,5,6,2145.7,,31,,Semi-Furnished,,1,0,0,1,,2.64,Sale,684.58
Ulwe,Navi Mumbai,Apartment,1,2,486.4,2.0,13,0.2,Semi-Furnished,1.0,1,1,1,0,0.47,1.39,Sale,28.02
Vashi,Navi Mumbai,Villa,5,5,2838.3,20.0,28,10.0,Unfurnished,0.0,1,0,1,1,0.3,2.67,Rent,247000.0
Goregaon West,Mumbai,Apartment,3,3,1162.2,4.0,16,10.1,Unfurnished,1.0,1,0,0,1,2.36,0.48,Rent,90000.0
Andheri West,Mumbai,Studio,1,2,636.6,5.0,15,0.1,Semi-Furnished,1.0,1,1,0,1,0.12,0.78,Sale,94.52
Andheri East,Mumbai,Studio,1,2,444.7,18.0,32,3.4,Semi-Furnished,2.0,1,1,1,1,1.07,3.05,Sale,50.26
Powai,Mumbai,Apartment,2,2,921.8,7.0,16,4.1,Unfurnished,1.0,1,1,0,1,2.17,1.3,Sale,136.79
Malad West,Mumbai,Apartment,3,4,1812.9,30.0,41,2.4,Fully Furnished,1.0,1,0,0,0,0.09,1.49,Sale,283.69
Belapur,Navi Mumbai,Apartment,2,3,804.0,26.0,40,0.9,Semi-Furnished,2.0,1,1,0,0,0.2,1.46,Sale,85.22
Santacruz West,Mumbai,Villa,5,6,2484.4,4.0,7,6.4,Fully Furnished,0.0,1,1,1,0,0.16,2.97,Sale,1079.77
Lower Parel,Mumbai,Row House,4,4,2364.0,23.0,24,2.5,Fully Furnished,1.0,1,0,0,0,2.49,0.66,Sale,953.74
Andheri West,Mumbai,Apartment,2,3,1245.2,2.0,6,11.5,Fully Furnished,1.0,1,0,0,1,0.55,2.78,Rent,125000.0
Airoli,Navi Mumbai,Row House,5,6,2877.2,33.0,47,1.3,Fully Furnished,1.0,1,1,0,0,0.95,3.48,Sale,440.4
Panvel,Navi Mumbai,Apartment,4,5,2002.5,11.0,18,,Fully Furnished,1.0,1,0,0,0,,1.29,Sale,131.61
Juhu,Mumbai,Apartment,3,3,1530.9,29.0,33,22.8,Fully Furnished,0.0,1,1,0,1,1.22,1.36,Sale,344.01
Kharghar,Navi Mumbai,Penthouse,4,4,1906.3,30.0,43,5.7,Unfurnished,1.0,1,1,0,0,0.34,1.36,Sale,278.86
Santacruz West,Mumbai,Apartment,3,4,1193.5,12.0,21,1.7,Unfurnished,1.0,1,1,0,1,0.19,0.53,Sale,305.36
Andheri West,Mumbai,Apartment,2,3,858.9,26.0,29,7.1,Fully Furnished,1.0,1,1,0,0,0.41,1.59,Rent,87000.0
Dadar,Mumbai,Studio,1,1,523.0,32.0,35,4.3,Semi-Furnished,1.0,1,0,0,0,0.14,3.34,Rent,41000.0
Worli,Mumbai,Penthouse,4,4,1724.4,20.0,30,19.2,Fully Furnished,1.0,1,0,0,1,1.09,0.41,Rent,491000.0
Andheri East,Mumbai,Apartment,2,3,1086.1,7.0,19,0.3,Fully Furnished,0.0,1,1,0,0,1.42,3.33,Rent,95000.0
Kopar Khairane,Navi Mumbai,Apartment,3,3,1423.8,26.0,28,0.9,Semi-Furnished,0.0,1,0,0,0,1.2,3.41,Sale,140.93
Belapur,Navi Mumbai,Row House,4,4,2214.3,2.0,11,12.0,Fully Furnished,2.0,1,0,0,1,0.74,3.01,Sale,291.27
Kharghar,Navi Mumbai,Apartment,3,3,1207.9,3.0,13,2.6,Semi-Furnished,1.0,1,0,1,1,1.82,3.24,Sale,109.19
Dadar,Mumbai,Apartment,1,2,473.8,7.0,13,12.0,Fully Furnished,1.0,1,0,0,1,1.5,3.08,Sale,69.32
Kurla,Mumbai,Studio,1,2,363.9,2.0,4,5.6,Fully Furnished,0.0,0,1,1,1,0.51,3.43,Sale,27.57
Vashi,Navi Mumbai,Penthouse,5,5,2197.6,31.0,39,14.7,Unfurnished,0.0,1,1,0,0,0.99,1.01,Rent,210000.0
Santacruz West,Mumbai,Penthouse,5,5,2870.3,2.0,6,5.6,Semi-Furnished,1.0,1,1,0,1,2.12,3.09,Rent,633000.0
Juhu,Mumbai,Apartment,2,3,1011.8,30.0,33,7.7,Semi-Furnished,1.0,1,0,0,1,0.23,3.12,Sale,222.79
Lower Parel,Mumbai,Apartment,2,2,1048.3,16.0,17,2.8,Semi-Furnished,2.0,1,0,0,1,1.69,2.8,Sale,300.1
Nerul,Navi Mumbai,Studio,1,2,577.1,23.0,30,9.0,Semi-Furnished,1.0,1,1,0,1,0.04,1.12,Sale,44.62
Dadar,Mumbai,Villa,5,6,2031.4,11.0,22,2.0,Fully Furnished,1.0,1,0,0,0,0.36,2.33,Rent,429000.0
Juhu,Mumbai,Apartment,1,2,502.3,28.0,35,15.2,Unfurnished,0.0,1,0,0,0,0.7,0.57,Sale,73.24
Nerul,Navi Mumbai,Apartment,2,3,1160.3,14.0,26,2.7,Fully Furnished,1.0,1,1,0,0,0.04,1.66,Sale,122.78
Powai,Mumbai,Penthouse,4,4,2226.1,3.0,11,3.5,Fully Furnished,1.0,1,0,0,1,0.57,0.32,Rent,370000.0
Malad West,Mumbai,Apartment,4,4,1786.2,14.0,16,8.4,Semi-Furnished,0.0,1,0,0,1,0.1,0.36,Rent,155000.0
Andheri East,Mumbai,Apartment,4,5,1955.5,2.0,9,3.8,Unfurnished,1.0,1,0,0,1,0.68,0.86,Sale,347.81
Goregaon West,Mumbai,Villa,3,3,1575.5,25.0,27,9.1,Fully Furnished,1.0,1,0,1,0,0.51,2.21,Rent,213000.0
Panvel,Navi Mumbai,Apartment,2,2,986.1,28.0,36,10.7,Unfurnished,1.0,1,1,0,0,0.93,1.91,Rent,27000.0
Lower Parel,Mumbai,Apartment,1,2,547.8,17.0,28,2.7,Semi-Furnished,0.0,1,0,1,1,0.5,1.98,Sale,140.34
Powai,Mumbai,Apartment,1,1,639.2,,23,,Semi-Furnished,,1,0,0,1,,0.64,Rent,47000.0
Airoli,Navi Mumbai,Apartment,3,4,1394.5,15.0,20,11.7,Semi-Furnished,0.0,1,0,1,0,0.81,2.39,Rent,62000.0
Airoli,Navi Mumbai,Apartment,3,3,1782.9,20.0,28,3.4,Fully Furnished,1.0,1,0,0,1,0.04,3.39,Rent,82000.0
Airoli,Navi Mumbai,Apartment,3,4,1770.7,14.0,18,5.5,Fully Furnished,0.0,1,0,0,0,0.66,3.31,Sale,169.43
Malad West,Mumbai,Studio,1,2,435.3,29.0,32,6.1,Fully Furnished,1.0,1,0,0,0,4.19,3.22,Rent,21000.0
Dadar,Mumbai,Apartment,3,3,1758.5,33.0,47,15.6,Fully Furnished,1.0,1,0,0,1,3.22,0.81,Sale,350.1
Dronagiri,Navi Mumbai,Apartment,2,3,1049.9,27.0,35,9.3,Semi-Furnished,1.0,1,0,1,1,2.94,3.14,Sale,56.43
Nerul,Navi Mumbai,Apartment,3,4,1621.4,2.0,4,6.0,Fully Furnished,2.0,0,1,0,1,0.67,3.32,Sale,174.68
Bandra West,Mumbai,Apartment,3,4,1629.6,12.0,24,7.9,Unfurnished,1.0,1,1,0,1,0.72,0.63,Sale,425.66
Juhu,Mumbai,Apartment,3,3,1546.7,4.0,13,2.7,Fully Furnished,1.0,1,0,0,1,0.45,2.9,Sale,466.03
Dadar,Mumbai,Apartment,1,1,364.4,20.0,25,3.4,Semi-Furnished,1.0,1,0,0,0,0.02,0.85,Rent,34000.0
Ghansoli,Navi Mumbai,Apartment,1,2,484.6,13.0,20,21.4,Fully Furnished,0.0,1,0,0,0,3.27,2.72,Sale,21.21
Santacruz West,Mumbai,Apartment,3,4,1364.2,26.0,31,25.0,Semi-Furnished,1.0,1,0,0,1,0.74,0.87,Sale,228.42
Worli,Mumbai,Apartment,2,3,765.4,21.0,27,5.0,Unfurnished,0.0,1,1,0,0,0.28,3.47,Sale,211.0
Andheri West,Mumbai,Apartment,1,2,502.4,3.0,17,7.1,Semi-Furnished,1.0,1,0,0,0,0.37,0.54,Sale,75.77
Kharghar,Navi Mumbai,Apartment,3,4,1540.5,12.0,26,20.6,Semi-Furnished,1.0,1,0,0,1,0.05,0.61,Rent,76000.0
Belapur,Navi Mumbai,Villa,4,5,1751.4,33.0,35,31.6,Unfurnished,1.0,1,0,1,0,0.52,0.76,Sale,204.79
Thane West,Mumbai,Villa,3,3,1474.6,2.0,10,0.4,Unfurnished,1.0,1,1,0,1,1.39,1.4,Sale,235.12
Nerul,Navi Mumbai,Apartment,3,4,1564.2,8.0,14,,Fully Furnished,0.0,1,0,0,0,,3.12,Sale,158.82
Ulwe,Navi Mumbai,Apartment,1,2,471.9,12.0,19,7.5,Unfurnished,1.0,1,0,0,0,0.96,0.56,Sale,22.51
Powai,Mumbai,Villa,4,5,1681.9,3.0,14,7.4,Unfurnished,0.0,1,1,0,0,1.29,3.28,Sale,384.49
Lower Parel,Mumbai,Apartment,3,3,1439.1,26.0,27,0.3,Unfurnished,0.0,1,0,0,0,0.25,0.78,Sale,389.38
Borivali West,Mumbai,Apartment,3,4,1403.6,28.0,41,3.5,Unfurnished,0.0,1,0,0,1,0.59,0.84,Sale,198.2
Nerul,Navi Mumbai,Apartment,3,4,1348.8,17.0,25,10.0,Semi-Furnished,1.0,1,0,0,1,1.23,2.08,Sale,136.13
Chembur,Mumbai,Apartment,4,4,2509.2,15.0,17,,Unfurnished,1.0,1,0,0,1,1.24,3.1,Rent,167000.0
Vashi,Navi Mumbai,Apartment,2,2,884.3,31.0,35,12.3,Fully Furnished,1.0,1,0,0,0,1.35,2.04,Sale,89.93
Nerul,Navi Mumbai,Penthouse,3,3,1710.3,15.0,16,0.1,Semi-Furnished,1.0,1,0,0,0,0.27,1.42,Rent,133000.0
Thane West,Mumbai,Apartment,1,1,466.8,9.0,22,6.2,Unfurnished,2.0,1,1,0,0,0.97,0.65,Sale,43.17
Ghansoli,Navi Mumbai,Apartment,2,3,915.8,31.0,43,26.1,Semi-Furnished,0.0,1,0,1,1,0.21,1.11,Rent,40000.0
Santacruz West,Mumbai,Villa,4,4,2233.2,17.0,18,4.6,Unfurnished,2.0,1,0,0,1,5.04,2.18,Rent,296000.0
Andheri East,Mumbai,Apartment,4,5,2331.5,8.0,13,0.2,Fully Furnished,2.0,1,0,0,1,0.05,1.62,Sale,516.36
Kharghar,Navi Mumbai,Penthouse,3,4,1210.5,9.0,22,6.2,Fully Furnished,1.0,1,1,0,1,0.41,2.06,Sale,184.82
Nerul,Navi Mumbai,Apartment,2,2,995.7,2.0,4,6.3,Semi-Furnished,1.0,1,0,0,1,0.34,1.47,Sale,84.68
Borivali West,Mumbai,Apartment,1,2,401.1,6.0,19,7.8,Semi-Furnished,1.0,1,0,0,1,3.07,1.54,Rent,19000.0
Belapur,Navi Mumbai,Villa,3,3,1382.8,20.0,21,24.6,Unfurnished,0.0,1,1,1,0,0.87,3.15,Sale,139.52
Ghansoli,Navi Mumbai,Apartment,4,4,2114.9,16.0,19,1.3,Unfurnished,0.0,1,0,0,1,0.77,2.73,Sale,207.78
Malad West,Mumbai,Apartment,1,1,513.7,28.0,39,1.4,Unfurnished,1.0,1,0,0,1,6.11,1.76,Rent,26000.0
Ulwe,Navi Mumbai,Apartment,2,3,1059.4,13.0,17,2.1,Fully Furnished,2.0,1,0,0,1,3.09,0.46,Sale,68.89
Andheri East,Mumbai,Apartment,2,2,1028.6,3.0,16,7.7,Semi-Furnished,0.0,1,1,0,1,1.4,1.81,Rent,84000.0
Powai,Mumbai,Apartment,2,2,1190.8,28.0,30,2.5,Semi-Furnished,1.0,1,0,0,1,0.92,2.13,Sale,210.4
Andheri East,Mumbai,Apartment,1,1,450.0,22.0,24,23.9,Fully Furnished,1.0,1,0,0,1,1.04,1.59,Rent,31000.0
Ghansoli,Navi Mumbai,Studio,1,2,642.5,1.0,15,10.6,Unfurnished,1.0,1,1,0,1,0.34,2.87,Rent,17000.0
Vashi,Navi Mumbai,Apartment,1,1,487.2,21.0,22,,Unfurnished,1.0,1,1,0,0,0.46,2.75,Sale,50.4
Andheri East,Mumbai,Apartment,3,3,1464.7,5.0,18,6.1,Fully Furnished,1.0,1,1,0,1,1.4,3.42,Sale,245.48
Dadar,Mumbai,Apartment,2,3,1078.5,31.0,41,8.1,Unfurnished,1.0,1,0,0,0,0.72,2.44,Sale,208.56
Vashi,Navi Mumbai,Row House,5,5,2992.0,20.0,26,3.6,Semi-Furnished,0.0,1,0,1,1,2.4,2.79,Sale,508.14
Andheri West,Mumbai,Apartment,3,3,1786.4,23.0,27,2.7,Fully Furnished,1.0,1,1,0,1,1.27,0.81,Sale,443.37
Airoli,Navi Mumbai,Apartment,1,1,338.6,4.0,7,2.7,Semi-Furnished,0.0,1,0,0,0,0.25,1.99,Rent,12000.0
Nerul,Navi Mumbai,Apartment,3,4,1531.4,21.0,27,25.9,Semi-Furnished,0.0,1,0,1,0,0.06,3.07,Sale,141.49
Lower Parel,Mumbai,Apartment,2,2,823.5,11.0,18,5.3,Fully Furnished,2.0,1,0,0,1,1.43,3.35,Rent,111000.0
Ulwe,Navi Mumbai,Apartment,4,4,1924.2,31.0,34,5.8,Unfurnished,2.0,1,0,0,0,2.07,1.44,Sale,141.9
Kurla,Mumbai,Row House,3,3,1802.9,15.0,18,6.1,Unfurnished,1.0,1,1,0,1,0.96,2.09,Sale,215.57
Ulwe,Navi Mumbai,Apartment,2,3,1131.0,23.0,31,7.5,Fully Furnished,1.0,1,1,1,1,0.98,1.46,Sale,72.93
Kharghar,Navi Mumbai,Apartment,3,3,1887.3,31.0,45,10.1,Unfurnished,1.0,1,1,0,1,0.0,3.31,Rent,88000.0
Vashi,Navi Mumbai,Apartment,3,4,1223.3,5.0,16,0.3,Unfurnished,1.0,1,0,0,1,0.97,0.32,Sale,135.45
Andheri East,Mumbai,Row House,3,3,1436.2,22.0,27,0.1,Unfurnished,2.0,1,0,0,1,0.11,2.27,Sale,288.4
Airoli,Navi Mumbai,Apartment,2,3,832.4,2.0,3,11.0,Unfurnished,1.0,1,0,0,1,0.32,3.01,Sale,61.14
Kurla,Mumbai,Apartment,1,1,621.4,31.0,38,1.8,Unfurnished,1.0,1,0,0,0,0.11,1.92,Sale,51.52
Andheri East,Mumbai,Apartment,2,3,959.5,6.0,20,0.4,Unfurnished,0.0,1,1,0,1,0.75,2.98,Sale,164.18
Bandra West,Mumbai,Apartment,2,2,819.3,25.0,37,3.6,Fully Furnished,2.0,1,0,0,0,0.07,2.39,Rent,122000.0
Santacruz West,Mumbai,Apartment,2,3,1031.9,17.0,19,2.4,Semi-Furnished,0.0,1,0,0,1,0.5,1.38,Sale,250.28
Lower Parel,Mumbai,Studio,1,2,586.2,33.0,36,5.7,Unfurnished,1.0,1,0,1,1,0.77,1.27,Rent,60000.0
Panvel,Navi Mumbai,Apartment,2,3,818.0,21.0,32,16.4,Unfurnished,2.0,1,1,0,0,1.72,0.71,Sale,43.14
Airoli,Navi Mumbai,Penthouse,4,5,1774.7,30.0,41,5.4,Fully Furnished,1.0,1,0,0,0,3.14,1.05,Rent,131000.0
Andheri West,Mumbai,Penthouse,4,5,1871.2,4.0,7,11.0,Fully Furnished,2.0,1,1,1,1,0.99,0.34,Sale,633.72
Panvel,Navi Mumbai,Villa,5,5,1897.9,22.0,28,18.8,Unfurnished,0.0,1,0,0,0,5.17,0.52,Sale,149.03
Andheri East,Mumbai,Apartment,1,2,581.7,11.0,18,4.3,Fully Furnished,1.0,1,0,0,1,5.17,2.13,Sale,83.55
Belapur,Navi Mumbai,Row House,5,5,2503.3,10.0,11,7.3,Semi-Furnished,2.0,1,1,0,1,0.31,1.95,Sale,372.97
Belapur,Navi Mumbai,Studio,1,2,559.6,25.0,35,5.1,Fully Furnished,1.0,1,0,0,1,0.92,3.02,Sale,40.72
Santacruz West,Mumbai,Penthouse,3,4,1417.5,11.0,23,8.1,Unfurnished,2.0,1,0,1,0,0.57,0.88,Rent,261000.0
Kharghar,Navi Mumbai,Apartment,3,3,1474.6,22.0,23,6.0,Unfurnished,1.0,1,0,0,1,0.3,1.14,Sale,140.68
Borivali West,Mumbai,Villa,4,4,1677.8,3.0,17,9.8,Semi-Furnished,0.0,1,0,1,1,0.39,2.72,Rent,183000.0
Worli,Mumbai,Apartment,4,4,2221.5,15.0,17,20.3,Semi-Furnished,1.0,1,0,1,1,0.99,3.32,Rent,437000.0
Belapur,Navi Mumbai,Penthouse,5,6,2928.4,30.0,32,11.5,Unfurnished,1.0,1,0,0,1,3.46,1.07,Sale,492.88
Dadar,Mumbai,Apartment,2,2,1230.8,17.0,19,10.9,Fully Furnished,1.0,1,1,0,1,1.09,3.01,Sale,236.87
Goregaon West,Mumbai,Apartment,1,1,543.7,24.0,25,3.9,Semi-Furnished,0.0,1,1,0,1,1.6,0.85,Sale,65.05
Worli,Mumbai,Apartment,3,4,1534.6,25.0,26,1.2,Semi-Furnished,1.0,1,0,0,0,0.3,2.82,Rent,259000.0
Belapur,Navi Mumbai,Apartment,1,1,525.7,17.0,21,0.8,Unfurnished,0.0,1,1,0,1,0.85,1.37,Sale,43.63
Goregaon West,Mumbai,Apartment,3,4,1439.7,14.0,22,2.1,Fully Furnished,1.0,1,1,1,1,2.13,2.24,Sale,271.55
Andheri East,Mumbai,Apartment,2,2,880.5,10.0,11,3.4,Semi-Furnished,1.0,1,1,0,1,2.48,3.05,Sale,124.95
Kharghar,Navi Mumbai,Apartment,2,2,1271.7,20.0,23,4.5,Unfurnished,1.0,1,0,1,1,0.75,0.91,Sale,115.99
Belapur,Navi Mumbai,Apartment,2,3,1083.4,31.0,33,10.5,Unfurnished,1.0,1,1,0,0,1.84,2.31,Sale,86.33
Andheri West,Mumbai,Apartment,2,2,1170.2,31.0,32,2.8,Semi-Furnished,0.0,1,1,1,1,0.08,0.54,Rent,114000.0
Malad West,Mumbai,Apartment,3,4,1770.9,13.0,25,4.6,Unfurnished,1.0,1,0,0,1,0.44,3.45,Sale,242.67
Andheri East,Mumbai,Row House,3,4,1579.1,4.0,9,3.6,Semi-Furnished,1.0,1,0,0,0,0.67,1.84,Sale,355.33
Goregaon West,Mumbai,Row House,3,3,1280.1,1.0,3,4.7,Fully Furnished,2.0,1,0,0,1,1.74,2.07,Sale,253.37
Dadar,Mumbai,Villa,4,4,1741.5,8.0,9,2.0,Unfurnished,1.0,1,1,0,1,0.28,1.61,Rent,316000.0
Panvel,Navi Mumbai,Apartment,2,3,1007.2,16.0,27,18.0,Fully Furnished,1.0,1,1,0,1,2.29,0.72,Rent,29000.0
Vashi,Navi Mumbai,Penthouse,4,4,1759.0,13.0,14,5.8,Semi-Furnished,0.0,1,1,0,1,2.4,1.01,Sale,322.11
Vashi,Navi Mumbai,Apartment,2,3,963.0,1.0,9,4.4,Semi-Furnished,0.0,1,0,0,1,1.19,0.64,Rent,51000.0
Goregaon West,Mumbai,Row House,3,3,1485.3,26.0,39,1.6,Semi-Furnished,1.0,1,1,0,1,1.45,2.34,Rent,146000.0
Belapur,Navi Mumbai,Apartment,2,2,1131.8,31.0,36,23.1,Unfurnished,1.0,1,0,0,1,1.24,1.63,Sale,80.06
Worli,Mumbai,Penthouse,3,4,1566.4,4.0,18,3.2,Unfurnished,1.0,1,1,0,0,2.14,3.12,Rent,350000.0
Ulwe,Navi Mumbai,Apartment,3,3,1557.1,27.0,30,,Semi-Furnished,0.0,1,0,0,1,0.35,0.99,Sale,111.62
Vashi,Navi Mumbai,Villa,4,5,1922.2,33.0,39,5.2,Unfurnished,1.0,1,0,0,1,1.78,1.63,Rent,162000.0
Andheri West,Mumbai,Apartment,4,5,2293.7,30.0,35,3.8,Unfurnished,1.0,1,0,0,0,3.21,1.11,Rent,228000.0
Kharghar,Navi Mumbai,Apartment,2,3,1173.9,24.0,34,2.4,Fully Furnished,1.0,1,0,0,1,1.21,2.53,Rent,53000.0
Borivali West,Mumbai,Apartment,3,4,1461.5,21.0,32,9.9,Semi-Furnished,0.0,1,0,0,1,0.65,1.11,Sale,206.32
Kharghar,Navi Mumbai,Apartment,3,3,1264.7,1.0,4,2.6,Fully Furnished,1.0,0,1,0,1,0.47,2.19,Sale,131.71
Juhu,Mumbai,Penthouse,4,4,1807.4,24.0,25,10.8,Semi-Furnished,1.0,1,1,0,0,0.09,2.71,Sale,711.35
Andheri East,Mumbai,Apartment,1,2,384.0,1.0,5,0.8,Semi-Furnished,1.0,1,0,0,1,1.01,2.89,Sale,50.49
Belapur,Navi Mumbai,Apartment,2,2,913.7,24.0,27,4.9,Semi-Furnished,0.0,1,0,0,1,0.33,2.29,Rent,43000.0
Powai,Mumbai,Row House,5,6,2663.9,26.0,34,0.5,Semi-Furnished,0.0,1,0,0,1,1.82,1.82,Rent,358000.0
Belapur,Navi Mumbai,Apartment,3,4,1125.9,12.0,25,10.1,Fully Furnished,1.0,1,0,0,1,0.27,1.75,Rent,68000.0
Malad West,Mumbai,Apartment,2,2,984.8,33.0,43,4.2,Fully Furnished,0.0,1,1,0,1,0.54,3.03,Rent,77000.0
Vashi,Navi Mumbai,Apartment,3,3,1764.6,4.0,12,,Semi-Furnished,,1,1,0,1,,3.32,Rent,117000.0
Kharghar,Navi Mumbai,Apartment,2,2,1079.0,24.0,37,6.1,Semi-Furnished,1.0,1,0,0,0,1.64,2.8,Rent,47000.0
Lower Parel,Mumbai,Villa,5,6,2021.9,34.0,48,13.3,Unfurnished,2.0,1,1,0,1,2.58,0.43,Rent,482000.0
Borivali West,Mumbai,Studio,1,2,348.0,28.0,38,4.8,Unfurnished,1.0,1,0,0,0,0.19,1.22,Sale,28.19
Powai,Mumbai,Apartment,3,4,1130.2,16.0,21,31.3,Unfurnished,1.0,1,0,1,0,1.5,2.03,Sale,158.11
Bandra West,Mumbai,Apartment,2,2,878.4,25.0,31,8.7,Fully Furnished,1.0,1,1,1,1,2.46,1.79,Rent,111000.0
Borivali West,Mumbai,Row House,5,5,2389.0,0.0,11,12.4,Semi-Furnished,1.0,1,0,1,0,0.53,3.23,Sale,411.63
Vashi,Navi Mumbai,Penthouse,5,6,2891.9,23.0,30,7.2,Semi-Furnished,1.0,1,1,0,1,0.24,2.04,Rent,339000.0
Kopar Khairane,Navi Mumbai,Apartment,1,2,411.6,29.0,43,5.8,Unfurnished,2.0,1,0,0,0,0.12,0.87,Rent,14000.0
Airoli,Navi Mumbai,Apartment,2,3,1107.9,9.0,17,1.9,Fully Furnished,0.0,1,1,0,0,1.58,1.8,Rent,47000.0
Nerul,Navi Mumbai,Villa,3,3,1395.6,24.0,33,1.4,Semi-Furnished,0.0,1,1,0,1,0.11,2.43,Rent,101000.0
Nerul,Navi Mumbai,Apartment,2,2,1174.5,34.0,41,5.8,Unfurnished,1.0,1,0,0,1,1.26,0.34,Rent,53000.0
Kharghar,Navi Mumbai,Studio,1,1,649.5,17.0,28,32.1,Unfurnished,0.0,1,1,0,1,0.76,3.01,Rent,22000.0
Malad West,Mumbai,Apartment,1,2,536.1,30.0,40,0.2,Semi-Furnished,0.0,1,0,0,0,5.8,1.63,Sale,65.99
Ghansoli,Navi Mumbai,Penthouse,3,3,1757.0,20.0,23,2.1,Unfurnished,2.0,1,0,1,1,1.2,2.51,Sale,229.17
Kharghar,Navi Mumbai,Penthouse,4,4,2069.2,21.0,25,12.4,Semi-Furnished,0.0,1,1,1,1,0.27,1.31,Sale,318.12
Santacruz West,Mumbai,Apartment,1,1,542.2,27.0,40,0.1,Unfurnished,1.0,1,0,0,0,0.9,2.67,Rent,48000.0
Andheri West,Mumbai,Apartment,2,3,1184.2,4.0,8,25.4,Fully Furnished,1.0,1,0,1,1,6.5,2.49,Rent,121000.0
Dadar,Mumbai,Apartment,3,3,1189.2,14.0,28,1.3,Fully Furnished,1.0,1,0,0,1,0.49,1.94,Sale,303.71
Dadar,Mumbai,Row House,3,4,1724.6,24.0,37,1.4,Unfurnished,2.0,1,0,0,1,0.7,1.25,Sale,471.45
Airoli,Navi Mumbai,Apartment,3,3,1631.1,2.0,3,0.4,Semi-Furnished,0.0,1,0,0,0,0.55,2.46,Sale,161.18
Santacruz West,Mumbai,Apartment,4,5,2538.8,22.0,33,0.6,Semi-Furnished,1.0,1,0,0,0,2.98,0.95,Sale,580.97
Thane West,Mumbai,Apartment,2,2,982.1,34.0,45,0.8,Fully Furnished,0.0,1,0,0,1,0.8,0.37,Rent,61000.0
Ulwe,Navi Mumbai,Apartment,3,3,1724.8,2.0,14,9.5,Unfurnished,2.0,1,1,0,1,1.65,1.28,Sale,97.8
Andheri West,Mumbai,Apartment,1,1,511.3,12.0,17,0.4,Fully Furnished,1.0,1,1,0,1,0.47,0.4,Sale,80.92
Kurla,Mumbai,Villa,3,3,1721.0,20.0,34,5.0,Semi-Furnished,2.0,1,0,1,1,6.08,2.13,Sale,213.99
Bandra West,Mumbai,Studio,1,1,565.5,5.0,15,13.1,Unfurnished,1.0,1,0,1,1,3.85,2.76,Rent,52000.0
Panvel,Navi Mumbai,Villa,4,4,1875.8,27.0,30,4.0,Unfurnished,1.0,1,0,1,1,0.19,2.23,Sale,219.91
Ghansoli,Navi Mumbai,Studio,1,2,649.9,33.0,44,5.7,Fully Furnished,1.0,1,0,0,1,5.19,1.11,Rent,17000.0
Malad West,Mumbai,Villa,4,5,1843.4,10.0,21,1.0,Unfurnished,2.0,1,0,0,1,0.58,1.8,Sale,357.53
Belapur,Navi Mumbai,Row House,3,4,1298.6,15.0,20,21.7,Semi-Furnished,0.0,1,1,0,1,6.66,0.44,Sale,120.23
Borivali West,Mumbai,Villa,4,4,2121.5,13.0,21,0.7,Semi-Furnished,2.0,1,0,0,1,0.57,0.97,Rent,210000.0
Ghansoli,Navi Mumbai,Apartment,2,3,986.2,12.0,15,2.4,Unfurnished,2.0,1,0,0,1,4.47,2.01,Sale,80.41
Panvel,Navi Mumbai,Apartment,4,4,2110.8,30.0,44,3.3,Semi-Furnished,1.0,1,1,1,1,1.11,2.99,Rent,82000.0
Nerul,Navi Mumbai,Apartment,2,3,1197.9,29.0,39,2.8,Semi-Furnished,1.0,1,0,0,1,0.31,3.25,Rent,58000.0
Bandra West,Mumbai,Apartment,1,2,617.7,27.0,29,2.1,Semi-Furnished,1.0,1,0,0,1,0.79,3.35,Rent,71000.0
Ulwe,Navi Mumbai,Row House,4,5,2313.0,18.0,26,3.1,Fully Furnished,0.0,1,0,0,1,1.27,1.92,Sale,229.9
Panvel,Navi Mumbai,Apartment,3,3,1628.6,17.0,18,6.3,Semi-Furnished,1.0,1,1,0,1,0.49,1.75,Rent,50000.0
Borivali West,Mumbai,Apartment,3,3,1878.7,16.0,17,5.8,Unfurnished,0.0,1,0,0,0,1.05,0.86,Sale,230.5
Belapur,Navi Mumbai,Apartment,3,3,1581.3,16.0,26,2.1,Semi-Furnished,0.0,1,1,1,1,0.05,3.02,Sale,173.84
Borivali West,Mumbai,Villa,4,4,2493.2,15.0,19,,Unfurnished,2.0,1,0,1,1,0.05,0.37,Rent,216000.0
Airoli,Navi Mumbai,Apartment,3,3,13450.0,25.0,33,0.1,Fully Furnished,2.0,1,1,1,1,0.02,3.47,Rent,78000.0
Andheri West,Mumbai,Apartment,1,2,583.4,22.0,36,1.3,Semi-Furnished,1.0,1,0,0,1,0.01,2.47,Sale,114.29
Kharghar,Navi Mumbai,Apartment,2,2,851.0,12.0,21,7.1,Unfurnished,1.0,1,0,1,1,0.11,2.14,Sale,69.36
Santacruz West,Mumbai,Penthouse,4,5,1903.3,31.0,45,0.9,Fully Furnished,2.0,1,0,0,1,0.4,1.21,Rent,3750.0
Andheri West,Mumbai,Apartment,3,4,1370.6,30.0,42,2.8,Semi-Furnished,0.0,1,1,0,1,0.41,1.18,Rent,151000.0
Malad West,Mumbai,Apartment,2,3,875.7,34.0,47,3.1,Semi-Furnished,1.0,1,1,0,0,0.88,3.24,Sale,130.11
Bandra West,Mumbai,Apartment,2,3,944.2,28.0,42,4.5,Fully Furnished,0.0,1,1,1,0,1.97,0.73,Rent,123000.0
Worli,Mumbai,Apartment,1,2,5566.0,32.0,34,0.1,Semi-Furnished,1.0,1,0,0,1,0.62,3.16,Rent,75000.0
Borivali West,Mumbai,Villa,4,5,1898.0,5.0,10,1.1,Semi-Furnished,0.0,1,0,0,0,0.55,0.76,Sale,427.35
Vashi,Navi Mumbai,Row House,3,4,1914.2,23.0,29,4.0,Unfurnished,1.0,1,1,0,0,0.88,2.63,Rent,134000.0
Borivali West,Mumbai,Apartment,3,4,1724.8,27.0,39,0.8,Semi-Furnished,0.0,1,1,0,0,0.08,1.13,Rent,127000.0
Borivali West,Mumbai,Villa,3,3,1562.8,1.0,4,2.2,Fully Furnished,0.0,0,0,0,1,0.39,2.61,Sale,295.75
Panvel,Navi Mumbai,Apartment,4,4,2471.4,11.0,24,13.5,Semi-Furnished,2.0,1,0,0,1,0.66,0.38,Rent,98000.0
Juhu,Mumbai,Apartment,3,3,1471.4,10.0,14,10.8,Unfurnished,1.0,1,0,0,0,1.82,0.82,Rent,175000.0
Ghansoli,Navi Mumbai,Apartment,1,1,294.8,9.0,21,2.4,Fully Furnished,1.0,1,0,0,0,0.02,3.28,Sale,20.51
Belapur,Navi Mumbai,Apartment,2,2,1087.1,19.0,32,0.1,Semi-Furnished,0.0,1,0,1,0,0.41,2.62,Rent,50000.0
Kharghar,Navi Mumbai,Row House,3,4,1193.9,12.0,18,3.7,Fully Furnished,0.0,1,1,0,1,4.33,1.85,Sale,132.35
Chembur,Mumbai,Apartment,2,3,1110.6,12.0,16,1.1,Semi-Furnished,1.0,1,1,0,1,0.64,2.09,Rent,71000.0
Ghansoli,Navi Mumbai,Apartment,3,3,1223.8,29.0,31,8.8,Semi-Furnished,1.0,1,0,0,0,1.14,3.27,Rent,47000.0
Andheri East,Mumbai,Apartment,4,5,1653.7,19.0,22,7.2,Semi-Furnished,1.0,1,0,0,1,0.15,1.09,Sale,317.14
Andheri West,Mumbai,Apartment,3,3,1324.1,9.0,22,8.0,Semi-Furnished,0.0,1,1,0,1,0.25,1.13,Rent,149000.0
Malad West,Mumbai,Apartment,2,2,985.5,28.0,30,8.7,Unfurnished,1.0,1,1,0,0,0.08,1.73,Sale,137.51
Nerul,Navi Mumbai,Apartment,3,3,1229.1,31.0,38,0.5,Semi-Furnished,0.0,1,1,1,0,0.76,2.66,Rent,72000.0
Bandra West,Mumbai,Apartment,3,3,1748.1,22.0,26,2.4,Fully Furnished,1.0,1,1,0,1,0.41,0.42,Rent,310000.0
Chembur,Mumbai,Apartment,3,3,1597.8,2.0,11,14.0,Semi-Furnished,1.0,1,1,0,1,0.02,1.99,Sale,187.9
Dronagiri,Navi Mumbai,Apartment,3,4,1066.2,4.0,9,6.1,Semi-Furnished,2.0,1,1,0,0,0.44,1.86,Sale,61.63
Belapur,Navi Mumbai,Villa,3,4,1345.4,6.0,15,6.9,Unfurnished,1.0,1,1,0,1,1.75,1.37,Rent,88000.0
Lower Parel,Mumbai,Apartment,1,2,581.8,9.0,12,5.5,Semi-Furnished,0.0,1,0,0,0,1.33,3.43,Rent,74000.0
Juhu,Mumbai,Apartment,1,1,528.3,0.0,7,4.3,Semi-Furnished,1.0,1,1,0,1,0.58,1.3,Sale,103.81
Belapur,Navi Mumbai,Apartment,3,3,1723.9,16.0,29,11.9,Fully Furnished,1.0,1,0,1,1,0.87,3.33,Rent,101000.0
Vashi,Navi Mumbai,Apartment,3,4,1642.8,7.0,14,2.6,Semi-Furnished,1.0,1,1,0,1,1.76,1.19,Rent,103000.0
Andheri West,Mumbai,Apartment,1,2,488.7,13.0,27,6.4,Unfurnished,1.0,1,0,0,1,0.58,0.71,Sale,72.26
Andheri West,Mumbai,Apartment,4,5,1798.3,14.0,21,11.2,Semi-Furnished,1.0,1,0,0,1,2.41,0.74,Sale,351.1
Ghansoli,Navi Mumbai,Apartment,1,2,489.7,8.0,18,4.7,Fully Furnished,1.0,1,0,0,1,0.65,3.45,Rent,19000.0
Kharghar,Navi Mumbai,Villa,3,4,1422.9,0.0,8,2.9,Semi-Furnished,2.0,1,0,0,1,0.45,3.33,Rent,94000.0
Belapur,Navi Mumbai,Villa,4,5,1926.9,34.0,40,14.0,Semi-Furnished,0.0,1,0,1,0,2.95,0.36,Sale,257.72
Airoli,Navi Mumbai,Studio,1,1,559.6,18.0,26,0.4,Unfurnished,0.0,1,1,0,1,0.26,1.47,Rent,19000.0
Chembur,Mumbai,Row House,5,5,2931.6,24.0,38,11.2,Unfurnished,0.0,1,0,1,1,2.6,1.86,Rent,282000.0
Lower Parel,Mumbai,Villa,4,5,2103.9,11.0,21,,Unfurnished,1.0,1,1,0,0,,3.42,Rent,431000.0
Kurla,Mumbai,Apartment,2,2,950.0,17.0,19,3.1,Unfurnished,2.0,1,0,0,1,0.26,2.69,Sale,93.5
Borivali West,Mumbai,Studio,1,2,507.3,10.0,11,11.1,Unfurnished,0.0,1,0,0,1,2.45,1.97,Rent,23000.0
Kurla,Mumbai,Villa,5,6,2681.3,33.0,44,2.2,Semi-Furnished,1.0,1,0,1,0,1.97,2.62,Rent,225000.0
Nerul,Navi Mumbai,Apartment,3,4,1601.7,5.0,12,3.1,Semi-Furnished,1.0,1,1,0,1,3.24,1.13,Sale,162.04
Vashi,Navi Mumbai,Apartment,2,2,1217.0,11.0,19,0.9,Unfurnished,0.0,1,0,1,0,0.55,2.65,Rent,62000.0
Ghansoli,Navi Mumbai,Apartment,2,2,873.3,11.0,19,20.0,Unfurnished,1.0,1,1,0,0,1.79,1.28,Rent,31000.0
Dadar,Mumbai,Apartment,1,2,355.7,27.0,36,29.7,Semi-Furnished,1.0,1,1,0,1,4.04,0.62,Rent,30000.0
Vashi,Navi Mumbai,Apartment,3,3,1220.5,9.0,21,11.0,Semi-Furnished,2.0,1,0,0,1,2.62,2.85,Sale,111.78
Vashi,Navi Mumbai,Apartment,1,2,541.2,28.0,33,8.4,Unfurnished,1.0,1,0,0,1,1.42,2.76,Sale,50.53
Chembur,Mumbai,Apartment,1,2,404.6,29.0,37,12.9,Fully Furnished,1.0,1,0,1,0,1.77,1.78,Rent,25000.0
Kharghar,Navi Mumbai,Villa,5,6,2704.9,18.0,22,0.5,Unfurnished,1.0,1,1,0,1,2.71,2.3,Sale,400.22
Malad West,Mumbai,Apartment,1,1,582.8,8.0,16,8.3,Unfurnished,2.0,1,0,0,0,1.16,1.83,Sale,58.61
Lower Parel,Mumbai,Apartment,2,3,1013.6,13.0,15,7.6,Semi-Furnished,0.0,1,0,0,0,0.79,2.93,Sale,242.0
Andheri West,Mumbai,Apartment,3,4,1272.7,17.0,22,0.4,Unfurnished,1.0,1,0,1,0,0.51,1.82,Rent,136000.0
Thane West,Mumbai,Apartment,2,3,1103.5,19.0,23,,Semi-Furnished,,1,1,0,1,,3.05,Rent,67000.0
Worli,Mumbai,Apartment,2,3,1188.7,24.0,27,4.7,Unfurnished,1.0,1,0,1,1,1.63,1.55,Sale,310.74
Vashi,Navi Mumbai,Row House,5,5,2795.0,27.0,29,4.0,Semi-Furnished,2.0,1,1,1,1,0.51,3.47,Rent,268000.0
Kopar Khairane,Navi Mumbai,Apartment,4,4,1666.4,,15,,Fully Furnished,,1,1,0,0,,3.3,Rent,96000.0
Vashi,Navi Mumbai,Apartment,3,4,1516.9,0.0,14,2.4,Unfurnished,1.0,1,0,1,1,2.03,1.62,Sale,182.67
Panvel,Navi Mumbai,Apartment,2,2,815.7,8.0,20,15.2,Semi-Furnished,2.0,1,0,0,1,2.36,0.61,Rent,26000.0
Lower Parel,Mumbai,Apartment,2,3,1080.4,2.0,6,3.0,Semi-Furnished,0.0,1,0,0,1,0.01,2.52,Rent,148000.0
Vashi,Navi Mumbai,Villa,4,4,1495.9,21.0,28,1.5,Semi-Furnished,1.0,1,1,0,1,1.37,0.38,Rent,128000.0
Juhu,Mumbai,Villa,4,5,2460.4,25.0,38,3.1,Fully Furnished,1.0,1,1,0,0,0.36,0.65,Sale,1055.36
Malad West,Mumbai,Studio,1,1,523.6,16.0,23,0.6,Fully Furnished,1.0,1,1,0,0,2.66,3.17,Sale,57.57
Goregaon West,Mumbai,Apartment,3,4,1361.1,10.0,11,10.6,Semi-Furnished,1.0,1,0,0,0,0.25,1.42,Rent,112000.0
Worli,Mumbai,Apartment,4,5,1545.6,28.0,35,5.3,Unfurnished,2.0,1,1,1,1,0.1,3.04,Sale,577.45
Bandra West,Mumbai,Penthouse,4,5,1842.7,8.0,17,0.1,Unfurnished,1.0,1,0,0,1,5.06,0.82,Rent,376000.0
Andheri West,Mumbai,Apartment,2,3,897.5,20.0,21,3.1,Unfurnished,1.0,1,1,0,1,0.84,3.25,Rent,80000.0
Malad West,Mumbai,Apartment,4,4,2394.5,28.0,40,0.1,Fully Furnished,0.0,1,1,1,1,0.2,1.95,Sale,465.41
Ulwe,Navi Mumbai,Apartment,3,3,1628.4,3.0,6,0.9,Fully Furnished,0.0,1,1,0,1,0.58,2.22,Sale,118.37
Goregaon West,Mumbai,Apartment,1,2,626.7,,38,,Semi-Furnished,,1,0,0,0,,3.24,Rent,35000.0
Worli,Mumbai,Apartment,3,3,1736.0,1.0,8,3.9,Fully Furnished,2.0,1,0,1,1,2.78,2.49,Rent,304000.0
Powai,Mumbai,Row House,3,4,1619.5,26.0,33,4.7,Semi-Furnished,1.0,1,0,0,1,1.46,0.95,Rent,170000.0
Vashi,Navi Mumbai,Apartment,2,2,1076.3,18.0,21,4.7,Semi-Furnished,1.0,1,1,0,1,1.07,1.47,Sale,116.02
Malad West,Mumbai,Apartment,4,5,1876.8,17.0,22,10.6,Fully Furnished,2.0,1,0,1,1,0.11,1.63,Rent,184000.0
Powai,Mumbai,Villa,3,3,1833.9,11.0,18,0.5,Semi-Furnished,2.0,1,0,0,1,0.05,1.73,Rent,226000.0
Lower Parel,Mumbai,Row House,5,5,2145.0,28.0,31,23.3,Semi-Furnished,1.0,1,0,0,1,3.13,1.33,Rent,443000.0
Bandra West,Mumbai,Row House,3,4,1217.7,27.0,32,12.9,Fully Furnished,1.0,1,0,0,0,0.1,3.23,Sale,390.62
Bandra West,Mumbai,Apartment,3,3,1843.2,1.0,10,16.5,Semi-Furnished,1.0,1,1,0,0,3.02,2.84,Sale,396.45
Powai,Mumbai,Apartment,3,4,1306.8,7.0,10,10.6,Unfurnished,1.0,1,0,0,1,0.9,3.32,Sale,208.94
Bandra West,Mumbai,Apartment,1,2,450.4,32.0,41,9.2,Semi-Furnished,1.0,1,1,0,0,0.1,0.36,Sale,93.36
Andheri West,Mumbai,Apartment,3,4,1443.5,18.0,20,7.3,Unfurnished,1.0,1,0,0,1,6.66,2.08,Sale,236.99
Goregaon West,Mumbai,Apartment,4,4,2313.5,3.0,17,14.6,Semi-Furnished,1.0,1,1,1,1,1.15,1.04,Rent,220000.0
Nerul,Navi Mumbai,Apartment,3,3,1217.5,34.0,39,13.0,Unfurnished,2.0,1,0,0,0,0.6,3.13,Rent,56000.0
Chembur,Mumbai,Apartment,2,3,1049.6,16.0,21,6.7,Fully Furnished,1.0,1,1,0,0,0.64,2.2,Sale,135.2
Lower Parel,Mumbai,Apartment,2,2,1258.9,24.0,37,0.0,Unfurnished,1.0,1,1,0,0,0.05,2.39,Rent,161000.0
Borivali West,Mumbai,Studio,1,1,620.5,18.0,24,4.2,Semi-Furnished,2.0,1,1,0,1,0.94,1.28,Rent,30000.0
Kopar Khairane,Navi Mumbai,Apartment,3,3,1452.8,21.0,35,6.0,Semi-Furnished,0.0,1,1,0,1,0.98,1.31,Rent,75000.0
Thane West,Mumbai,Apartment,2,2,1127.2,16.0,17,1.9,Semi-Furnished,2.0,1,1,0,1,2.82,2.06,Sale,100.66
Andheri West,Mumbai,Row House,3,3,1134.5,1.0,3,9.3,Semi-Furnished,1.0,1,1,1,0,0.42,0.63,Sale,278.64
Vashi,Navi Mumbai,Apartment,4,5,2395.9,31.0,42,2.2,Unfurnished,1.0,1,1,0,1,0.66,1.43,Rent,145000.0
Andheri West,Mumbai,Villa,3,4,1598.7,22.0,32,6.6,Unfurnished,0.0,1,0,0,1,2.18,3.06,Sale,371.04
Goregaon West,Mumbai,Apartment,2,3,734.5,10.0,21,9.8,Fully Furnished,1.0,1,1,0,1,0.38,2.67,Rent,61000.0
Lower Parel,Mumbai,Villa,3,4,1818.3,21.0,27,6.3,Fully Furnished,1.0,1,1,1,0,0.58,3.06,Rent,390000.0
Airoli,Navi Mumbai,Apartment,1,1,508.8,1.0,8,38.4,Fully Furnished,1.0,1,1,1,1,0.47,1.87,Sale,27.92
Worli,Mumbai,Studio,1,2,566.9,18.0,31,8.1,Semi-Furnished,1.0,1,0,0,0,1.61,1.03,Sale,110.76
Kharghar,Navi Mumbai,Apartment,4,4,2362.9,7.0,9,2.4,Semi-Furnished,2.0,1,1,0,1,1.18,1.9,Rent,118000.0
Dronagiri,Navi Mumbai,Apartment,1,2,545.1,25.0,36,21.8,Fully Furnished,1.0,1,1,0,1,1.55,0.4,Sale,21.86
Andheri West,Mumbai,Apartment,2,3,1153.5,34.0,41,3.0,Semi-Furnished,2.0,1,1,0,1,2.74,0.45,Sale,213.36
Malad West,Mumbai,Villa,3,4,1424.3,19.0,33,12.5,Fully Furnished,1.0,1,1,0,0,0.6,3.48,Sale,271.6
Thane West,Mumbai,Studio,1,2,456.5,4.0,12,3.2,Semi-Furnished,0.0,1,0,0,0,0.25,2.03,Sale,41.87
Kurla,Mumbai,Apartment,3,4,1347.7,34.0,44,2.5,Semi-Furnished,0.0,1,1,0,1,0.56,0.8,Sale,166.3
Kurla,Mumbai,Apartment,2,3,1010.4,19.0,22,6.1,Semi-Furnished,0.0,1,1,0,0,1.09,0.33,Rent,48000.0
Ghansoli,Navi Mumbai,Apartment,1,1,674.1,26.0,31,4.2,Semi-Furnished,1.0,1,0,0,1,0.33,3.01,Rent,24000.0
Kharghar,Navi Mumbai,Villa,3,4,1732.2,10.0,14,0.4,Semi-Furnished,1.0,1,1,0,1,7.83,1.69,Sale,201.4
Vashi,Navi Mumbai,Studio,1,1,310.0,15.0,29,10.4,Semi-Furnished,0.0,1,1,1,1,1.35,0.91,Sale,22.53
Borivali West,Mumbai,Apartment,2,3,1222.7,26.0,28,2.0,Semi-Furnished,0.0,1,0,0,1,0.87,2.37,Rent,72000.0
Belapur,Navi Mumbai,Apartment,2,3,1184.6,31.0,41,1.9,Semi-Furnished,1.0,1,0,1,1,1.23,0.59,Rent,56000.0
Ulwe,Navi Mumbai,Villa,3,3,1819.5,27.0,34,5.8,Semi-Furnished,2.0,1,1,0,1,1.0,2.95,Sale,149.09
Belapur,Navi Mumbai,Apartment,4,5,1908.6,7.0,16,2.5,Unfurnished,0.0,1,0,0,0,3.4,3.34,Sale,183.87
Bandra West,Mumbai,Row House,3,4,1772.4,16.0,18,3.7,Fully Furnished,1.0,1,0,0,1,0.13,2.94,Sale,608.14
Vashi,Navi Mumbai,Apartment,1,1,484.0,7.0,9,2.0,Semi-Furnished,1.0,1,0,0,1,1.02,3.42,Sale,44.73
Juhu,Mumbai,Apartment,2,3,1032.0,10.0,13,3.1,Unfurnished,0.0,1,0,0,0,0.02,1.15,Rent,116000.0
Malad West,Mumbai,Apartment,4,4,1740.0,1.0,5,1.4,Fully Furnished,2.0,1,0,0,1,2.03,1.9,Rent,131000.0
Juhu,Mumbai,Studio,1,2,562.9,10.0,18,1.8,Semi-Furnished,0.0,1,1,1,1,0.41,2.74,Sale,111.57
Vashi,Navi Mumbai,Apartment,2,2,1139.4,4.0,17,3.8,Semi-Furnished,1.0,1,0,0,0,0.19,1.94,Sale,116.66
Kharghar,Navi Mumbai,Apartment,3,3,1696.9,5.0,17,18.8,Semi-Furnished,1.0,1,0,0,1,2.28,2.8,Sale,105.41
Andheri West,Mumbai,Apartment,2,2,998.1,29.0,34,4.1,Unfurnished,2.0,1,0,0,1,0.08,1.47,Sale,186.71
Thane West,Mumbai,Apartment,1,1,572.8,7.0,10,12.1,Semi-Furnished,1.0,1,0,0,1,0.04,2.92,Sale,53.89
Dadar,Mumbai,Apartment,1,2,459.6,3.0,7,5.0,Semi-Furnished,0.0,1,1,0,0,1.74,2.31,Sale,84.34
Goregaon West,Mumbai,Apartment,2,3,835.5,21.0,32,4.3,Fully Furnished,0.0,1,1,0,1,1.24,1.8,Sale,137.06
Andheri West,Mumbai,Row House,4,4,2414.3,24.0,36,1.7,Semi-Furnished,1.0,1,1,0,0,3.78,1.17,Rent,339000.0
Kurla,Mumbai,Apartment,3,4,1259.2,20.0,24,,Fully Furnished,2.0,1,0,1,0,0.73,1.59,Rent,70000.0
Panvel,Navi Mumbai,Row House,4,5,1917.1,31.0,45,12.9,Unfurnished,2.0,1,0,0,1,0.88,0.39,Sale,158.85
Juhu,Mumbai,Apartment,2,3,769.3,3.0,11,2.7,Semi-Furnished,0.0,1,0,0,0,1.81,0.99,Rent,86000.0
Andheri West,Mumbai,Penthouse,3,4,1345.0,6.0,13,0.5,Semi-Furnished,1.0,1,1,1,1,1.16,3.47,Sale,418.87
Goregaon West,Mumbai,Apartment,2,2,1147.6,22.0,29,7.7,Fully Furnished,0.0,1,0,0,0,1.62,2.5,Sale,179.29
Kopar Khairane,Navi Mumbai,Apartment,2,3,1259.2,8.0,18,0.0,Fully Furnished,0.0,1,0,0,0,0.1,2.91,Rent,56000.0
Kharghar,Navi Mumbai,Apartment,2,2,797.7,5.0,10,7.2,Unfurnished,1.0,1,0,0,0,0.26,1.08,Sale,59.25
Kharghar,Navi Mumbai,Studio,1,1,587.4,31.0,43,,Unfurnished,,1,1,0,1,,2.93,Sale,44.0
Goregaon West,Mumbai,Apartment,2,3,1060.9,0.0,3,24.8,Semi-Furnished,1.0,1,1,0,1,0.54,0.55,Sale,113.12
Chembur,Mumbai,Penthouse,4,4,1448.4,21.0,26,25.0,Fully Furnished,1.0,1,1,1,0,1.07,3.45,Rent,184000.0
Bandra West,Mumbai,Penthouse,3,3,1321.4,18.0,25,4.1,Fully Furnished,0.0,1,1,1,0,1.09,3.07,Rent,368000.0
Vashi,Navi Mumbai,Apartment,4,5,2480.0,17.0,27,6.1,Semi-Furnished,0.0,1,0,0,1,0.39,0.55,Sale,288.84
Ghansoli,Navi Mumbai,Studio,1,1,512.1,3.0,6,9.4,Unfurnished,1.0,1,1,1,1,0.78,1.97,Sale,24.7
Vashi,Navi Mumbai,Apartment,3,3,1318.4,3.0,11,8.7,Semi-Furnished,0.0,1,0,1,0,1.92,0.98,Rent,68000.0
Airoli,Navi Mumbai,Studio,1,1,573.0,4.0,7,4.1,Semi-Furnished,0.0,1,0,1,0,1.39,0.61,Rent,17000.0
Panvel,Navi Mumbai,Row House,3,4,1651.1,3.0,12,0.2,Unfurnished,2.0,1,1,0,1,1.07,2.69,Rent,69000.0
Andheri West,Mumbai,Apartment,1,1,493.9,4.0,13,17.5,Semi-Furnished,0.0,1,1,0,0,0.59,2.19,Sale,68.86
Ghansoli,Navi Mumbai,Apartment,2,2,1161.4,1.0,11,0.9,Unfurnished,0.0,1,0,1,1,2.39,2.06,Rent,37000.0
Juhu,Mumbai,Studio,1,1,495.0,31.0,42,9.2,Semi-Furnished,1.0,1,0,0,1,2.29,1.4,Sale,75.67
Santacruz West,Mumbai,Penthouse,5,5,2192.3,31.0,40,3.9,Unfurnished,1.0,1,0,0,1,0.02,0.7,Sale,1106.49
Andheri East,Mumbai,Villa,3,3,1274.2,5.0,14,,Semi-Furnished,,1,0,1,0,,1.23,Sale,232.12
Bandra West,Mumbai,Row House,3,4,1475.5,17.0,30,10.2,Fully Furnished,2.0,1,1,0,0,0.71,3.48,Sale,464.27
Kurla,Mumbai,Apartment,4,4,1780.5,10.0,22,3.6,Semi-Furnished,2.0,1,0,0,0,0.96,0.47,Sale,205.64
Borivali West,Mumbai,Villa,3,3,1688.7,15.0,26,24.2,Fully Furnished,0.0,1,0,0,0,3.24,0.55,Sale,240.25
Worli,Mumbai,Studio,1,2,548.7,1.0,12,18.5,Fully Furnished,1.0,1,0,0,1,1.85,2.49,Rent,52000.0
Chembur,Mumbai,Apartment,1,2,543.5,22.0,30,18.7,Unfurnished,2.0,1,1,0,1,0.82,3.03,Sale,45.26
Bandra West,Mumbai,Apartment,3,4,1462.8,33.0,41,5.1,Fully Furnished,2.0,1,1,0,1,1.09,2.83,Rent,235000.0
Andheri West,Mumbai,Apartment,4,4,1675.4,0.0,12,4.3,Semi-Furnished,2.0,1,1,0,1,0.78,1.48,Sale,360.23
Santacruz West,Mumbai,Apartment,2,2,1192.3,6.0,19,15.4,Unfurnished,1.0,1,1,0,1,0.49,2.98,Rent,132000.0
Goregaon West,Mumbai,Apartment,3,3,1371.9,17.0,21,6.4,Semi-Furnished,1.0,1,1,0,0,1.88,2.07,Rent,103000.0
Panvel,Navi Mumbai,Penthouse,4,4,2043.2,2.0,15,0.6,Semi-Furnished,0.0,1,1,0,1,1.62,1.07,Rent,113000.0
Vashi,Navi Mumbai,Apartment,3,4,1281.5,34.0,41,0.3,Fully Furnished,1.0,1,1,1,1,0.06,2.21,Sale,191.0
Belapur,Navi Mumbai,Apartment,1,2,314.2,0.0,13,13.7,Semi-Furnished,0.0,1,1,0,1,0.81,0.68,Sale,21.94
Kharghar,Navi Mumbai,Apartment,3,4,1270.2,30.0,36,11.4,Unfurnished,1.0,1,0,0,1,1.86,2.97,Sale,102.74
Kurla,Mumbai,Apartment,2,2,1113.2,1.0,10,18.1,Fully Furnished,2.0,1,0,0,0,1.74,0.61,Sale,75.96
Kharghar,Navi Mumbai,Apartment,3,3,1564.4,10.0,23,4.8,Fully Furnished,1.0,1,1,0,1,0.11,0.94,Rent,83000.0
Malad West,Mumbai,Villa,5,6,3075.6,14.0,21,5.8,Unfurnished,1.0,1,1,1,0,1.36,1.98,Sale,633.35
Borivali West,Mumbai,Apartment,3,3,1262.5,9.0,22,1.7,Unfurnished,1.0,1,1,0,1,2.36,3.37,Rent,89000.0
Nerul,Navi Mumbai,Apartment,2,3,1054.6,26.0,30,0.9,Fully Furnished,2.0,1,0,0,1,1.54,0.87,Rent,52000.0
Dadar,Mumbai,Studio,1,1,450.2,1.0,7,28.7,Fully Furnished,2.0,1,0,1,1,0.05,1.15,Sale,58.76
Nerul,Navi Mumbai,Row House,3,3,1541.9,1.0,3,5.6,Semi-Furnished,2.0,1,1,0,1,0.48,2.32,Sale,211.4
Belapur,Navi Mumbai,Row House,4,4,1651.4,16.0,17,1.1,Semi-Furnished,1.0,1,0,0,0,0.02,1.57,Rent,100000.0
Belapur,Navi Mumbai,Apartment,4,5,2027.3,29.0,35,4.6,Unfurnished,0.0,1,0,0,1,2.31,1.62,Sale,222.23
Ghansoli,Navi Mumbai,Villa,4,5,2172.6,1.0,8,33.8,Unfurnished,1.0,1,0,0,1,0.3,1.72,Rent,145000.0
Kurla,Mumbai,Apartment,4,5,1733.7,0.0,6,5.8,Fully Furnished,2.0,1,1,0,1,0.75,1.47,Rent,117000.0
Borivali West,Mumbai,Apartment,3,3,1534.7,30.0,35,1.2,Unfurnished,1.0,1,1,0,0,0.74,2.34,Sale,216.18
Chembur,Mumbai,Row House,3,4,1342.8,0.0,14,27.2,Semi-Furnished,2.0,1,1,0,1,0.86,1.58,Rent,114000.0
Goregaon West,Mumbai,Apartment,3,3,1347.4,1.0,2,1.6,Fully Furnished,2.0,0,1,0,1,0.86,1.05,Sale,235.41
Vashi,Navi Mumbai,Row House,3,4,1267.7,23.0,36,15.3,Semi-Furnished,0.0,1,1,0,0,2.61,3.09,Rent,81000.0
Kharghar,Navi Mumbai,Penthouse,3,4,1463.6,22.0,28,0.9,Unfurnished,1.0,1,1,1,1,1.72,0.38,Sale,229.92
Kharghar,Navi Mumbai,Apartment,1,1,493.9,4.0,13,0.5,Semi-Furnished,1.0,1,0,0,0,0.47,0.55,Sale,36.2
Goregaon West,Mumbai,Penthouse,5,5,2036.6,26.0,34,1.7,Fully Furnished,1.0,1,0,1,1,1.16,2.88,Sale,661.94
Andheri East,Mumbai,Apartment,2,3,854.7,34.0,36,2.7,Unfurnished,0.0,1,1,0,1,1.58,0.82,Sale,132.45
Kurla,Mumbai,Apartment,2,3,764.1,9.0,12,0.1,Semi-Furnished,1.0,1,0,0,1,1.79,3.28,Rent,36000.0
Andheri East,Mumbai,Apartment,1,1,419.0,31.0,45,11.0,Semi-Furnished,1.0,1,0,0,0,4.73,2.04,Rent,27000.0
Airoli,Navi Mumbai,Row House,4,4,2119.5,18.0,26,26.6,Semi-Furnished,0.0,1,1,0,1,0.06,2.78,Rent,127000.0
Goregaon West,Mumbai,Apartment,3,4,1129.7,30.0,38,4.2,Unfurnished,0.0,1,1,1,1,0.7,2.71,Rent,92000.0
Andheri East,Mumbai,Apartment,3,3,1749.8,20.0,29,11.4,Fully Furnished,2.0,1,0,0,0,0.44,0.63,Sale,312.6
Bandra West,Mumbai,Apartment,3,3,1786.1,6.0,11,0.1,Semi-Furnished,1.0,1,1,0,0,2.69,0.8,Rent,242000.0
Vashi,Navi Mumbai,Villa,4,4,2346.9,3.0,13,11.3,Unfurnished,2.0,1,0,0,0,0.99,1.89,Sale,299.47
Vashi,Navi Mumbai,Apartment,3,3,1651.9,,29,,Semi-Furnished,,1,1,0,1,,0.54,Sale,192.33
Goregaon West,Mumbai,Apartment,2,2,1034.3,23.0,36,27.3,Semi-Furnished,1.0,1,0,0,1,2.24,3.21,Rent,70000.0
Juhu,Mumbai,Studio,1,1,422.3,13.0,23,2.2,Fully Furnished,1.0,1,0,1,0,1.28,0.78,Sale,76.38
Kurla,Mumbai,Apartment,2,3,1018.5,19.0,30,0.3,Semi-Furnished,1.0,1,1,0,1,4.09,1.55,Rent,48000.0
Borivali West,Mumbai,Apartment,2,3,1032.1,34.0,42,14.5,Semi-Furnished,1.0,1,1,0,1,1.16,1.47,Rent,59000.0
Kharghar,Navi Mumbai,Villa,5,6,2891.6,,28,,Fully Furnished,,1,1,0,0,,1.99,Rent,245000.0
Vashi,Navi Mumbai,Studio,1,1,540.5,21.0,25,12.4,Semi-Furnished,0.0,1,0,1,0,2.64,0.72,Sale,35.41
Goregaon West,Mumbai,Studio,1,1,535.7,31.0,37,5.3,Unfurnished,0.0,1,1,0,0,0.29,3.34,Rent,29000.0
Powai,Mumbai,Studio,1,2,523.9,19.0,32,10.9,Unfurnished,1.0,1,0,0,0,0.03,0.45,Sale,56.17
Dronagiri,Navi Mumbai,Row House,3,3,1394.7,3.0,7,18.0,Unfurnished,1.0,1,1,0,1,0.25,0.35,Rent,47000.0
Dadar,Mumbai,Apartment,2,3,1091.3,21.0,23,9.3,Fully Furnished,2.0,1,0,1,1,0.32,1.07,Sale,228.8
Kharghar,Navi Mumbai,Apartment,1,2,332.4,28.0,41,5.1,Unfurnished,1.0,1,1,0,0,0.29,2.34,Sale,27.01
Andheri West,Mumbai,Apartment,2,2,816.3,7.0,15,1.3,Fully Furnished,0.0,1,0,0,1,0.55,0.4,Rent,89000.0
Worli,Mumbai,Apartment,3,4,1859.0,8.0,15,3.8,Fully Furnished,0.0,1,1,1,1,2.28,1.62,Sale,636.2
Bandra West,Mumbai,Apartment,1,1,408.2,25.0,37,3.4,Unfurnished,0.0,1,0,1,1,1.92,2.64,Sale,92.25
Lower Parel,Mumbai,Apartment,1,2,397.2,2.0,12,1.5,Fully Furnished,1.0,1,1,1,0,0.44,3.02,Sale,103.74
Ulwe,Navi Mumbai,Apartment,3,3,1495.4,10.0,12,4.0,Unfurnished,2.0,1,0,1,1,0.08,0.31,Sale,101.31
Thane West,Mumbai,Penthouse,4,5,1595.0,28.0,40,30.4,Unfurnished,0.0,1,1,0,0,1.72,1.75,Rent,146000.0
Bandra West,Mumbai,Apartment,2,2,915.3,32.0,34,6.7,Unfurnished,0.0,1,1,0,0,1.24,0.79,Rent,109000.0
Bandra West,Mumbai,Penthouse,4,5,1474.4,15.0,24,10.5,Fully Furnished,0.0,1,1,0,1,1.13,0.33,Rent,409000.0
Thane West,Mumbai,Studio,1,2,576.0,21.0,31,8.2,Unfurnished,1.0,1,1,0,1,0.07,1.23,Rent,23000.0
Andheri East,Mumbai,Apartment,2,3,1136.1,5.0,18,5.8,Semi-Furnished,1.0,1,1,0,1,3.58,1.5,Rent,93000.0
Bandra West,Mumbai,Apartment,3,4,1770.7,18.0,31,2.6,Unfurnished,1.0,1,0,0,1,0.44,2.88,Rent,243000.0
Panvel,Navi Mumbai,Studio,1,1,551.2,2.0,5,15.1,Fully Furnished,1.0,1,0,1,1,0.76,3.22,Sale,23.86
Dadar,Mumbai,Studio,1,2,462.4,0.0,6,7.0,Fully Furnished,2.0,1,1,0,1,1.03,2.02,Sale,69.07
Borivali West,Mumbai,Studio,1,2,447.4,3.0,5,6.2,Semi-Furnished,0.0,1,1,0,1,0.99,2.74,Sale,40.76
Ghansoli,Navi Mumbai,Apartment,2,2,962.9,0.0,5,0.8,Semi-Furnished,1.0,1,0,0,0,0.55,0.82,Sale,84.73
Andheri West,Mumbai,Apartment,2,3,799.9,25.0,28,3.4,Semi-Furnished,2.0,1,1,1,1,0.38,1.53,Rent,80000.0
Ulwe,Navi Mumbai,Apartment,2,3,1064.0,12.0,22,11.8,Semi-Furnished,2.0,1,0,1,0,0.41,1.65,Sale,59.2
Borivali West,Mumbai,Apartment,3,4,1823.2,24.0,27,3.5,Fully Furnished,2.0,1,0,0,1,0.32,3.22,Sale,308.77
Airoli,Navi Mumbai,Studio,1,1,533.8,28.0,31,27.0,Unfurnished,1.0,1,0,0,1,0.09,1.72,Sale,23.08
Vashi,Navi Mumbai,Apartment,2,2,828.7,21.0,24,4.6,Semi-Furnished,1.0,1,0,0,1,1.01,3.1,Sale,90.59
Belapur,Navi Mumbai,Villa,5,5,2411.0,24.0,32,0.9,Fully Furnished,1.0,1,0,0,0,1.35,1.21,Sale,464.96
Ulwe,Navi Mumbai,Penthouse,4,5,2041.8,27.0,29,17.2,Unfurnished,1.0,1,0,0,0,0.66,0.46,Rent,112000.0
Borivali West,Mumbai,Apartment,1,1,466.8,30.0,31,0.6,Semi-Furnished,0.0,1,1,0,1,0.06,1.07,Sale,57.63
Ulwe,Navi Mumbai,Apartment,4,5,2081.8,34.0,42,4.6,Fully Furnished,1.0,1,1,1,1,1.89,0.46,Rent,81000.0
Thane West,Mumbai,Villa,4,4,1773.0,13.0,23,8.4,Fully Furnished,1.0,1,1,1,1,0.13,3.11,Rent,181000.0
Thane West,Mumbai,Apartment,2,2,760.6,,29,,Semi-Furnished,,1,0,0,1,,0.73,Sale,77.5
Goregaon West,Mumbai,Apartment,2,2,1063.4,21.0,29,16.6,Fully Furnished,2.0,1,1,0,1,0.38,3.07,Sale,120.85
Santacruz West,Mumbai,Villa,4,4,2073.4,12.0,13,5.0,Unfurnished,1.0,1,1,1,1,0.21,3.17,Sale,757.53
Andheri East,Mumbai,Row House,3,4,1342.5,24.0,28,10.3,Semi-Furnished,1.0,1,0,0,0,3.26,3.2,Sale,247.18
Santacruz West,Mumbai,Apartment,3,3,1348.3,28.0,42,9.1,Fully Furnished,2.0,1,0,1,1,0.82,2.44,Rent,166000.0
Santacruz West,Mumbai,Villa,4,4,2306.1,21.0,35,20.4,Fully Furnished,2.0,1,1,0,1,0.35,2.1,Sale,722.23
Panvel,Navi Mumbai,Apartment,2,2,805.4,18.0,22,9.0,Unfurnished,1.0,1,1,1,1,0.66,3.0,Sale,52.68
Belapur,Navi Mumbai,Apartment,2,3,1000.7,8.0,10,9.1,Fully Furnished,1.0,1,0,0,0,0.95,3.2,Sale,88.67
Dadar,Mumbai,Row House,4,5,1702.8,5.0,9,5.7,Fully Furnished,1.0,1,0,1,1,1.18,0.36,Sale,501.76
Borivali West,Mumbai,Apartment,2,2,991.7,4.0,6,7.0,Semi-Furnished,1.0,1,1,0,1,1.1,2.61,Rent,61000.0
Malad West,Mumbai,Apartment,1,2,554.8,4.0,9,5.7,Fully Furnished,1.0,1,0,0,1,1.23,0.65,Rent,33000.0
Powai,Mumbai,Apartment,1,1,454.1,30.0,41,6.5,Unfurnished,1.0,1,0,0,0,0.74,2.52,Sale,57.93
Juhu,Mumbai,Penthouse,3,3,1644.6,9.0,17,2.4,Semi-Furnished,0.0,1,0,1,1,1.66,3.2,Rent,302000.0
Goregaon West,Mumbai,Apartment,2,3,1167.7,34.0,38,1.0,Unfurnished,2.0,1,0,1,0,2.38,2.96,Rent,75000.0
Malad West,Mumbai,Apartment,2,2,10701.0,6.0,14,3.0,Unfurnished,1.0,1,0,0,1,0.85,2.16,Sale,133.7
Ulwe,Navi Mumbai,Studio,1,1,566.1,7.0,11,0.6,Semi-Furnished,1.0,1,0,1,1,2.64,2.12,Rent,12000.0
Santacruz West,Mumbai,Apartment,3,4,1429.4,1.0,2,0.4,Fully Furnished,1.0,1,1,1,1,1.72,2.35,Rent,186000.0
Goregaon West,Mumbai,Studio,1,1,570.1,32.0,45,1.9,Fully Furnished,0.0,1,1,0,0,2.1,2.4,Rent,30000.0
Chembur,Mumbai,Villa,5,6,2639.6,32.0,43,7.5,Unfurnished,0.0,1,0,0,0,0.83,1.92,Sale,553.5
Andheri West,Mumbai,Apartment,1,1,596.5,16.0,24,5.9,Unfurnished,1.0,1,1,0,1,1.15,0.79,Sale,90.69
Dadar,Mumbai,Apartment,3,3,1604.7,22.0,26,0.9,Semi-Furnished,0.0,1,0,1,1,2.14,1.92,Rent,162000.0
Vashi,Navi Mumbai,Apartment,4,4,2250.2,34.0,41,10.2,Semi-Furnished,1.0,1,1,1,1,1.27,1.2,Sale,294.65
Worli,Mumbai,Apartment,2,3,858.4,19.0,25,2.5,Semi-Furnished,1.0,1,0,0,1,1.65,2.58,Sale,277.03
Thane West,Mumbai,Villa,5,5,2888.6,27.0,28,1.0,Unfurnished,1.0,1,0,1,1,0.7,1.36,Sale,617.61
Dronagiri,Navi Mumbai,Apartment,3,3,1187.3,21.0,32,4.8,Fully Furnished,0.0,1,0,0,0,0.56,2.13,Rent,39000.0
Airoli,Navi Mumbai,Apartment,3,3,1245.9,16.0,30,3.4,Semi-Furnished,0.0,1,0,0,1,0.33,0.49,Sale,116.12
Vashi,Navi Mumbai,Apartment,1,2,578.1,25.0,34,8.3,Fully Furnished,2.0,1,0,0,0,1.42,2.64,Rent,27000.0
Chembur,Mumbai,Villa,4,4,2212.2,29.0,32,4.3,Unfurnished,1.0,1,0,1,1,3.27,1.54,Rent,212000.0
Vashi,Navi Mumbai,Apartment,2,2,848.6,8.0,15,1.5,Fully Furnished,1.0,1,1,0,0,1.01,0.52,Sale,98.89
Powai,Mumbai,Row House,3,3,1128.0,8.0,21,1.1,Semi-Furnished,1.0,1,1,0,0,0.24,2.16,Rent,140000.0
Thane West,Mumbai,Apartment,2,2,787.4,10.0,23,5.2,Fully Furnished,2.0,1,0,0,1,0.14,0.39,Rent,49000.0
Bandra West,Mumbai,Studio,1,1,617.2,16.0,25,8.9,Semi-Furnished,1.0,1,1,0,1,1.32,3.36,Sale,110.2
Worli,Mumbai,Penthouse,3,3,1230.6,13.0,27,6.9,Unfurnished,1.0,1,0,1,1,0.59,3.21,Sale,575.0
Santacruz West,Mumbai,Apartment,2,2,1158.3,1.0,3,0.8,Unfurnished,2.0,1,0,1,0,0.49,1.17,Rent,122000.0
Powai,Mumbai,Apartment,1,1,356.1,12.0,16,5.4,Unfurnished,2.0,1,1,1,0,0.39,1.68,Rent,24000.0
Ulwe,Navi Mumbai,Villa,5,6,2711.6,28.0,31,19.0,Unfurnished,1.0,1,0,0,1,0.28,0.99,Sale,238.37
Ghansoli,Navi Mumbai,Penthouse,5,6,2226.8,0.0,7,3.9,Semi-Furnished,2.0,1,0,0,1,2.58,3.24,Rent,162000.0
Panvel,Navi Mumbai,Apartment,2,3,1162.5,16.0,22,6.0,Fully Furnished,2.0,1,1,0,1,2.09,0.36,Sale,67.87
Santacruz West,Mumbai,Penthouse,5,5,2329.8,34.0,46,5.2,Semi-Furnished,1.0,1,0,0,1,4.43,1.7,Sale,990.69
Airoli,Navi Mumbai,Apartment,2,2,1064.3,32.0,34,14.0,Semi-Furnished,0.0,1,0,0,0,0.58,1.19,Rent,44000.0
Andheri West,Mumbai,Apartment,3,3,1864.5,19.0,28,39.4,Semi-Furnished,2.0,1,1,0,1,0.86,0.9,Sale,299.82
Nerul,Navi Mumbai,Apartment,3,3,1295.2,26.0,38,0.6,Semi-Furnished,1.0,1,0,0,0,0.7,1.46,Rent,69000.0
Andheri West,Mumbai,Villa,5,5,2852.9,20.0,24,13.9,Semi-Furnished,1.0,1,0,0,1,1.98,2.98,Rent,489000.0
Nerul,Navi Mumbai,Apartment,1,2,480.2,0.0,10,5.0,Semi-Furnished,2.0,1,1,0,0,1.31,1.51,Rent,18000.0
Malad West,Mumbai,Penthouse,3,4,1373.5,,31,,Unfurnished,,1,0,0,0,,2.68,Sale,213.72
Airoli,Navi Mumbai,Penthouse,4,4,1873.0,32.0,36,0.5,Unfurnished,2.0,1,0,0,0,0.51,3.41,Sale,287.45
Kopar Khairane,Navi Mumbai,Penthouse,5,5,2984.0,28.0,41,2.3,Unfurnished,1.0,1,0,0,0,1.81,1.3,Sale,466.94
Andheri East,Mumbai,Row House,5,6,2487.2,28.0,39,22.6,Semi-Furnished,1.0,1,0,0,0,0.57,2.99,Sale,475.17
Dadar,Mumbai,Row House,4,4,1619.7,25.0,38,2.4,Unfurnished,2.0,1,1,0,0,0.56,0.45,Rent,260000.0
Ulwe,Navi Mumbai,Apartment,2,3,1175.6,27.0,41,0.0,Semi-Furnished,0.0,1,1,1,0,0.04,0.31,Sale,81.19
Worli,Mumbai,Row House,4,4,2224.8,1.0,15,7.3,Fully Furnished,1.0,1,1,1,0,0.95,1.77,Sale,942.6
Airoli,Navi Mumbai,Apartment,3,3,1169.2,19.0,21,,Unfurnished,1.0,1,0,0,1,0.28,2.84,Rent,52000.0
Chembur,Mumbai,Apartment,3,3,1428.5,13.0,20,0.6,Unfurnished,1.0,1,1,1,1,3.01,1.79,Sale,183.19
Thane West,Mumbai,Villa,3,4,1562.1,0.0,5,4.0,Fully Furnished,0.0,1,0,0,0,0.69,2.3,Sale,291.92
Borivali West,Mumbai,Apartment,4,4,1911.4,32.0,37,6.7,Fully Furnished,1.0,1,0,0,1,2.25,1.57,Rent,150000.0
Powai,Mumbai,Villa,4,5,1705.1,2.0,4,16.7,Unfurnished,1.0,0,1,0,1,0.72,0.6,Sale,357.72
Panvel,Navi Mumbai,Apartment,1,1,605.1,31.0,45,4.8,Semi-Furnished,0.0,1,0,0,1,0.07,0.34,Rent,18000.0
Thane West,Mumbai,Apartment,1,1,444.4,26.0,35,0.4,Fully Furnished,0.0,1,0,0,1,0.29,3.46,Sale,51.83
Lower Parel,Mumbai,Villa,3,4,1710.8,12.0,13,6.0,Fully Furnished,1.0,1,0,0,1,0.56,2.22,Rent,444000.0
Worli,Mumbai,Row House,4,5,2000.3,27.0,31,1.2,Semi-Furnished,1.0,1,0,0,1,0.87,3.04,Sale,829.75
Chembur,Mumbai,Villa,3,3,1312.9,21.0,35,1.6,Semi-Furnished,0.0,1,0,0,1,0.18,2.74,Sale,281.52
Airoli,Navi Mumbai,Apartment,2,2,1036.7,18.0,26,1.3,Fully Furnished,2.0,1,0,0,1,0.68,1.7,Sale,102.3
Ulwe,Navi Mumbai,Apartment,3,4,1224.1,26.0,36,5.6,Fully Furnished,0.0,1,1,0,0,0.17,1.26,Sale,80.83
Kurla,Mumbai,Row House,4,5,2261.7,15.0,23,4.2,Unfurnished,2.0,1,0,0,1,1.02,2.72,Rent,148000.0
